#
# A fatal error has been detected by the Java Runtime Environment:
#
#  EXCEPTION_ACCESS_VIOLATION (0xc0000005) at pc=0x00007ffeb193c4b9, pid=15336, tid=13252
#
# JRE version: OpenJDK Runtime Environment JBR-21.0.10+1-1163.108-jcef (21.0.10+1) (build 21.0.10+1-b1163.108)
# Java VM: OpenJDK 64-Bit Server VM JBR-21.0.10+1-1163.108-jcef (21.0.10+1-b1163.108, mixed mode, sharing, tiered, compressed oops, compressed class ptrs, g1 gc, windows-amd64)
# Problematic frame:
# V  [jvm.dll+0x23c4b9]  CodeCache::make_marked_nmethods_deoptimized+0x149
#
# No core dump will be written. Minidumps are not enabled by default on client versions of Windows
#
# If you would like to submit a bug report, please visit:
#   https://youtrack.jetbrains.com/issues/JBR
#

---------------  S U M M A R Y ------------

Command Line: --add-opens=java.base/java.lang=ALL-UNNAMED --add-opens=java.base/java.lang.invoke=ALL-UNNAMED --add-opens=java.base/java.util=ALL-UNNAMED --add-opens=java.prefs/java.util.prefs=ALL-UNNAMED --add-exports=jdk.compiler/com.sun.tools.javac.api=ALL-UNNAMED --add-exports=jdk.compiler/com.sun.tools.javac.util=ALL-UNNAMED --add-opens=java.base/java.util=ALL-UNNAMED --add-opens=java.prefs/java.util.prefs=ALL-UNNAMED --add-opens=java.base/java.nio.charset=ALL-UNNAMED --add-opens=java.base/java.net=ALL-UNNAMED --add-opens=java.base/java.util.concurrent=ALL-UNNAMED --add-opens=java.base/java.util.concurrent.atomic=ALL-UNNAMED --add-opens=java.xml/javax.xml.namespace=ALL-UNNAMED --add-opens=java.base/java.time=ALL-UNNAMED -Xmx4096m -Dfile.encoding=UTF-8 -Duser.country=AR -Duser.language=es -Duser.variant -javaagent:C:\Users\maxin\.gradle\wrapper\dists\gradle-9.4.1-bin\arn2x92ynaizyzdaamcbpbhtj\gradle-9.4.1\lib\agents\gradle-instrumentation-agent-9.4.1.jar org.gradle.launcher.daemon.bootstrap.GradleDaemon 9.4.1

Host: AMD Ryzen 9 9950X 16-Core Processor            , 32 cores, 31G,  Windows 11 , 64 bit Build 26100 (10.0.26100.8875)
Time: Wed Aug  5 13:45:21 2026 Hora estándar de Argentina elapsed time: 6.532855 seconds (0d 0h 0m 6s)

---------------  T H R E A D  ---------------

Current thread (0x000002a801e09a30):  JavaThread "Execution worker Thread 20"        [_thread_in_vm, id=13252, stack(0x000000e3a3000000,0x000000e3a3100000) (1024K)]

Stack: [0x000000e3a3000000,0x000000e3a3100000],  sp=0x000000e3a30fbff0,  free space=1007k
Native frames: (J=compiled Java code, j=interpreted, Vv=VM code, C=native code)
V  [jvm.dll+0x23c4b9]  CodeCache::make_marked_nmethods_deoptimized+0x149  (codeCache.cpp:1377)
V  [jvm.dll+0x297602]  Deoptimization::deoptimize_all_marked+0x62  (deoptimization.cpp:1048)
V  [jvm.dll+0x297ed2]  DeoptimizationScope::deoptimize_marked+0x1b2  (deoptimization.cpp:201)
V  [jvm.dll+0x3d089d]  InstanceKlass::add_to_hierarchy+0x12d  (instanceKlass.cpp:1298)
V  [jvm.dll+0x841152]  SystemDictionary::define_instance_class+0x1b2  (systemDictionary.cpp:1445)
V  [jvm.dll+0x842d70]  SystemDictionary::find_or_define_helper+0x140  (systemDictionary.cpp:1524)
V  [jvm.dll+0x84499c]  SystemDictionary::resolve_class_from_stream+0x16c  (systemDictionary.cpp:911)
V  [jvm.dll+0x844a8b]  SystemDictionary::resolve_from_stream+0x3b  (systemDictionary.cpp:941)
V  [jvm.dll+0x4844b7]  jvm_define_class_common+0x2a7  (jvm.cpp:908)
V  [jvm.dll+0x48a2f8]  JVM_DefineClassWithSource+0xb8  (jvm.cpp:1078)
C  [java.dll+0x17ec]

Java frames: (J=compiled Java code, j=interpreted, Vv=VM code)
J 1001  java.lang.ClassLoader.defineClass1(Ljava/lang/ClassLoader;Ljava/lang/String;[BIILjava/security/ProtectionDomain;Ljava/lang/String;)Ljava/lang/Class; java.base@21.0.10 (0 bytes) @ 0x000002a8252d5611 [0x000002a8252d5540+0x00000000000000d1]
J 11370 c2 java.security.SecureClassLoader.defineClass(Ljava/lang/String;[BIILjava/security/CodeSource;)Ljava/lang/Class; java.base@21.0.10 (16 bytes) @ 0x000002a8258b1474 [0x000002a8258b0e40+0x0000000000000634]
J 13408 c2 java.net.URLClassLoader$1.run()Ljava/lang/Class; java.base@21.0.10 (81 bytes) @ 0x000002a8259f1d00 [0x000002a8259f0d60+0x0000000000000fa0]
J 10350 c2 java.net.URLClassLoader$1.run()Ljava/lang/Object; java.base@21.0.10 (5 bytes) @ 0x000002a8257f8de0 [0x000002a8257f8da0+0x0000000000000040]
J 10158 c2 java.net.URLClassLoader.findClass(Ljava/lang/String;)Ljava/lang/Class; java.base@21.0.10 (47 bytes) @ 0x000002a825458ae8 [0x000002a825458a20+0x00000000000000c8]
J 4816 c2 java.lang.ClassLoader.loadClass(Ljava/lang/String;Z)Ljava/lang/Class; java.base@21.0.10 (121 bytes) @ 0x000002a8252b64d8 [0x000002a8252b61a0+0x0000000000000338]
J 3772 c2 java.lang.ClassLoader.loadClass(Ljava/lang/String;)Ljava/lang/Class; java.base@21.0.10 (7 bytes) @ 0x000002a8254c0dec [0x000002a8254c0da0+0x000000000000004c]
v  ~StubRoutines::call_stub 0x000002a824a910e7
j  org.gradle.internal.operations.DefaultBuildOperationRunner.start(Lorg/gradle/internal/operations/BuildOperationDescriptor$Builder;)Lorg/gradle/internal/operations/BuildOperationContext;+2
j  org.gradle.api.internal.tasks.execution.TaskExecution.markLegacySnapshottingInputsStarted()V+47
j  org.gradle.internal.execution.steps.legacy.MarkSnapshottingInputsStartedStep.execute(Lorg/gradle/internal/execution/UnitOfWork;Lorg/gradle/internal/execution/steps/Context;)Lorg/gradle/internal/execution/steps/Result;+1
j  org.gradle.internal.execution.steps.LoadPreviousExecutionStateStep.executeMutable(Lorg/gradle/internal/execution/MutableUnitOfWork;Lorg/gradle/internal/execution/steps/WorkspaceContext;)Lorg/gradle/internal/execution/steps/AfterExecutionResult;+44
j  org.gradle.internal.execution.steps.LoadPreviousExecutionStateStep.executeMutable(Lorg/gradle/internal/execution/MutableUnitOfWork;Lorg/gradle/internal/execution/steps/Context;)Lorg/gradle/internal/execution/steps/Result;+6
j  org.gradle.internal.execution.steps.MutableStep.execute(Lorg/gradle/internal/execution/UnitOfWork;Lorg/gradle/internal/execution/steps/Context;)Lorg/gradle/internal/execution/steps/Result;+6
j  org.gradle.internal.execution.steps.HandleStaleOutputsStep.executeMutable(Lorg/gradle/internal/execution/MutableUnitOfWork;Lorg/gradle/internal/execution/steps/WorkspaceContext;)Lorg/gradle/internal/execution/steps/AfterExecutionResult;+21
j  org.gradle.internal.execution.steps.HandleStaleOutputsStep.executeMutable(Lorg/gradle/internal/execution/MutableUnitOfWork;Lorg/gradle/internal/execution/steps/Context;)Lorg/gradle/internal/execution/steps/Result;+6
j  org.gradle.internal.execution.steps.MutableStep.execute(Lorg/gradle/internal/execution/UnitOfWork;Lorg/gradle/internal/execution/steps/Context;)Lorg/gradle/internal/execution/steps/Result;+6
j  org.gradle.internal.execution.steps.AssignMutableWorkspaceStep.lambda$executeMutable$0(Lorg/gradle/internal/execution/steps/IdentityContext;Lorg/gradle/internal/execution/MutableUnitOfWork;Ljava/io/File;)Lorg/gradle/internal/execution/steps/WorkspaceResult;+18
j  org.gradle.internal.execution.steps.AssignMutableWorkspaceStep$$Lambda+0x000002a83a0cbd60.executeInWorkspace(Ljava/io/File;)Ljava/lang/Object;+13
j  org.gradle.api.internal.tasks.execution.TaskExecution$4.withWorkspace(Ljava/lang/String;Lorg/gradle/internal/execution/workspace/MutableWorkspaceProvider$WorkspaceAction;)Ljava/lang/Object;+2
j  org.gradle.internal.execution.steps.AssignMutableWorkspaceStep.executeMutable(Lorg/gradle/internal/execution/MutableUnitOfWork;Lorg/gradle/internal/execution/steps/IdentityContext;)Lorg/gradle/internal/execution/steps/WorkspaceResult;+23
j  org.gradle.internal.execution.steps.AssignMutableWorkspaceStep.executeMutable(Lorg/gradle/internal/execution/MutableUnitOfWork;Lorg/gradle/internal/execution/steps/Context;)Lorg/gradle/internal/execution/steps/Result;+6
j  org.gradle.internal.execution.steps.MutableStep.execute(Lorg/gradle/internal/execution/UnitOfWork;Lorg/gradle/internal/execution/steps/Context;)Lorg/gradle/internal/execution/steps/Result;+6
J 9477 c1 org.gradle.internal.execution.steps.ChoosePipelineStep.execute(Lorg/gradle/internal/execution/UnitOfWork;Lorg/gradle/internal/execution/steps/IdentityContext;)Lorg/gradle/internal/execution/steps/Result; (71 bytes) @ 0x000002a81e74f3dc [0x000002a81e74eda0+0x000000000000063c]
J 9476 c1 org.gradle.internal.execution.steps.ChoosePipelineStep.execute(Lorg/gradle/internal/execution/UnitOfWork;Lorg/gradle/internal/execution/steps/Context;)Lorg/gradle/internal/execution/steps/Result; (10 bytes) @ 0x000002a81e742e3c [0x000002a81e742cc0+0x000000000000017c]
j  org.gradle.internal.execution.steps.ExecuteWorkBuildOperationFiringStep.lambda$execute$2(Lorg/gradle/internal/execution/UnitOfWork;Lorg/gradle/internal/execution/steps/IdentityContext;)Lorg/gradle/internal/execution/steps/CachingResult;+6
j  org.gradle.internal.execution.steps.ExecuteWorkBuildOperationFiringStep$$Lambda+0x000002a839534ed0.get()Ljava/lang/Object;+12
J 9475 c1 org.gradle.internal.execution.steps.ExecuteWorkBuildOperationFiringStep.execute(Lorg/gradle/internal/execution/UnitOfWork;Lorg/gradle/internal/execution/steps/Context;)Lorg/gradle/internal/execution/steps/Result; (10 bytes) @ 0x000002a81e749d1c [0x000002a81e748d40+0x0000000000000fdc]
J 9473 c1 org.gradle.internal.execution.steps.IdentityCacheStep.execute(Lorg/gradle/internal/execution/UnitOfWork;Lorg/gradle/internal/execution/steps/IdentityContext;)Lorg/gradle/internal/execution/steps/WorkspaceResult; (15 bytes) @ 0x000002a81e742354 [0x000002a81e742240+0x0000000000000114]
j  org.gradle.internal.execution.steps.IdentityCacheStep.execute(Lorg/gradle/internal/execution/UnitOfWork;Lorg/gradle/internal/execution/steps/Context;)Lorg/gradle/internal/execution/steps/Result;+6
j  org.gradle.internal.execution.steps.IdentifyStep.execute(Lorg/gradle/internal/execution/UnitOfWork;Lorg/gradle/internal/execution/steps/ExecutionRequestContext;)Lorg/gradle/internal/execution/steps/Result;+11
j  org.gradle.internal.execution.steps.IdentifyStep.execute(Lorg/gradle/internal/execution/UnitOfWork;Lorg/gradle/internal/execution/steps/Context;)Lorg/gradle/internal/execution/steps/Result;+6
j  org.gradle.internal.execution.impl.DefaultExecutionEngine$1.execute()Lorg/gradle/internal/execution/ExecutionEngine$Result;+15
j  org.gradle.api.internal.tasks.execution.ExecuteActionsTaskExecuter.executeIfValid(Lorg/gradle/api/internal/TaskInternal;Lorg/gradle/api/internal/tasks/TaskStateInternal;Lorg/gradle/api/internal/tasks/TaskExecutionContext;Lorg/gradle/api/internal/tasks/execution/TaskExecution;)Lorg/gradle/api/internal/tasks/TaskExecuterResult;+54
j  org.gradle.api.internal.tasks.execution.ExecuteActionsTaskExecuter.execute(Lorg/gradle/api/internal/TaskInternal;Lorg/gradle/api/internal/tasks/TaskStateInternal;Lorg/gradle/api/internal/tasks/TaskExecutionContext;)Lorg/gradle/api/internal/tasks/TaskExecuterResult;+69
j  org.gradle.api.internal.tasks.execution.ProblemsTaskPathTrackingTaskExecuter.execute(Lorg/gradle/api/internal/TaskInternal;Lorg/gradle/api/internal/tasks/TaskStateInternal;Lorg/gradle/api/internal/tasks/TaskExecutionContext;)Lorg/gradle/api/internal/tasks/TaskExecuterResult;+29
j  org.gradle.api.internal.tasks.execution.ResolveTaskExecutionModeExecuter.execute(Lorg/gradle/api/internal/TaskInternal;Lorg/gradle/api/internal/tasks/TaskStateInternal;Lorg/gradle/api/internal/tasks/TaskExecutionContext;)Lorg/gradle/api/internal/tasks/TaskExecuterResult;+56
j  org.gradle.api.internal.tasks.execution.FinalizePropertiesTaskExecuter.execute(Lorg/gradle/api/internal/TaskInternal;Lorg/gradle/api/internal/tasks/TaskStateInternal;Lorg/gradle/api/internal/tasks/TaskExecutionContext;)Lorg/gradle/api/internal/tasks/TaskExecuterResult;+61
j  org.gradle.api.internal.tasks.execution.SkipTaskWithNoActionsExecuter.execute(Lorg/gradle/api/internal/TaskInternal;Lorg/gradle/api/internal/tasks/TaskStateInternal;Lorg/gradle/api/internal/tasks/TaskExecutionContext;)Lorg/gradle/api/internal/tasks/TaskExecuterResult;+120
j  org.gradle.api.internal.tasks.execution.SkipOnlyIfTaskExecuter.execute(Lorg/gradle/api/internal/TaskInternal;Lorg/gradle/api/internal/tasks/TaskStateInternal;Lorg/gradle/api/internal/tasks/TaskExecutionContext;)Lorg/gradle/api/internal/tasks/TaskExecuterResult;+199
j  org.gradle.api.internal.tasks.execution.CatchExceptionTaskExecuter.execute(Lorg/gradle/api/internal/TaskInternal;Lorg/gradle/api/internal/tasks/TaskStateInternal;Lorg/gradle/api/internal/tasks/TaskExecutionContext;)Lorg/gradle/api/internal/tasks/TaskExecuterResult;+7
j  org.gradle.api.internal.tasks.execution.EventFiringTaskExecuter$1.executeTask(Lorg/gradle/internal/operations/BuildOperationContext;)Lorg/gradle/api/internal/tasks/TaskExecuterResult;+136
j  org.gradle.api.internal.tasks.execution.EventFiringTaskExecuter$1.call(Lorg/gradle/internal/operations/BuildOperationContext;)Lorg/gradle/api/internal/tasks/TaskExecuterResult;+2
j  org.gradle.api.internal.tasks.execution.EventFiringTaskExecuter$1.call(Lorg/gradle/internal/operations/BuildOperationContext;)Ljava/lang/Object;+2
J 9451 c1 org.gradle.internal.operations.DefaultBuildOperationRunner$CallableBuildOperationWorker.execute(Lorg/gradle/internal/operations/BuildOperation;Lorg/gradle/internal/operations/BuildOperationContext;)V (10 bytes) @ 0x000002a81e73bacc [0x000002a81e73b860+0x000000000000026c]
J 9040 c1 org.gradle.internal.operations.DefaultBuildOperationRunner$2.execute(Lorg/gradle/internal/operations/BuildOperationDescriptor;Lorg/gradle/internal/operations/BuildOperationState;Lorg/gradle/internal/operations/BuildOperationState;Lorg/gradle/internal/operations/DefaultBuildOperationRunner$ReadableBuildOperationContext;Lorg/gradle/internal/operations/DefaultBuildOperationRunner$BuildOperationExecutionListener;)Lorg/gradle/internal/operations/BuildOperation; (110 bytes) @ 0x000002a81e6573cc [0x000002a81e6571c0+0x000000000000020c]
J 9052 c1 org.gradle.internal.operations.DefaultBuildOperationRunner$2.execute(Lorg/gradle/internal/operations/BuildOperationDescriptor;Lorg/gradle/internal/operations/BuildOperationState;Lorg/gradle/internal/operations/BuildOperationState;Lorg/gradle/internal/operations/DefaultBuildOperationRunner$ReadableBuildOperationContext;Lorg/gradle/internal/operations/DefaultBuildOperationRunner$BuildOperationExecutionListener;)Ljava/lang/Object; (12 bytes) @ 0x000002a81e660e3c [0x000002a81e660dc0+0x000000000000007c]
J 8690 c1 org.gradle.internal.operations.DefaultBuildOperationRunner.execute(Lorg/gradle/internal/operations/BuildOperationDescriptor$Builder;Lorg/gradle/internal/operations/DefaultBuildOperationRunner$BuildOperationExecution;)Ljava/lang/Object; (147 bytes) @ 0x000002a81e59fc04 [0x000002a81e59ed40+0x0000000000000ec4]
J 8688 c1 org.gradle.internal.operations.DefaultBuildOperationRunner.execute(Lorg/gradle/internal/operations/BuildOperation;Lorg/gradle/internal/operations/BuildOperationWorker;)V (22 bytes) @ 0x000002a81e599194 [0x000002a81e598ee0+0x00000000000002b4]
J 9369 c1 org.gradle.internal.operations.DefaultBuildOperationRunner.call(Lorg/gradle/internal/operations/CallableBuildOperation;)Ljava/lang/Object; (20 bytes) @ 0x000002a81e709484 [0x000002a81e7092e0+0x00000000000001a4]
j  org.gradle.api.internal.tasks.execution.EventFiringTaskExecuter.execute(Lorg/gradle/api/internal/TaskInternal;Lorg/gradle/api/internal/tasks/TaskStateInternal;Lorg/gradle/api/internal/tasks/TaskExecutionContext;)Lorg/gradle/api/internal/tasks/TaskExecuterResult;+15
j  org.gradle.execution.plan.DefaultNodeExecutor.executeLocalTaskNode(Lorg/gradle/execution/plan/Node;Lorg/gradle/api/internal/tasks/NodeExecutionContext;Lorg/gradle/execution/plan/LocalTaskNode;)V+73
j  org.gradle.execution.plan.DefaultNodeExecutor.execute(Lorg/gradle/execution/plan/Node;Lorg/gradle/api/internal/tasks/NodeExecutionContext;)Z+32
j  org.gradle.execution.taskgraph.DefaultTaskExecutionGraph$InvokeNodeExecutorsAction.execute(Lorg/gradle/execution/plan/Node;)V+18
j  org.gradle.execution.taskgraph.DefaultTaskExecutionGraph$InvokeNodeExecutorsAction.execute(Ljava/lang/Object;)V+5
j  org.gradle.execution.taskgraph.DefaultTaskExecutionGraph$BuildOperationAwareExecutionAction.lambda$execute$0(Lorg/gradle/execution/plan/Node;)V+5
j  org.gradle.execution.taskgraph.DefaultTaskExecutionGraph$BuildOperationAwareExecutionAction$$Lambda+0x000002a83a090240.run()V+8
j  org.gradle.internal.operations.CurrentBuildOperationRef.with(Lorg/gradle/internal/operations/BuildOperationRef;Ljava/lang/Runnable;)V+11
j  org.gradle.execution.taskgraph.DefaultTaskExecutionGraph$BuildOperationAwareExecutionAction.execute(Lorg/gradle/execution/plan/Node;)V+14
j  org.gradle.execution.taskgraph.DefaultTaskExecutionGraph$BuildOperationAwareExecutionAction.execute(Ljava/lang/Object;)V+5
j  org.gradle.execution.plan.DefaultPlanExecutor$ExecutorWorker.execute(Ljava/lang/Object;Lorg/gradle/execution/plan/WorkSource;Lorg/gradle/api/Action;)V+14
j  org.gradle.execution.plan.DefaultPlanExecutor$ExecutorWorker.run()V+75
J 5610 c1 org.gradle.internal.concurrent.ExecutorPolicy$CatchAndRecordFailures.onExecute(Ljava/lang/Runnable;)V (29 bytes) @ 0x000002a81e005884 [0x000002a81e005760+0x0000000000000124]
j  org.gradle.internal.concurrent.AbstractManagedExecutor$1.run()V+25
j  java.util.concurrent.ThreadPoolExecutor.runWorker(Ljava/util/concurrent/ThreadPoolExecutor$Worker;)V+92 java.base@21.0.10
j  java.util.concurrent.ThreadPoolExecutor$Worker.run()V+5 java.base@21.0.10
j  java.lang.Thread.runWith(Ljava/lang/Object;Ljava/lang/Runnable;)V+5 java.base@21.0.10
j  java.lang.Thread.run()V+19 java.base@21.0.10
v  ~StubRoutines::call_stub 0x000002a824a910e7

siginfo: EXCEPTION_ACCESS_VIOLATION (0xc0000005), reading address 0x00007fecb21a410b


Registers:
RAX=0x00007fecb21a3f13, RBX=0x00007ffeb23d9c20, RCX=0x000002a81e27d990, RDX=0x000002a81e27d980
RSP=0x000000e3a30fbff0, RBP=0x000000e3a30fc050, RSI=0x000002a81e27d990, RDI=0x000002a8191dba30
R8 =0x000002a81e27d990, R9 =0x000002a8191dba30, R10=0x000000e399c8a000, R11=0x000000e3a30fbdf0
R12=0x0000000000000070, R13=0x0000000000000020, R14=0x0000000000000001, R15=0x000002a80496e7e0
RIP=0x00007ffeb193c4b9, EFLAGS=0x0000000000010206

XMM[0]=0x000000e300000002 0x000002a816bd5630
XMM[1]=0x0000000000000000 0x0000101000000000
XMM[2]=0xb01500b72d2c2b05 0x1904192a591300bb
XMM[3]=0x7265704f646c6975 0x42746c7561666544
XMM[4]=0x6974617265704f64 0x6c697542656c6261
XMM[5]=0x65704f646c697542 0x2f736e6f69746172
XMM[6]=0x28f6962336d85b32 0x8a8a8b0e1533e23c
XMM[7]=0x72d8dcf3146e0cc1 0x27e809b0fa8303a8
XMM[8]=0x76ce9f253764499b 0x03408b43a1d0de1c
XMM[9]=0xe4df8a1ae4df8a1a 0xe4df8a1a457a0dec
XMM[10]=0x0000000000000000 0x00000000609a83d2
XMM[11]=0xdb02fb42db02fb42 0xdb02fb42207d092e
XMM[12]=0x0000000000000000 0x00000000457a0dec
XMM[13]=0x0000000000000000 0x0000000000000000
XMM[14]=0x0000000000000000 0x0000000000000000
XMM[15]=0x0000000000000000 0x0000000000000000
  MXCSR=0x00001fa0


Register to memory mapping:

RAX=0x00007fecb21a3f13 is an unknown value
RBX=0x00007ffeb23d9c20 jvm.dll::CodeCache_lock_storage + 0x0
RCX=0x000002a81e27d990 is at entry_point+-1552 in (nmethod*)0x000002a81e27d990
Compiled method (c1) 6562 11979       3       kotlin.reflect.jvm.internal.impl.metadata.ProtoBuf$Type::getSerializedSize (435 bytes)
 total in heap  [0x000002a81e27d990,0x000002a81e281fb0] = 17952
 relocation     [0x000002a81e27daf0,0x000002a81e27dfa0] = 1200
 main code      [0x000002a81e27dfa0,0x000002a81e280d60] = 11712
 stub code      [0x000002a81e280d60,0x000002a81e280e38] = 216
 oops           [0x000002a81e280e38,0x000002a81e280e40] = 8
 metadata       [0x000002a81e280e40,0x000002a81e280e90] = 80
 scopes data    [0x000002a81e280e90,0x000002a81e2817a8] = 2328
 scopes pcs     [0x000002a81e2817a8,0x000002a81e281f38] = 1936
 dependencies   [0x000002a81e281f38,0x000002a81e281f50] = 24
 nul chk table  [0x000002a81e281f50,0x000002a81e281fb0] = 96
RDX=0x000002a81e27d980 points into unknown readable memory: 0x000000000000008d | 8d 00 00 00 00 00 00 00
RSP=0x000000e3a30fbff0 is pointing into the stack for thread: 0x000002a801e09a30
RBP=0x000000e3a30fc050 is pointing into the stack for thread: 0x000002a801e09a30
RSI=0x000002a81e27d990 is at entry_point+-1552 in (nmethod*)0x000002a81e27d990
Compiled method (c1) 6564 11979       3       kotlin.reflect.jvm.internal.impl.metadata.ProtoBuf$Type::getSerializedSize (435 bytes)
 total in heap  [0x000002a81e27d990,0x000002a81e281fb0] = 17952
 relocation     [0x000002a81e27daf0,0x000002a81e27dfa0] = 1200
 main code      [0x000002a81e27dfa0,0x000002a81e280d60] = 11712
 stub code      [0x000002a81e280d60,0x000002a81e280e38] = 216
 oops           [0x000002a81e280e38,0x000002a81e280e40] = 8
 metadata       [0x000002a81e280e40,0x000002a81e280e90] = 80
 scopes data    [0x000002a81e280e90,0x000002a81e2817a8] = 2328
 scopes pcs     [0x000002a81e2817a8,0x000002a81e281f38] = 1936
 dependencies   [0x000002a81e281f38,0x000002a81e281f50] = 24
 nul chk table  [0x000002a81e281f50,0x000002a81e281fb0] = 96
RDI=0x000002a8191dba30 points into unknown readable memory: 0x000002a81d680000 | 00 00 68 1d a8 02 00 00
R8 =0x000002a81e27d990 is at entry_point+-1552 in (nmethod*)0x000002a81e27d990
Compiled method (c1) 6566 11979       3       kotlin.reflect.jvm.internal.impl.metadata.ProtoBuf$Type::getSerializedSize (435 bytes)
 total in heap  [0x000002a81e27d990,0x000002a81e281fb0] = 17952
 relocation     [0x000002a81e27daf0,0x000002a81e27dfa0] = 1200
 main code      [0x000002a81e27dfa0,0x000002a81e280d60] = 11712
 stub code      [0x000002a81e280d60,0x000002a81e280e38] = 216
 oops           [0x000002a81e280e38,0x000002a81e280e40] = 8
 metadata       [0x000002a81e280e40,0x000002a81e280e90] = 80
 scopes data    [0x000002a81e280e90,0x000002a81e2817a8] = 2328
 scopes pcs     [0x000002a81e2817a8,0x000002a81e281f38] = 1936
 dependencies   [0x000002a81e281f38,0x000002a81e281f50] = 24
 nul chk table  [0x000002a81e281f50,0x000002a81e281fb0] = 96
R9 =0x000002a8191dba30 points into unknown readable memory: 0x000002a81d680000 | 00 00 68 1d a8 02 00 00
R10=0x000000e399c8a000 points into unknown readable memory: 0x0000000000000000 | 00 00 00 00 00 00 00 00
R11=0x000000e3a30fbdf0 is pointing into the stack for thread: 0x000002a801e09a30
R12=0x0000000000000070 is an unknown value
R13=0x0000000000000020 is an unknown value
R14=0x0000000000000001 is an unknown value
R15=0x000002a80496e7e0 points into unknown readable memory: 0x000002a8020f7f10 | 10 7f 0f 02 a8 02 00 00

Top of Stack: (sp=0x000000e3a30fbff0)
0x000000e3a30fbff0:   00007ffeb23d9c20 00007ffeb23d9c20
0x000000e3a30fc000:   000002a87d43b5e0 00007ffeb23d9c20
0x000000e3a30fc010:   000002a816bd5630 000000e300000002
0x000000e3a30fc020:   000002a81e27d990 000002a816bd5630
0x000000e3a30fc030:   000000e300000001 000002a816bd5630
0x000000e3a30fc040:   000000e300000002 00007ffeb199dc92
0x000000e3a30fc050:   000002a800213038 00007ffeb1997602
0x000000e3a30fc060:   000002a803c0a580 000002a800212c60
0x000000e3a30fc070:   000002a800212c50 00000000000003d8
0x000000e3a30fc080:   000002a83a0d8700 000000000000004b
0x000000e3a30fc090:   000000e3a30fc150 00007ffeb1997ed2
0x000000e3a30fc0a0:   00007ffeb23d9ca0 0000000000000000
0x000000e3a30fc0b0:   000000000000004b 000002a83a0d8700
0x000000e3a30fc0c0:   000002a87d43b5e0 000002a87d43b5e0
0x000000e3a30fc0d0:   000002a80002ece8 000002a83a0d87d8
0x000000e3a30fc0e0:   0000000000000000 00007ffeb1ad089d
0x000000e3a30fc0f0:   00007ffeb23d9da0 000000e3a30fc209
0x000000e3a30fc100:   000002a801e09a30 00007ffeb23d9da0
0x000000e3a30fc110:   000000e3a30fc160 000002a801e09a30
0x000000e3a30fc120:   000002a801e09a30 000002a801e09a30
0x000000e3a30fc130:   000002a83a0d87d8 00007ffeb1f41152
0x000000e3a30fc140:   000002a837017bc8 000000070973ec68
0x000000e3a30fc150:   000000000000004b 000002a801e09a30
0x000000e3a30fc160:   000002a837017bc8 000002a801e09a30
0x000000e3a30fc170:   000002a8359d57b8 00007ffeb17c154e
0x000000e3a30fc180:   0000000000000000 00007ffeb1dddd61
0x000000e3a30fc190:   0000000000000018 000000000000000e
0x000000e3a30fc1a0:   00000000a30fbd50 0000000000000000
0x000000e3a30fc1b0:   0000000000000009 00000007006465f8
0x000000e3a30fc1c0:   000000070973ec68 0000000000000018
0x000000e3a30fc1d0:   000002a87d43b5e0 0000000000000000
0x000000e3a30fc1e0:   0000000000000000 0000000000000000 

Instructions: (pc=0x00007ffeb193c4b9)
0x00007ffeb193c3b9:   45 c0 8b 00 0f 11 45 d8 44 8b 75 e0 89 45 c8 0f
0x00007ffeb193c3c9:   10 45 c0 0f 11 45 e8 33 f6 48 89 75 d0 66 66 0f
0x00007ffeb193c3d9:   1f 84 00 00 00 00 00 48 8b 1d d9 a9 a9 00 48 85
0x00007ffeb193c3e9:   db 74 08 48 8b cb e8 5c d4 47 00 44 3b 75 f0 0f
0x00007ffeb193c3f9:   84 ce 00 00 00 48 8b 45 d8 49 63 ce 48 8b 78 08
0x00007ffeb193c409:   48 8b 3c cf 48 85 f6 75 25 48 8b cf e8 36 76 17
0x00007ffeb193c419:   00 48 8b d0 48 8b cf e8 3b 79 17 00 48 89 45 d0
0x00007ffeb193c429:   48 8b f0 48 85 c0 74 6b 80 78 5d 00 75 71 48 8b
0x00007ffeb193c439:   d6 48 8b cf e8 7e 72 17 00 48 8b d0 48 8b cf e8
0x00007ffeb193c449:   d3 78 17 00 48 8b d0 48 8b cf e8 08 79 17 00 48
0x00007ffeb193c459:   89 45 d0 48 8b f0 48 85 c0 74 33 80 7e 5d 00 75
0x00007ffeb193c469:   29 48 8b d6 48 8b cf e8 4b 72 17 00 48 8b d0 48
0x00007ffeb193c479:   8b cf e8 a0 78 17 00 48 8b d0 48 8b cf e8 d5 78
0x00007ffeb193c489:   17 00 48 8b f0 48 85 c0 75 d1 48 89 75 d0 48 85
0x00007ffeb193c499:   f6 75 0c 41 ff c6 44 89 75 e0 e9 4c ff ff ff 33
0x00007ffeb193c4a9:   c9 38 4e 5d 48 0f 45 ce 48 85 c9 74 11 48 8b 01
0x00007ffeb193c4b9:   ff 90 f8 01 00 00 84 c0 0f 85 2d ff ff ff 40 b7
0x00007ffeb193c4c9:   01 eb 03 40 32 ff 48 85 db 74 08 48 8b cb e8 14
0x00007ffeb193c4d9:   d5 47 00 40 84 ff 74 5e 0f b6 46 60 84 c0 74 08
0x00007ffeb193c4e9:   0f b6 46 60 3c 03 75 0d 44 8b 75 e0 48 8b 75 d0
0x00007ffeb193c4f9:   e9 e2 fe ff ff 48 8b 75 d0 48 8b 46 78 48 85 c0
0x00007ffeb193c509:   74 0a 8b 40 28 c1 e8 08 a8 01 74 09 44 8b 75 e0
0x00007ffeb193c519:   e9 c2 fe ff ff 48 8b 06 48 8b ce ff 90 d8 00 00
0x00007ffeb193c529:   00 48 8b 06 48 8b ce ff 90 08 01 00 00 44 8b 75
0x00007ffeb193c539:   e0 e9 a1 fe ff ff 4c 8d 5c 24 60 49 8b 5b 10 49
0x00007ffeb193c549:   8b 73 18 49 8b 7b 20 4d 8b 73 28 49 8b e3 5d c3
0x00007ffeb193c559:   cc cc cc cc cc cc cc 48 89 5c 24 08 48 89 6c 24
0x00007ffeb193c569:   10 48 89 74 24 18 48 89 7c 24 20 41 54 41 56 41
0x00007ffeb193c579:   57 48 83 ec 60 48 8b 1d 3b a8 a9 00 4c 8b e1 48
0x00007ffeb193c589:   85 db 74 08 48 8b cb e8 bb d2 47 00 48 8b 05 dc
0x00007ffeb193c599:   9b a7 00 45 33 ff 33 ed 45 33 f6 48 85 c0 74 36
0x00007ffeb193c5a9:   48 89 44 24 20 89 6c 24 28 0f 10 44 24 20 48 89 


Stack slot to memory mapping:

stack at sp + 0 slots: 0x00007ffeb23d9c20 jvm.dll::CodeCache_lock_storage + 0x0
stack at sp + 1 slots: 0x00007ffeb23d9c20 jvm.dll::CodeCache_lock_storage + 0x0
stack at sp + 2 slots: 0x000002a87d43b5e0 points into unknown readable memory: 0x000002a836644890 | 90 48 64 36 a8 02 00 00
stack at sp + 3 slots: 0x00007ffeb23d9c20 jvm.dll::CodeCache_lock_storage + 0x0
stack at sp + 4 slots: 0x000002a816bd5630 points into unknown readable memory: 0x0000000300000002 | 02 00 00 00 03 00 00 00
stack at sp + 5 slots: 0x000000e300000002 is an unknown value
stack at sp + 6 slots: 0x000002a81e27d990 is at entry_point+-1552 in (nmethod*)0x000002a81e27d990
Compiled method (c1) 6582 11979       3       kotlin.reflect.jvm.internal.impl.metadata.ProtoBuf$Type::getSerializedSize (435 bytes)
 total in heap  [0x000002a81e27d990,0x000002a81e281fb0] = 17952
 relocation     [0x000002a81e27daf0,0x000002a81e27dfa0] = 1200
 main code      [0x000002a81e27dfa0,0x000002a81e280d60] = 11712
 stub code      [0x000002a81e280d60,0x000002a81e280e38] = 216
 oops           [0x000002a81e280e38,0x000002a81e280e40] = 8
 metadata       [0x000002a81e280e40,0x000002a81e280e90] = 80
 scopes data    [0x000002a81e280e90,0x000002a81e2817a8] = 2328
 scopes pcs     [0x000002a81e2817a8,0x000002a81e281f38] = 1936
 dependencies   [0x000002a81e281f38,0x000002a81e281f50] = 24
 nul chk table  [0x000002a81e281f50,0x000002a81e281fb0] = 96
stack at sp + 7 slots: 0x000002a816bd5630 points into unknown readable memory: 0x0000000300000002 | 02 00 00 00 03 00 00 00


Compiled method (n/a) 6585 1001     n 0       java.lang.ClassLoader::defineClass1 (native)
 total in heap  [0x000002a8252d5390,0x000002a8252d5a28] = 1688
 relocation     [0x000002a8252d54f0,0x000002a8252d5528] = 56
 main code      [0x000002a8252d5540,0x000002a8252d5a27] = 1255
 stub code      [0x000002a8252d5a27,0x000002a8252d5a28] = 1

[Constant Pool (empty)]

[MachCode]
[Entry Point]
  # {method} {0x000002a837afb8e0} 'defineClass1' '(Ljava/lang/ClassLoader;Ljava/lang/String;[BIILjava/security/ProtectionDomain;Ljava/lang/String;)Ljava/lang/Class;' in 'java/lang/ClassLoader'
  # parm0:    rdx:rdx   = 'java/lang/ClassLoader'
  # parm1:    r8:r8     = 'java/lang/String'
  # parm2:    r9:r9     = '[B'
  # parm3:    rdi       = int
  # parm4:    rsi       = int
  # parm5:    rcx:rcx   = 'java/security/ProtectionDomain'
  # parm6:    [sp+0xa0]   = 'java/lang/String'  (sp of caller)
  0x000002a8252d5540: 448b 5208 | 49bb 0000 | 0037 a802 | 0000 4d03 | d349 3bc2 | 0f84 0600 

  0x000002a8252d5558: ;   {runtime_call ic_miss_stub}
  0x000002a8252d5558: 0000 e921 | 9480 ff90 
[Verified Entry Point]
  0x000002a8252d5560: 8984 2400 | 80ff ff55 | 488b ec48 | 81ec 9000 | 0000 6690 | 4181 7f20 | 0d00 0000 

  0x000002a8252d557c: ;   {runtime_call StubRoutines (final stubs)}
  0x000002a8252d557c: 7405 e85d | 2d7f ff48 | 837d 1000 | 488d 4510 | 480f 4445 | 1048 8944 | 2440 4889 | 4c24 7048 
  0x000002a8252d559c: 83f9 0048 | 8d44 2470 | 480f 4444 | 2470 4889 | 4424 3848 | 8974 2430 | 4889 7c24 | 284c 894c 
  0x000002a8252d55bc: 2458 4983 | f900 488d | 4424 5848 | 0f44 4424 | 5848 8944 | 2420 4c89 | 4424 5049 | 83f8 004c 
  0x000002a8252d55dc: 8d4c 2450 | 4c0f 444c | 2450 4889 | 5424 4848 | 83fa 004c | 8d44 2448 | 4c0f 4444 

  0x000002a8252d55f8: ;   {oop(a 'java/lang/Class'{0x00000007006bccc8} = 'java/lang/ClassLoader')}
  0x000002a8252d55f8: 2448 49be | c8cc 6b00 | 0700 0000 | 4c89 7424 | 784c 8d74 | 2478 498b | d6c5 f877 

  0x000002a8252d5614: ;   {internal_word}
  0x000002a8252d5614: 49ba 1156 | 2d25 a802 | 0000 4d89 | 97a8 0300 | 0049 89a7 | a003 0000 

  0x000002a8252d562c: ;   {external_word}
  0x000002a8252d562c: 49ba de10 | 3cb2 fe7f | 0000 4180 | 3a00 0f84 | 4e00 0000 | 5241 5041 

  0x000002a8252d5644: ;   {metadata({method} {0x000002a837afb8e0} 'defineClass1' '(Ljava/lang/ClassLoader;Ljava/lang/String;[BIILjava/security/ProtectionDomain;Ljava/lang/String;)Ljava/lang/Class;' in 'java/lang/ClassLoader')}
  0x000002a8252d5644: 5148 bad8 | b8af 37a8 | 0200 0049 | 8bcf 4883 | ec20 40f6 | c40f 0f84 | 1900 0000 | 4883 ec08 
  0x000002a8252d5664: ;   {runtime_call SharedRuntime::dtrace_method_exit}
  0x000002a8252d5664: 48b8 7043 | e5b1 fe7f | 0000 ffd0 | 4883 c408 | e90c 0000 

  0x000002a8252d5678: ;   {runtime_call SharedRuntime::dtrace_method_exit}
  0x000002a8252d5678: 0048 b870 | 43e5 b1fe | 7f00 00ff | d048 83c4 | 2041 5941 | 585a 498d | 8fc0 0300 | 0041 c787 
  0x000002a8252d5698: 4c04 0000 | 0400 0000 

  0x000002a8252d56a0: ;   {runtime_call}
  0x000002a8252d56a0: 48b8 ac16 | 5f7f ff7f | 0000 ffd0 | c5f8 7741 | c787 4c04 | 0000 0500 | 0000 f083 | 4424 c000 
  0x000002a8252d56c0: 493b af50 | 0400 000f | 870e 0000 | 0041 83bf | 4804 0000 | 000f 842b | 0000 00c5 | f877 4889 
  0x000002a8252d56e0: 45f8 498b | cf4c 8be4 | 4883 ec20 | 4883 e4f0 

  0x000002a8252d56f0: ;   {runtime_call JavaThread::check_special_condition_for_native_trans}
  0x000002a8252d56f0: 48b8 f007 | b0b1 fe7f | 0000 ffd0 | 498b e44d | 33e4 488b | 45f8 41c7 | 874c 0400 | 0008 0000 
  0x000002a8252d5710: 0041 83bf | c804 0000 | 020f 84db 

  0x000002a8252d571c: ;   {external_word}
  0x000002a8252d571c: 0200 0049 | bade 103c | b2fe 7f00 | 0041 803a | 000f 844c | 0000 0048 

  0x000002a8252d5734: ;   {metadata({method} {0x000002a837afb8e0} 'defineClass1' '(Ljava/lang/ClassLoader;Ljava/lang/String;[BIILjava/security/ProtectionDomain;Ljava/lang/String;)Ljava/lang/Class;' in 'java/lang/ClassLoader')}
  0x000002a8252d5734: 8945 f848 | bad8 b8af | 37a8 0200 | 0049 8bcf | 4883 ec20 | 40f6 c40f | 0f84 1900 | 0000 4883 
  0x000002a8252d5754: ;   {runtime_call SharedRuntime::dtrace_method_exit}
  0x000002a8252d5754: ec08 48b8 | 7043 e5b1 | fe7f 0000 | ffd0 4883 | c408 e90c 

  0x000002a8252d5768: ;   {runtime_call SharedRuntime::dtrace_method_exit}
  0x000002a8252d5768: 0000 0048 | b870 43e5 | b1fe 7f00 | 00ff d048 | 83c4 2048 | 8b45 f849 | c787 a003 | 0000 0000 
  0x000002a8252d5788: 0000 49c7 | 87a8 0300 | 0000 0000 | 00c5 f877 | 4885 c00f | 8436 0200 | 00a8 030f | 8508 0000 
  0x000002a8252d57a8: 0048 8b00 | e926 0200 | 00a8 010f | 8509 0000 | 0048 8b40 | fee9 1502 | 0000 488b | 40ff 4180 
  0x000002a8252d57c8: 7f40 000f | 8406 0200 | 0048 83f8 | 000f 84fc | 0100 0049 | 8b4f 2848 | 83f9 000f | 8414 0000 
  0x000002a8252d57e8: 0048 83e9 | 0849 894f | 2849 034f | 3848 8901 | e9da 0100 | 0048 81ec | f000 0000 | 4889 0424 
  0x000002a8252d5808: 4889 4c24 | 0848 8954 | 2410 4c89 | 4424 184c | 894c 2420 | 4c89 5424 | 284c 895c | 2430 c5fb 
  0x000002a8252d5828: 1144 2440 | c5fb 114c | 2448 c5fb | 1154 2450 | c5fb 115c | 2458 c5fb | 1164 2460 | c5fb 116c 
  0x000002a8252d5848: 2468 62e1 | ff08 1144 | 240e 62e1 | ff08 114c | 240f 62e1 | ff08 1154 | 2410 62e1 | ff08 115c 
  0x000002a8252d5868: ;   {no_reloc}
  0x000002a8252d5868: 2411 62e1 | ff08 1164 | 2412 62e1 | ff08 116c | 2413 62e1 | ff08 1174 | 2414 62e1 | ff08 117c 
  0x000002a8252d5888: 2415 6261 | ff08 1144 | 2416 6261 | ff08 114c | 2417 6261 | ff08 1154 | 2418 6261 | ff08 115c 
  0x000002a8252d58a8: 2419 6261 | ff08 1164 | 241a 6261 | ff08 116c | 241b 6261 | ff08 1174 | 241c 6261 | ff08 117c 
  0x000002a8252d58c8: 241d 498b | d748 8bc8 | 4883 ec20 | 40f6 c40f | 0f84 1900 | 0000 4883 

  0x000002a8252d58e0: ;   {runtime_call G1BarrierSetRuntime::write_ref_field_pre_entry}
  0x000002a8252d58e0: ec08 48b8 | 200d a3b1 | fe7f 0000 | ffd0 4883 | c408 e90c 

  0x000002a8252d58f4: ;   {runtime_call G1BarrierSetRuntime::write_ref_field_pre_entry}
  0x000002a8252d58f4: 0000 0048 | b820 0da3 | b1fe 7f00 | 00ff d048 | 83c4 2062 | 61ff 0810 | 7c24 1d62 | 61ff 0810 
  0x000002a8252d5914: 7424 1c62 | 61ff 0810 | 6c24 1b62 | 61ff 0810 | 6424 1a62 | 61ff 0810 | 5c24 1962 | 61ff 0810 
  0x000002a8252d5934: 5424 1862 | 61ff 0810 | 4c24 1762 | 61ff 0810 | 4424 1662 | e1ff 0810 | 7c24 1562 | e1ff 0810 
  0x000002a8252d5954: 7424 1462 | e1ff 0810 | 6c24 1362 | e1ff 0810 | 6424 1262 | e1ff 0810 | 5c24 1162 | e1ff 0810 
  0x000002a8252d5974: 5424 1062 | e1ff 0810 | 4c24 0f62 | e1ff 0810 | 4424 0ec5 | fb10 6c24 | 68c5 fb10 | 6424 60c5 
  0x000002a8252d5994: fb10 5c24 | 58c5 fb10 | 5424 50c5 | fb10 4c24 | 48c5 fb10 | 4424 404c | 8b5c 2430 | 4c8b 5424 
  0x000002a8252d59b4: 284c 8b4c | 2420 4c8b | 4424 1848 | 8b54 2410 | 488b 4c24 | 0848 8b04 | 2448 81c4 | f000 0000 
  0x000002a8252d59d4: c5f8 7749 | 8b8f 3004 | 0000 c781 | 0001 0000 | 0000 0000 | c949 837f | 0800 0f85 | 0100 0000 
  0x000002a8252d59f4: ;   {runtime_call StubRoutines (initial stubs)}
  0x000002a8252d59f4: c3e9 06b5 | 7bff c5f8 | 7748 8945 | f84c 8be4 | 4883 ec20 | 4883 e4f0 

  0x000002a8252d5a0c: ;   {runtime_call SharedRuntime::reguard_yellow_pages}
  0x000002a8252d5a0c: 48b8 c07a | e5b1 fe7f | 0000 ffd0 | 498b e44d | 33e4 488b | 45f8 e9f8 | fcff fff4 
[/MachCode]


Compiled method (c2) 6596 11370       4       java.security.SecureClassLoader::defineClass (16 bytes)
 total in heap  [0x000002a8258b0a10,0x000002a8258b5410] = 18944
 relocation     [0x000002a8258b0b70,0x000002a8258b0e30] = 704
 main code      [0x000002a8258b0e40,0x000002a8258b3850] = 10768
 stub code      [0x000002a8258b3850,0x000002a8258b3938] = 232
 oops           [0x000002a8258b3938,0x000002a8258b3950] = 24
 metadata       [0x000002a8258b3950,0x000002a8258b3bc0] = 624
 scopes data    [0x000002a8258b3bc0,0x000002a8258b49d0] = 3600
 scopes pcs     [0x000002a8258b49d0,0x000002a8258b4ff0] = 1568
 dependencies   [0x000002a8258b4ff0,0x000002a8258b5090] = 160
 handler table  [0x000002a8258b5090,0x000002a8258b5360] = 720
 nul chk table  [0x000002a8258b5360,0x000002a8258b5410] = 176

[Constant Pool (empty)]

[MachCode]
[Entry Point]
  # {method} {0x000002a83705a2b8} 'defineClass' '(Ljava/lang/String;[BIILjava/security/CodeSource;)Ljava/lang/Class;' in 'java/security/SecureClassLoader'
  # this:     rdx:rdx   = 'java/security/SecureClassLoader'
  # parm0:    r8:r8     = 'java/lang/String'
  # parm1:    r9:r9     = '[B'
  # parm2:    rdi       = int
  # parm3:    rsi       = int
  # parm4:    rcx:rcx   = 'java/security/CodeSource'
  #           [sp+0xd0]  (sp of caller)
  0x000002a8258b0e40: 448b 5208 | 49bb 0000 | 0037 a802 | 0000 4d03 | d349 3bc2 

  0x000002a8258b0e54: ;   {runtime_call ic_miss_stub}
  0x000002a8258b0e54: 0f85 26db | 22ff 6690 | 0f1f 4000 
[Verified Entry Point]
  0x000002a8258b0e60: 8984 2400 | 80ff ff55 | 4881 ecc0 | 0000 0090 | 4181 7f20 | 0d00 0000 | 0f85 c829 | 0000 8974 
  0x000002a8258b0e80: 243c 897c | 2438 4c89 | 4c24 304c | 8944 2420 | 4889 5424 | 2848 8be9 | 4885 c90f | 843f 1c00 
  0x000002a8258b0ea0: 004d 8b87 | b801 0000 | 4d8b d049 | 83c2 104d | 3b97 c801 | 0000 0f83 | 3116 0000 | 4d89 97b8 
  0x000002a8258b0ec0: 0100 0041 | 0f18 8200 | 0100 0049 | c700 0100 

  0x000002a8258b0ed0: ;   {metadata('java/security/SecureClassLoader$CodeSourceKey')}
  0x000002a8258b0ed0: 0000 41c7 | 4008 1065 | 1900 4c8b | dd49 c1eb | 0345 8958 | 0c4d 8b8f | b801 0000 | 4c8b 5424 
  0x000002a8258b0ef0: 2841 8b6a | 504d 8bd1 | 4983 c210 | 4d3b 97c8 | 0100 000f | 83b7 1500 | 004d 8997 | b801 0000 
  0x000002a8258b0f10: 410f 1882 | 0001 0000 | 49c7 0101 

  0x000002a8258b0f1c: ;   {metadata('java/security/SecureClassLoader$1')}
  0x000002a8258b0f1c: 0000 0041 | c741 0850 | 6b19 004c | 8b54 2428 | 4d8b da49 | c1eb 0345 | 8959 0c45 | 8b5c ec08 
  0x000002a8258b0f3c: ;   {metadata('java/util/concurrent/ConcurrentHashMap')}
  0x000002a8258b0f3c: 4181 fbb0 | 6b07 000f | 85ef 1900 | 0049 8d14 | ec66 6690 

  0x000002a8258b0f50: ;   {optimized virtual_call}
  0x000002a8258b0f50: c5f8 77e8 

  0x000002a8258b0f54: ; ImmutableOopMap {[32]=Oop [40]=Oop [48]=Oop }
                      ;*invokeinterface computeIfAbsent {reexecute=0 rethrow=0 return_oop=1}
                      ; - java.security.SecureClassLoader::getProtectionDomain@28 (line 222)
                      ; - java.security.SecureClassLoader::defineClass@9 (line 150)
  0x000002a8258b0f54: c84e d7ff 

  0x000002a8258b0f58: ;   {other}
  0x000002a8258b0f58: 0f1f 8400 | 4805 0000 

  0x000002a8258b0f60: ; implicit exception: dispatches to 0x000002a8258b3434
  0x000002a8258b0f60: 448b 5008 

  0x000002a8258b0f64: ;   {metadata('java/security/ProtectionDomain')}
  0x000002a8258b0f64: 4181 fa58 | 6000 000f | 85a7 2300 | 0048 8944 | 2448 4c8b | 7424 2045 | 8b5e 14c4 | c179 6ec3 
  0x000002a8258b0f84: ; implicit exception: dispatches to 0x000002a8258b3458
  0x000002a8258b0f84: 478b 44dc | 0c45 85c0 | 0f86 c619 | 0000 450f | be4e 1045 | 85c9 0f85 | c01a 0000 | c442 32f7 
  0x000002a8258b0fa4: c845 3bc8 | 458b d145 | 0f4f d049 | c1e3 03c5 | f97e c14d | 8d6c cc10 | 4585 d20f | 8ed0 0000 
  0x000002a8258b0fc4: 0045 3bc2 | 0f82 a619 | 0000 b82f | 0000 0049 | 8bfd 418b | d248 8bdf | 83fa 100f | 8c79 0000 
  0x000002a8258b0fe4: 0083 fa20 | 0f8c 3600 | 0000 c5f9 | 6ec8 c4e2 | 7d78 c9c5 | edef d28b | ca83 e1e0 | 83e2 1fc5 
  0x000002a8258b1004: fe6f 1bc5 | e574 d9c4 | e27d 17d3 | 0f83 6900 | 0000 4883 | c320 83e9 | 2075 e4e9 | 0d00 0000 
  0x000002a8258b1024: c5f9 6ec8 | c5e9 efd2 | c4e2 7100 | ca83 fa10 | 0f8c 2400 | 0000 8bca | 83e1 f083 | e20f c5fa 
  0x000002a8258b1044: 6f1b c5e1 | 74d9 c4e2 | 7917 d30f | 832a 0000 | 0048 83c3 | 1083 e910 | 75e4 85d2 

  0x000002a8258b1060: ;   {no_reloc}
  0x000002a8258b1060: 0f84 1200 | 0000 0fb6 | 0b3b c174 | 1c48 83c3 | 0183 ea01 | 7402 ebee | bbff ffff | ffeb 0dc5 
  0x000002a8258b1080: fdd7 cb0f | bcc1 4803 | d848 2bdf | 83fb ff0f | 85f7 1900 | 0041 0fb6 | 6d00 83fd | 5b0f 8455 
  0x000002a8258b10a0: 1a00 0045 | 8d51 fb45 | 85d2 7c0e | 410f be4d | 0083 f96a | 0f84 7807 | 0000 488b | 5c24 284c 
  0x000002a8258b10c0: 8b54 2448 | 458b 5210 | 4489 5424 | 4045 8d51 | ff41 8d48 | ff44 3bd1 | 440f 4fd1 | 4585 d20f 
  0x000002a8258b10e0: 8c19 0800 | 0033 c989 | 4c24 440f | 1f44 0000 | 453b d00f | 8387 1500 | 0043 807c | 1310 2e74 
  0x000002a8258b1100: 1a49 8bbf | 5804 0000 | 41ff ca49 

  0x000002a8258b110c: ; ImmutableOopMap {r11=Oop r13=Derived_oop_r11 rcx=Oop rbx=Oop r14=Oop xmm0=NarrowOop [40]=Oop [48]=Oop [64]=NarrowOop [72]=Oop }
                      ;*goto {reexecute=1 rethrow=0 return_oop=0}
                      ; - (reexecute) java.lang.StringLatin1::lastIndexOf@35 (line 289)
                      ; - java.lang.String::lastIndexOf@13 (line 2562)
                      ; - java.lang.String::lastIndexOf@8 (line 2524)
                      ; - java.lang.ClassLoader::checkCerts@3 (line 1163)
                      ; - java.lang.ClassLoader::preDefineClass@113 (line 917)
                      ; - java.lang.ClassLoader::defineClass@4 (line 1025)
                      ; - java.security.SecureClassLoader::defineClass@12 (line 150)
                      ;   {poll}
  0x000002a8258b110c: 8bce 8507 | 4585 d27d | db41 baff | ffff ff41 | 83fa ff0f | 84bb 0700 | 0045 85d2 | 0f8c 7e19 
  0x000002a8258b112c: 0000 453b | d10f 8f09 | 1a00 0045 | 3bd1 0f84 | 5807 0000 | 4585 d20f | 84a6 0700 | 0049 8bb7 
  0x000002a8258b114c: b801 0000 | 4c8b ce49 | 83c1 184d | 3b8f c801 | 0000 0f83 | ac13 0000 | c4c1 f96e | cd4d 898f 
  0x000002a8258b116c: b801 0000 | 410f 1881 | 0001 0000 | 48c7 0601 | 0000 004c | 8bce 4983 

  0x000002a8258b1184: ;   {metadata('java/lang/String')}
  0x000002a8258b1184: c110 c746 | 0810 0a01 | 0044 8966 | 0cc5 edef | d2c4 c179 | d611 453b | d00f 8597 | 0000 004d 
  0x000002a8258b11a4: 63d0 4181 | f800 0010 | 000f 877b | 1500 0049 | 8bbf b801 | 0000 4d8d | 4a17 4983 | e1f8 488b 
  0x000002a8258b11c4: cf49 03c9 | 493b 8fc8 | 0100 000f | 8359 1500 | 0049 898f | b801 0000 | 0f18 8100 | 0100 0048 
  0x000002a8258b11e4: c707 0100 | 0000 0f18 | 8140 0100 

  0x000002a8258b11f0: ;   {metadata({type array byte})}
  0x000002a8258b11f0: 00c7 4708 | a025 0000 | 4489 470c | 0f18 8180 | 0100 0048 | 8bd7 4883 | c210 4983 | c207 49c1 
  0x000002a8258b1210: ea03 c4e1 | f97e c94d | 8bc2 c5f8 | 7749 ba80 | 43ac 24a8 | 0200 0041 

  0x000002a8258b1228: ;   {other}
  0x000002a8258b1228: ffd2 0f1f | 8400 0000 | 0000 4c8b | efe9 d200 | 0000 4181 | fa00 0010 | 000f 8751 | 1700 004d 
  0x000002a8258b1248: 63ca 453b | c241 8be8 | 410f 4fea | 443b c50f | 82b6 1700 | 0044 3bd5 | 0f82 ad17 | 0000 4983 
  0x000002a8258b1268: c117 4d8b | c149 83e0 | f841 81fa | 0000 1000 | 0f87 4413 | 0000 4d8b | afb8 0100 | 0049 8bcd 
  0x000002a8258b1288: 4903 c849 | 3b8f c801 | 0000 0f83 | 2a13 0000 | 4989 8fb8 | 0100 000f | 1881 0001 | 0000 49c7 
  0x000002a8258b12a8: 4500 0100 | 0000 0f18 | 8140 0100 

  0x000002a8258b12b4: ;   {metadata({type array byte})}
  0x000002a8258b12b4: 0041 c745 | 08a0 2500 | 0045 8955 | 0c0f 1881 | 8001 0000 | 4d8b dd49 | 83c3 1049 | c1e9 0385 
  0x000002a8258b12d4: ed0f 84c5 | 1600 0041 | 3bea 0f8c | d50d 0000 | 4983 c0f0 | 49c1 e803 | c4e1 f97e | c949 8bd3 
  0x000002a8258b12f4: c5f8 7749 | ba80 43ac | 24a8 0200 | 0041 ffd2 

  0x000002a8258b1304: ;   {other}
  0x000002a8258b1304: 0f1f 8400 | 0000 0000 | 4180 7f40 | 000f 851a | 0d00 004c | 8bd6 4d8b | c549 c1e8 | 0344 8946 
  0x000002a8258b1324: 144d 8bdd | 4d33 da49 | c1eb 154d | 85db 741a | 49c1 ea09 | 48b9 0000 | 8a2a a802 | 0000 4903 
  0x000002a8258b1344: ca80 3902 | 0f85 1a0d | 0000 4488 | 6610 488b | fe44 8b54 | 2440 478b | 5cd4 1445 | 85db 0f85 
  0x000002a8258b1364: a305 0000 | 438b 4cd4 | 1085 c90f | 854d 0600 

  0x000002a8258b1374: ;   {oop(""{0x000000070064b5c0})}
  0x000002a8258b1374: 0049 b9c0 | b564 0007 | 0000 0049 | b800 008a | 2aa8 0200 

  0x000002a8258b1388: ;   {oop(a 'java/security/cert/Certificate'[0] {0x00000007006bcd48})}
  0x000002a8258b1388: 0049 bb48 | cd6b 0007 | 0000 0044 | 8b53 2c45 | 85d2 0f84 | 6315 0000 | 4c89 5c24 | 684c 8bdf 
  0x000002a8258b13a8: 4c89 4424 | 604c 894c | 2458 4889 | 5c24 504c | 8974 2420 | 4b8d 14d4 | bf01 0000 | 004d 8bc3 
  0x000002a8258b13c8: 4c8b 4c24 | 6849 8bee 

  0x000002a8258b13d0: ;   {optimized virtual_call}
  0x000002a8258b13d0: c5f8 77e8 

  0x000002a8258b13d4: ; ImmutableOopMap {rbp=Oop [32]=Oop [40]=Oop [48]=Oop [72]=Oop [80]=Oop [88]=Oop [104]=Oop }
                      ;*invokevirtual putVal {reexecute=0 rethrow=0 return_oop=1}
                      ; - java.util.concurrent.ConcurrentHashMap::putIfAbsent@4 (line 1541)
                      ; - java.lang.ClassLoader::checkCerts@62 (line 1171)
                      ; - java.lang.ClassLoader::preDefineClass@113 (line 917)
                      ; - java.lang.ClassLoader::defineClass@4 (line 1025)
                      ; - java.security.SecureClassLoader::defineClass@12 (line 150)
  0x000002a8258b13d4: 0840 c5ff 

  0x000002a8258b13d8: ;   {other}
  0x000002a8258b13d8: 0f1f 8400 | c809 0002 | 4885 c074 | 3344 8b58 

  0x000002a8258b13e8: ;   {metadata('java/security/cert/Certificate'[])}
  0x000002a8258b13e8: 0841 81fb | e067 1600 | 0f85 621f | 0000 4c8b | c848 8b4c | 2468 448b | 410c 458b | 590c 4585 
  0x000002a8258b1408: c00f 8714 | 0f00 0045 | 85db 0f87 | fc16 0000 | 4c8b 5424 | 4845 8b52 | 1043 8b6c | d40c 458b 
  0x000002a8258b1428: 5cec 3845 | 85db 0f84 | ec14 0000 | 4b8d 14dc | 4d8d 04ec 

  0x000002a8258b143c: ;   {optimized virtual_call}
  0x000002a8258b143c: c5f8 77e8 

  0x000002a8258b1440: ; ImmutableOopMap {[32]=Oop [40]=Oop [48]=Oop [72]=Oop [88]=Oop }
                      ;*invokevirtual toExternalForm {reexecute=0 rethrow=0 return_oop=1}
                      ; - java.net.URL::toExternalForm@5 (line 1203)
                      ; - java.net.URL::toString@1 (line 1189)
                      ; - java.lang.ClassLoader::defineClassSourceLocation@22 (line 927)
                      ; - java.lang.ClassLoader::defineClass@12 (line 1026)
                      ; - java.security.SecureClassLoader::defineClass@12 (line 150)
  0x000002a8258b1440: dc9a c2ff 

  0x000002a8258b1444: ;   {other}
  0x000002a8258b1444: 0f1f 8400 | 340a 0003 | 488b 5424 | 284c 8b44 | 2420 4c8b | 4c24 308b | 7c24 388b | 7424 3c48 
  0x000002a8258b1464: 8b4c 2448 | 4889 0424 

  0x000002a8258b146c: ;   {static_call}
  0x000002a8258b146c: c5f8 77e8 

  0x000002a8258b1470: ; ImmutableOopMap {[40]=Oop [72]=Oop [88]=Oop }
                      ;*invokestatic defineClass1 {reexecute=0 rethrow=0 return_oop=1}
                      ; - java.lang.ClassLoader::defineClass@27 (line 1027)
                      ; - java.security.SecureClassLoader::defineClass@12 (line 150)
  0x000002a8258b1470: ec40 a2ff 

  0x000002a8258b1474: ;   {other}
  0x000002a8258b1474: 0f1f 8400 | 640a 0004 | 4889 4424 | 2044 8b58 | 3c45 85db | 0f85 3903 | 0000 4c8b | 5010 458b 
  0x000002a8258b1494: 5a08 4585 | db0f 8c36 | 1800 0044 | 8b50 2c45 | 85d2 0f84 | f403 0000 | 4f8d 04d4 | 458b 4814 
  0x000002a8258b14b4: ; implicit exception: dispatches to 0x000002a8258b35a8
  0x000002a8258b14b4: 438b 54cc | 0c45 0fbe | 5810 c4e2 | 22f7 ca44 | 8d51 ff45 | 85db 0f85 | c818 0000 | 4b8d 2ccc 
  0x000002a8258b14d4: 448d 5aff | 453b da45 | 0f4f da45 | 85db 7c2e | 660f 1f44 | 0000 660f | 1f44 0000 | 443b da0f 
  0x000002a8258b14f4: 8364 1300 | 0042 807c | 1d10 2e74 | 1749 8b9f | 5804 0000 

  0x000002a8258b1508: ; ImmutableOopMap {r8=Oop r9=NarrowOop rbp=Oop [32]=Oop [40]=Oop [72]=Oop [88]=Oop }
                      ;*goto {reexecute=1 rethrow=0 return_oop=0}
                      ; - (reexecute) java.lang.StringLatin1::lastIndexOf@35 (line 289)
                      ; - java.lang.String::lastIndexOf@13 (line 2562)
                      ; - java.lang.String::lastIndexOf@8 (line 2524)
                      ; - java.lang.Class::getPackageName@47 (line 1170)
                      ; - java.lang.ClassLoader::postDefineClass@2 (line 934)
                      ; - java.lang.ClassLoader::defineClass@37 (line 1028)
                      ; - java.security.SecureClassLoader::defineClass@12 (line 150)
                      ;   {poll}
  0x000002a8258b1508: 41ff cb85 | 0345 85db | 7dde 41bb | ffff ffff | 4183 fbff | 0f84 4b02 | 0000 4585 | db0f 8ccd 
  0x000002a8258b1528: 1800 0044 | 3bd9 0f8f | fc18 0000 | 443b d90f | 849b 0300 | 0045 85db | 0f84 1a0c | 0000 498b 
  0x000002a8258b1548: 9fb8 0100 | 004c 8bd3 | 4983 c218 | 4d3b 97c8 | 0100 000f | 8367 1100 | 004d 8997 | b801 0000 
  0x000002a8258b1568: 410f 1882 | 0001 0000 | 48c7 0301 | 0000 004c | 8bd3 4983 

  0x000002a8258b157c: ;   {metadata('java/lang/String')}
  0x000002a8258b157c: c210 c743 | 0810 0a01 | 0044 8963 | 0cc5 fdef | c0c4 c179 | d602 4f8d | 54cc 1044 | 3bda 0f85 
  0x000002a8258b159c: 9600 0000 | 4863 f281 | fa00 0010 | 000f 87e1 | 1200 0049 | 8bbf b801 | 0000 4c8d | 5e17 4983 
  0x000002a8258b15bc: e3f8 4c8b | c74d 03c3 | 4d3b 87c8 | 0100 000f | 83bf 1200 | 004d 8987 | b801 0000 | 410f 1880 
  0x000002a8258b15dc: 0001 0000 | 48c7 0701 | 0000 0041 | 0f18 8040 

  0x000002a8258b15ec: ;   {metadata({type array byte})}
  0x000002a8258b15ec: 0100 00c7 | 4708 a025 | 0000 8957 | 0c41 0f18 | 8080 0100 | 0048 8bd7 | 4883 c210 | 4883 c607 
  0x000002a8258b160c: 48c1 ee03 | 498b ca4c | 8bc6 c5f8 | 7749 ba80 | 43ac 24a8 | 0200 0041 

  0x000002a8258b1624: ;   {other}
  0x000002a8258b1624: ffd2 0f1f | 8400 0000 | 0000 488b | f7e9 d700 | 0000 4181 | fb00 0010 | 000f 87ad | 1600 0049 
  0x000002a8258b1644: 63cb 413b | d38b fa41 | 0f4f fb89 | 7c24 3c3b | d70f 820d | 1700 0044 | 3bdf 0f82 | 0417 0000 
  0x000002a8258b1664: 4883 c117 | 4c8b c949 | 83e1 f841 | 81fb 0000 | 1000 0f87 | 6011 0000 | 498b b7b8 | 0100 004c 
  0x000002a8258b1684: 8bc6 4d03 | c14d 3b87 | c801 0000 | 0f83 4611 | 0000 4d89 | 87b8 0100 | 0041 0f18 | 8000 0100 
  0x000002a8258b16a4: 0048 c706 | 0100 0000 | 410f 1880 | 4001 0000 

  0x000002a8258b16b4: ;   {metadata({type array byte})}
  0x000002a8258b16b4: c746 08a0 | 2500 0044 | 895e 0c41 | 0f18 8080 | 0100 0048 | 8bd6 4883 | c210 48c1 | e903 8b6c 
  0x000002a8258b16d4: 243c 85ed | 0f84 1a16 | 0000 413b | eb0f 8c9d | 0b00 0049 | 83c1 f049 | c1e9 0349 | 8bca 4d8b 
  0x000002a8258b16f4: c1c5 f877 | 49ba 8043 | ac24 a802 | 0000 41ff 

  0x000002a8258b1704: ;   {other}
  0x000002a8258b1704: d20f 1f84 | 0000 0000 | 0041 807f | 4000 0f85 | e40a 0000 | 4c8b d34c | 8bde 49c1 | eb03 4489 
  0x000002a8258b1724: 5b14 4c8b | de4d 33da | 49c1 eb15 | 4d85 db74 | 1a49 c1ea | 0948 b900 | 008a 2aa8 | 0200 0049 
  0x000002a8258b1744: 03ca 8039 | 020f 85e4 | 0a00 0044 | 8863 1048 | 8bd3 6690 

  0x000002a8258b1758: ;   {optimized virtual_call}
  0x000002a8258b1758: c5f8 77e8 

  0x000002a8258b175c: ; ImmutableOopMap {[32]=Oop [40]=Oop [72]=Oop }
                      ;*invokevirtual intern {reexecute=0 rethrow=0 return_oop=1}
                      ; - java.lang.Class::getPackageName@65 (line 1171)
                      ; - java.lang.ClassLoader::postDefineClass@2 (line 934)
                      ; - java.lang.ClassLoader::defineClass@37 (line 1028)
                      ; - java.security.SecureClassLoader::defineClass@12 (line 150)
  0x000002a8258b175c: 8003 9eff 

  0x000002a8258b1760: ;   {other}
  0x000002a8258b1760: 0f1f 8400 | 500d 0006 | 4889 4424 | 5841 807f | 4000 0f85 | f709 0000 | 4c8b 5424 | 2048 8b5c 
  0x000002a8258b1780: 2458 4c8b | db49 c1eb | 034c 8b44 | 2420 4589 | 583c 4c8b | db4d 33da | 49c1 eb15 | 4d85 db74 
  0x000002a8258b17a0: 1f48 85db | 741a 49c1 | ea09 48b9 | 0000 8a2a | a802 0000 | 4903 ca80 | 3902 0f85 | eb09 0000 
  0x000002a8258b17c0: 4c8b 4424 | 58eb 044f | 8d04 dc4c | 8b54 2420 | 458b 5a30 | 4d8b cb49 | c1e1 0348 | 8b54 2428 
  0x000002a8258b17e0: ;   {optimized virtual_call}
  0x000002a8258b17e0: c5f8 77e8 

  0x000002a8258b17e4: ; ImmutableOopMap {[32]=Oop [40]=Oop [72]=Oop }
                      ;*invokevirtual getNamedPackage {reexecute=0 rethrow=0 return_oop=1}
                      ; - java.lang.ClassLoader::postDefineClass@9 (line 934)
                      ; - java.lang.ClassLoader::defineClass@37 (line 1028)
                      ; - java.security.SecureClassLoader::defineClass@12 (line 150)
  0x000002a8258b17e4: 58cd c4ff 

  0x000002a8258b17e8: ;   {other}
  0x000002a8258b17e8: 0f1f 8400 | d80d 0007 | 4c8b 5424 | 4845 8b52 | 1043 8b4c | d414 85c9 | 0f85 ef04 | 0000 478b 
  0x000002a8258b1808: 44d4 1045 | 85c0 0f85 | 8805 0000 | 488b 4424 | 20c5 f877 | 4881 c4c0 | 0000 005d 

  0x000002a8258b1824: ;   {poll_return}
  0x000002a8258b1824: 493b a750 | 0400 000f | 87ff 1f00 | 00c3 4183 | f804 0f86 | 0e17 0000 | c4c1 797e | c243 807c 
  0x000002a8258b1844: d411 610f | 856d f8ff | ff43 807c | d412 760f | 8561 f8ff | ff43 807c | d413 610f | 8555 f8ff 
  0x000002a8258b1864: ff43 807c | d414 2e0f | 8549 f8ff 

  0x000002a8258b1870: ;   {oop(a 'jdk/internal/loader/ClassLoaders$PlatformClassLoader'{0x000000070064e5e0})}
  0x000002a8258b1870: ff49 bae0 | e564 0007 | 0000 0048 | 8b4c 2428 | 493b ca0f | 8527 1a00 

  0x000002a8258b1888: ;   {oop(a 'jdk/internal/loader/ClassLoaders$PlatformClassLoader'{0x000000070064e5e0})}
  0x000002a8258b1888: 0048 bbe0 | e564 0007 | 0000 00e9 | 27f8 ffff | 498b f6e9 | b2fa ffff | 488b d090 

  0x000002a8258b18a4: ;   {optimized virtual_call}
  0x000002a8258b18a4: c5f8 77e8 

  0x000002a8258b18a8: ; ImmutableOopMap {[32]=Oop [40]=Oop [72]=Oop [88]=Oop }
                      ;*invokevirtual initClassName {reexecute=0 rethrow=0 return_oop=1}
                      ; - java.lang.Class::getName@14 (line 950)
                      ; - java.lang.Class::getPackageName@40 (line 1169)
                      ; - java.lang.ClassLoader::postDefineClass@2 (line 934)
                      ; - java.lang.ClassLoader::defineClass@37 (line 1028)
                      ; - java.security.SecureClassLoader::defineClass@12 (line 150)
  0x000002a8258b18a8: b446 a1ff 

  0x000002a8258b18ac: ;   {other}
  0x000002a8258b18ac: 0f1f 8400 | 9c0e 0008 | 4c8b c048 | 85c0 0f85 | f0fb ffff | baf6 ffff | ff66 6690 

  0x000002a8258b18c8: ;   {runtime_call UncommonTrapBlob}
  0x000002a8258b18c8: c5f8 77e8 

  0x000002a8258b18cc: ; ImmutableOopMap {}
                      ;*invokevirtual lastIndexOf {reexecute=0 rethrow=0 return_oop=0}
                      ; - java.lang.Class::getPackageName@47 (line 1170)
                      ; - java.lang.ClassLoader::postDefineClass@2 (line 934)
                      ; - java.lang.ClassLoader::defineClass@37 (line 1028)
                      ; - java.security.SecureClassLoader::defineClass@12 (line 150)
  0x000002a8258b18cc: 3062 23ff 

  0x000002a8258b18d0: ;   {other}
  0x000002a8258b18d0: 0f1f 8400 | c00e 0009 | 498b d8e9 | 73fe ffff 

  0x000002a8258b18e0: ;   {oop(""{0x000000070064b5c0})}
  0x000002a8258b18e0: 48bf c0b5 | 6400 0700 | 0000 e966 

  0x000002a8258b18ec: ;   {oop(""{0x000000070064b5c0})}
  0x000002a8258b18ec: faff ff48 | bec0 b564 | 0007 0000 | 00e9 54fa | ffff 4533 | d244 8954 | 2444 e90a | f8ff ff47 
  0x000002a8258b190c: 8b44 dc0c | 478b 54dc | 084d 63e8 | 4b8d 2cdc | 49c1 e502 | 4181 f800 | 0004 000f | 875f 1500 
  0x000002a8258b192c: 0049 8bb7 | b801 0000 | 4d8d 4d17 | 4983 e1f8 | 488b ce49 | 03c9 493b | 8fc8 0100 | 000f 833d 
  0x000002a8258b194c: 1500 0049 | 898f b801 | 0000 0f18 | 8100 0100 | 0048 c706 | 0100 0000 | 4489 5608 | 4489 460c 
  0x000002a8258b196c: 0f18 8140 | 0100 000f | 1881 8001 | 0000 4b8d | 4cdc 1048 | 8bd6 4883 | c210 4983 | c507 49c1 
  0x000002a8258b198c: ed03 4d8b | c5c5 f877 | 49ba 8043 | ac24 a802 | 0000 41ff 

  0x000002a8258b19a0: ;   {other}
  0x000002a8258b19a0: d20f 1f84 | 0000 0000 

  0x000002a8258b19a8: ;   {oop(""{0x000000070064b5c0})}
  0x000002a8258b19a8: 0049 b9c0 | b564 0007 | 0000 0049 | b800 008a | 2aa8 0200 | 00e9 2b03 | 0000 498b | 87b8 0100 
  0x000002a8258b19c8: 004c 8bd0 | 4983 c218 | 448b 5c24 | 404f 8d0c | dc4d 3b97 | c801 0000 | 0f83 8615 | 0000 4d89 
  0x000002a8258b19e8: 97b8 0100 | 0041 0f18 | 8200 0100 | 0048 c700 | 0100 0000 

  0x000002a8258b19fc: ;   {metadata('java/util/ArrayList')}
  0x000002a8258b19fc: c740 0858 | 0210 0044 | 8960 0c44 | 8960 1045 | 8b54 cc0c 

  0x000002a8258b1a10: ;   {oop(a 'java/lang/Object'[0] {0x00000007006bdf70})}
  0x000002a8258b1a10: c740 14ee | 7b0d e04c | 8bc0 4585 

  0x000002a8258b1a1c: ;   {oop(""{0x000000070064b5c0})}
  0x000002a8258b1a1c: d276 1948 | bac0 b564 | 0007 0000 | 0048 be00 | 008a 2aa8 | 0200 0045 | 33db eb50 

  0x000002a8258b1a38: ;   {oop(""{0x000000070064b5c0})}
  0x000002a8258b1a38: 49ba c0b5 | 6400 0700 | 0000 49bb | 0000 8a2a | a802 0000 | e9fc 0000 | 000f 1f84 | 0000 0000 
  0x000002a8258b1a58: 000f 1f80 | 0000 0000 | 4889 6c24 | 284c 8b74 | 2420 488b | 5c24 5048 | 8b54 2458 | 488b 7424 
  0x000002a8258b1a78: 6048 8b7c | 2468 4c8b | 4c24 704c | 8b44 2478 

  0x000002a8258b1a88: ; implicit exception: dispatches to 0x000002a8258b35c0
  0x000002a8258b1a88: 458b 54cc | 0c45 3bda | 0f83 1a17 | 0000 4d8d | 14cc 478b | 549a 1047 | 8b54 d410 

  0x000002a8258b1aa4: ; implicit exception: dispatches to 0x000002a8258b35f0
  0x000002a8258b1aa4: 478b 54d4 | 1044 899c | 2480 0000 | 004c 8944 | 2478 4c89 | 4c24 7048 | 897c 2468 | 4889 7424 
  0x000002a8258b1ac4: 6048 8954 | 2458 4889 | 5c24 504c | 8974 2420 | 488b 6c24 | 284d 8bc2 | 49c1 e003 | 488b 5424 
  0x000002a8258b1ae4: 7866 6690 

  0x000002a8258b1ae8: ;   {optimized virtual_call}
  0x000002a8258b1ae8: c5f8 77e8 

  0x000002a8258b1aec: ; ImmutableOopMap {rbp=Oop [32]=Oop [48]=Oop [64]=NarrowOop [72]=Oop [80]=Oop [88]=Oop [104]=Oop [112]=Oop [120]=Oop }
                      ;*invokevirtual addAll {reexecute=0 rethrow=0 return_oop=0}
                      ; - java.security.CodeSource::getCertificates@57 (line 212)
                      ; - java.lang.ClassLoader::checkCerts@34 (line 1168)
                      ; - java.lang.ClassLoader::preDefineClass@113 (line 917)
                      ; - java.lang.ClassLoader::defineClass@4 (line 1025)
                      ; - java.security.SecureClassLoader::defineClass@12 (line 150)
  0x000002a8258b1aec: 90d3 22ff 

  0x000002a8258b1af0: ;   {other}
  0x000002a8258b1af0: 0f1f 8400 | e010 000a | 4d8b 9758 | 0400 0044 | 8b5c 2440 | 438b 4cdc | 1044 8b9c | 2480 0000 
  0x000002a8258b1b10: ; ImmutableOopMap {rcx=NarrowOop rbp=Oop [32]=Oop [48]=Oop [64]=NarrowOop [72]=Oop [80]=Oop [88]=Oop [104]=Oop [112]=Oop [120]=Oop }
                      ;*goto {reexecute=1 rethrow=0 return_oop=0}
                      ; - (reexecute) java.security.CodeSource::getCertificates@64 (line 211)
                      ; - java.lang.ClassLoader::checkCerts@34 (line 1168)
                      ; - java.lang.ClassLoader::preDefineClass@113 (line 917)
                      ; - java.lang.ClassLoader::defineClass@4 (line 1025)
                      ; - java.security.SecureClassLoader::defineClass@12 (line 150)
  0x000002a8258b1b10: 0041 ffc3 

  0x000002a8258b1b14: ;   {poll}
  0x000002a8258b1b14: 4185 0245 | 8b44 cc0c | 453b d80f | 8c3b ffff | ff48 896c | 2428 4c8b | 7424 2048 | 8b5c 2450 
  0x000002a8258b1b34: 4c8b 5424 | 584c 8b5c | 2460 488b | 7c24 684c | 8b4c 2470 | 4c8b 4424 | 7849 8b87 | b801 0000 
  0x000002a8258b1b54: 488b c848 | 83c1 1049 | 3b8f c801 | 0000 0f83 | 9414 0000 | 4989 8fb8 | 0100 000f | 1881 0001 
  0x000002a8258b1b74: 0000 48c7 | 0001 0000 | 000f 1881 | 4001 0000 

  0x000002a8258b1b84: ;   {metadata('java/security/cert/Certificate'[])}
  0x000002a8258b1b84: c740 08e0 | 6716 000f | 1881 8001 | 0000 4489 | 600c 488b | 6c24 284c | 8974 2420 | 4889 5c24 
  0x000002a8258b1ba4: 504c 8954 | 2458 4c89 | 5c24 6048 | 897c 2468 | 4c89 4c24 | 704c 8944 | 2478 4c8b | c048 8b54 
  0x000002a8258b1bc4: 2478 6690 

  0x000002a8258b1bc8: ;   {optimized virtual_call}
  0x000002a8258b1bc8: c5f8 77e8 

  0x000002a8258b1bcc: ; ImmutableOopMap {rbp=Oop [32]=Oop [48]=Oop [64]=NarrowOop [72]=Oop [80]=Oop [88]=Oop [104]=Oop [112]=Oop }
                      ;*invokevirtual toArray {reexecute=0 rethrow=0 return_oop=1}
                      ; - java.security.CodeSource::getCertificates@73 (line 215)
                      ; - java.lang.ClassLoader::checkCerts@34 (line 1168)
                      ; - java.lang.ClassLoader::preDefineClass@113 (line 917)
                      ; - java.lang.ClassLoader::defineClass@4 (line 1025)
                      ; - java.security.SecureClassLoader::defineClass@12 (line 150)
  0x000002a8258b1bcc: b0d2 22ff 

  0x000002a8258b1bd0: ;   {other}
  0x000002a8258b1bd0: 0f1f 8400 | c011 000c | 488b d844 

  0x000002a8258b1bdc: ;   {metadata('java/security/cert/Certificate'[])}
  0x000002a8258b1bdc: 8b50 0841 | 81fa e067 | 1600 0f85 | dc17 0000 | 4180 7f40 | 000f 85a1 | 0f00 008b | 7c24 404c 
  0x000002a8258b1bfc: 8b54 2470 | 4d8b da4c | 8bd3 49c1 | ea03 4589 | 54fc 144c | 8bd3 4d33 | d349 c1ea | 154d 85d2 
  0x000002a8258b1c1c: 741a 49c1 | eb09 48b9 | 0000 8a2a | a802 0000 | 4903 cb80 | 3902 0f85 | d60f 0000 | 448b 5b0c 
  0x000002a8258b1c3c: 448b 5308 | 4d63 c349 | c1e0 0241 | 81fb 0000 | 0400 0f87 | f513 0000 | 498b b7b8 | 0100 004d 
  0x000002a8258b1c5c: 8d48 1749 | 83e1 f848 | 8bce 4903 | c949 3b8f | c801 0000 | 0f83 d313 | 0000 4989 | 8fb8 0100 
  0x000002a8258b1c7c: 000f 1881 | 0001 0000 | 48c7 0601 | 0000 0044 | 8956 0844 | 895e 0c0f | 1881 4001 | 0000 0f18 
  0x000002a8258b1c9c: 8180 0100 | 0048 8bcb | 4883 c110 | 488b d648 | 83c2 1049 | 83c0 0749 | c1e8 03c5 | f877 49ba 
  0x000002a8258b1cbc: 8043 ac24 | a802 0000 

  0x000002a8258b1cc4: ;   {other}
  0x000002a8258b1cc4: 41ff d20f | 1f84 0000 | 0000 0048 | 896c 2428 | 4c8b 7424 | 2048 8b5c | 2450 4c8b | 4c24 584c 
  0x000002a8258b1ce4: 8b44 2460 | 488b 7c24 | 684c 8bde | e99e f6ff | ff41 8b5c | cc0c 458b | 5ccc 0849 | 8d2c cc4c 
  0x000002a8258b1d04: 63cb 49c1 | e102 81fb | 0000 0400 | 0f87 fb11 | 0000 498b | 87b8 0100 | 004d 8d51 | 1749 83e2 
  0x000002a8258b1d24: f84c 8bc0 | 4d03 c24d | 3b87 c801 | 0000 0f83 | d911 0000 | 4d89 87b8 | 0100 0041 | 0f18 8000 
  0x000002a8258b1d44: 0100 0048 | c700 0100 | 0000 4489 | 5808 8958 | 0c41 0f18 | 8040 0100 | 0041 0f18 | 8080 0100 
  0x000002a8258b1d64: 0048 8bd8 | 498d 4ccc | 1048 8bd3 | 4883 c210 | 4983 c107 | 49c1 e903 | 4d8b c1c5 | f877 49ba 
  0x000002a8258b1d84: 8043 ac24 | a802 0000 

  0x000002a8258b1d8c: ;   {other}
  0x000002a8258b1d8c: 41ff d20f | 1f84 0000 | 0000 00e9 | 7802 0000 | 498b 87b8 | 0100 004c | 8bd8 4983 | c318 4b8d 
  0x000002a8258b1dac: 0cd4 4d3b | 9fc8 0100 | 000f 83cb | 1200 004d | 899f b801 | 0000 410f | 1883 0001 | 0000 48c7 
  0x000002a8258b1dcc: 0001 0000 

  0x000002a8258b1dd0: ;   {metadata('java/util/ArrayList')}
  0x000002a8258b1dd0: 00c7 4008 | 5802 1000 | 4489 600c | 4489 6010 | 438b 5cc4 

  0x000002a8258b1de4: ;   {oop(a 'java/lang/Object'[0] {0x00000007006bdf70})}
  0x000002a8258b1de4: 0cc7 4014 | ee7b 0de0 | 4c8b c885 | db0f 86a2 | 0000 0045 | 33db eb13 | 0f1f 4000 | 4889 6c24 
  0x000002a8258b1e04: 2048 8b4c | 2438 4c8b | 4c24 4843 | 8b5c c40c | 443b db0f | 83f3 1300 | 0049 c1e0 | 0343 8b5c 
  0x000002a8258b1e24: 9810 458b | 44dc 1047 | 8b44 c410 | 4489 5c24 | 344c 894c | 2448 4889 | 4c24 3844 | 8954 2430 
  0x000002a8258b1e44: 488b 6c24 | 2049 c1e0 | 0349 8bd1 

  0x000002a8258b1e50: ;   {optimized virtual_call}
  0x000002a8258b1e50: c5f8 77e8 

  0x000002a8258b1e54: ; ImmutableOopMap {rbp=Oop [40]=Oop [48]=NarrowOop [56]=Oop [72]=Oop }
                      ;*invokevirtual addAll {reexecute=0 rethrow=0 return_oop=0}
                      ; - java.security.CodeSource::getCertificates@57 (line 212)
                      ; - java.lang.ClassLoader::postDefineClass@24 (line 937)
                      ; - java.lang.ClassLoader::defineClass@37 (line 1028)
                      ; - java.security.SecureClassLoader::defineClass@12 (line 150)
  0x000002a8258b1e54: 28d0 22ff 

  0x000002a8258b1e58: ;   {other}
  0x000002a8258b1e58: 0f1f 8400 | 4814 000d | 4d8b 8f58 | 0400 0044 | 8b54 2430 | 478b 44d4 | 1044 8b5c | 2434 41ff 
  0x000002a8258b1e78: ; ImmutableOopMap {r10=NarrowOop r8=NarrowOop rbp=Oop [40]=Oop [56]=Oop [72]=Oop }
                      ;*goto {reexecute=1 rethrow=0 return_oop=0}
                      ; - (reexecute) java.security.CodeSource::getCertificates@64 (line 211)
                      ; - java.lang.ClassLoader::postDefineClass@24 (line 937)
                      ; - java.lang.ClassLoader::defineClass@37 (line 1028)
                      ; - java.security.SecureClassLoader::defineClass@12 (line 150)
                      ;   {poll}
  0x000002a8258b1e78: c341 8501 

  0x000002a8258b1e7c: ; implicit exception: dispatches to 0x000002a8258b3668
  0x000002a8258b1e7c: 478b 4cc4 | 0c45 3bd9 | 0f8c 76ff | ffff 4889 | 6c24 2048 | 8b4c 2438 | 4c8b 4c24 | 4849 8b87 
  0x000002a8258b1e9c: b801 0000 | 4c8b d849 | 83c3 104d | 3b9f c801 | 0000 0f83 | 1912 0000 | 4d89 9fb8 | 0100 0041 
  0x000002a8258b1ebc: 0f18 8300 | 0100 0048 | c700 0100 | 0000 410f | 1883 4001 

  0x000002a8258b1ed0: ;   {metadata('java/security/cert/Certificate'[])}
  0x000002a8258b1ed0: 0000 c740 | 08e0 6716 | 0041 0f18 | 8380 0100 | 0044 8960 | 0c41 8bea | 4889 4c24 | 304c 894c 
  0x000002a8258b1ef0: 2438 4c8b | c048 8b54 | 2438 6690 

  0x000002a8258b1efc: ;   {optimized virtual_call}
  0x000002a8258b1efc: c5f8 77e8 

  0x000002a8258b1f00: ; ImmutableOopMap {rbp=NarrowOop [32]=Oop [40]=Oop [48]=Oop }
                      ;*invokevirtual toArray {reexecute=0 rethrow=0 return_oop=1}
                      ; - java.security.CodeSource::getCertificates@73 (line 215)
                      ; - java.lang.ClassLoader::postDefineClass@24 (line 937)
                      ; - java.lang.ClassLoader::defineClass@37 (line 1028)
                      ; - java.security.SecureClassLoader::defineClass@12 (line 150)
  0x000002a8258b1f00: 7ccf 22ff 

  0x000002a8258b1f04: ;   {other}
  0x000002a8258b1f04: 0f1f 8400 | f414 000f | 488b f844 

  0x000002a8258b1f10: ;   {metadata('java/security/cert/Certificate'[])}
  0x000002a8258b1f10: 8b58 0841 | 81fb e067 | 1600 0f85 | 8c14 0000 | 4180 7f40 | 000f 85a9 | 0c00 008b | dd4c 8bd7 
  0x000002a8258b1f30: 4c89 5424 | 384c 8b54 | 2430 4c8b | 5c24 384d | 8bc3 49c1 | e803 4589 | 44dc 144d | 33da 49c1 
  0x000002a8258b1f50: eb15 4d85 | db74 1649 | c1ea 094c | 8b44 2460 | 4d03 c241 | 8038 020f | 8500 0d00 | 004c 8b54 
  0x000002a8258b1f70: 2438 458b | 420c 458b | 5208 4963 | e848 c1e5 | 0241 81f8 | 0000 0400 | 0f87 7311 | 0000 498b 
  0x000002a8258b1f90: 87b8 0100 | 004c 8d5d | 1749 83e3 | f84c 8bc8 | 4d03 cb4d | 3b8f c801 | 0000 0f83 | 5111 0000 
  0x000002a8258b1fb0: 4d89 8fb8 | 0100 0041 | 0f18 8100 | 0100 0048 | c700 0100 | 0000 4489 | 5008 4489 | 400c 410f 
  0x000002a8258b1fd0: 1881 4001 | 0000 410f | 1881 8001 | 0000 488b | d848 8b4c | 2438 4883 | c110 488b | d348 83c2 
  0x000002a8258b1ff0: 1048 83c5 | 0748 c1ed | 034c 8bc5 | c5f8 7749 | ba80 43ac | 24a8 0200 | 0041 ffd2 

  0x000002a8258b200c: ;   {other}
  0x000002a8258b200c: 0f1f 8400 | 0000 0000 | 488b 5424 | 204c 8bc3 

  0x000002a8258b201c: ;   {optimized virtual_call}
  0x000002a8258b201c: c5f8 77e8 

  0x000002a8258b2020: ; ImmutableOopMap {[32]=Oop }
                      ;*invokevirtual setSigners {reexecute=0 rethrow=0 return_oop=0}
                      ; - java.lang.ClassLoader::setSigners@2 (line 1318)
                      ; - java.lang.ClassLoader::postDefineClass@35 (line 939)
                      ; - java.lang.ClassLoader::defineClass@37 (line 1028)
                      ; - java.security.SecureClassLoader::defineClass@12 (line 150)
  0x000002a8258b2020: 5cce 22ff 

  0x000002a8258b2024: ;   {other}
  0x000002a8258b2024: 0f1f 8400 | 1416 0010 | e9e3 f7ff | ff44 8b56 | 1445 85d2 | 0f84 d9f2 | ffff 4d8b | 5f28 498b 
  0x000002a8258b2044: ca48 c1e1 | 034d 85db | 0f84 260b | 0000 4d8b | 5738 4b89 | 4c1a f849 | 83c3 f84d | 895f 28e9 
  0x000002a8258b2064: aff2 ffff | 4d8b 5748 | 4d8b 5f58 | f083 4424 | c000 8039 | 000f 84cf | f2ff ff44 | 8821 4d85 
  0x000002a8258b2084: d275 2049 | 8bd7 c5f8 | 7749 ba00 | 0da3 b1fe | 7f00 0041 

  0x000002a8258b2098: ;   {other}
  0x000002a8258b2098: ffd2 0f1f | 8400 0000 | 0000 e9a7 | f2ff ff4b | 894c 13f8 | 4983 c2f8 | 4d89 5748 | e995 f2ff 
  0x000002a8258b20b8: ff4c 63c5 | 4d8d 5010 | 498b ca48 | 83e1 f849 | 8bfd 4803 | f949 c1ea | 034d 2bca | 498b c948 
  0x000002a8258b20d8: 33c0 4883 | f908 7f10 | 48ff c978 | 5648 8904 | cf48 ffc9 | 7df7 eb4b | c5fd efc0 | e90d 0000 
  0x000002a8258b20f8: 00c5 fe7f | 07c5 fe7f | 4720 4883 | c740 4883 | e908 7ded | 4883 c104 | 7c0c c5fe | 7f07 4883 
  0x000002a8258b2118: c720 4883 | e904 4883 | c104 7e17 | 48c7 c0ff | ffff ffc4 | e2f0 f5c0 | c4e1 fb92 | f862 f1fe 
  0x000002a8258b2138: 2f7f 07c4 | e1f9 7ec9 | 498b d3c5 | f877 49ba | c020 ac24 | a802 0000 

  0x000002a8258b2150: ;   {other}
  0x000002a8258b2150: 41ff d20f | 1f84 0000 | 0000 00e9 | acf1 ffff 

  0x000002a8258b2160: ;   {oop(""{0x000000070064b5c0})}
  0x000002a8258b2160: 48bb c0b5 | 6400 0700 | 0000 e9e4 | f5ff ff4c | 8b54 2420 | 458b 5a3c | 4585 db0f | 84f7 f5ff 
  0x000002a8258b2180: ff4d 8b57 | 2849 8bcb | 48c1 e103 | 4d85 d20f | 8443 0c00 | 004d 8b5f | 384b 894c | 13f8 4983 
  0x000002a8258b21a0: c2f8 4d89 | 5728 e9cd | f5ff ff4d | 8b57 484d | 8b5f 58f0 | 8344 24c0 | 0080 3900 | 0f84 fef5 
  0x000002a8258b21c0: ffff 4488 | 214d 85d2 | 7520 498b | d7c5 f877 | 49ba 000d | a3b1 fe7f | 0000 41ff 

  0x000002a8258b21dc: ;   {other}
  0x000002a8258b21dc: d20f 1f84 | 0000 0000 | 00e9 d6f5 | ffff 4b89 | 4c13 f849 | 83c2 f84d | 8957 48e9 | c4f5 ffff 
  0x000002a8258b21fc: 448b 5b14 | 4585 db0f | 840f f5ff | ff4d 8b57 | 2849 8bcb | 48c1 e103 | 4d85 d20f | 844f 0c00 
  0x000002a8258b221c: 004d 8b5f | 384b 894c | 13f8 4983 | c2f8 4d89 | 5728 e9e5 | f4ff ff4d | 8b57 484d | 8b5f 58f0 
  0x000002a8258b223c: 8344 24c0 | 0080 3900 | 0f84 05f5 | ffff 4488 | 214d 85d2 | 7520 498b | d7c5 f877 | 49ba 000d 
  0x000002a8258b225c: a3b1 fe7f | 0000 41ff 

  0x000002a8258b2264: ;   {other}
  0x000002a8258b2264: d20f 1f84 | 0000 0000 | 00e9 ddf4 | ffff 4b89 | 4c13 f849 | 83c2 f84d | 8957 48e9 | cbf4 ffff 
  0x000002a8258b2284: 4c63 c54d | 8d58 104d | 8bcb 4983 | e1f8 488b | fe49 03f9 | 49c1 eb03 | 492b cb48 | 33c0 4883 
  0x000002a8258b22a4: f908 7f10 | 48ff c978 | 5648 8904 | cf48 ffc9 | 7df7 eb4b | c5fd efc0 | e90d 0000 | 00c5 fe7f 
  0x000002a8258b22c4: 07c5 fe7f | 4720 4883 | c740 4883 | e908 7ded | 4883 c104 | 7c0c c5fe | 7f07 4883 | c720 4883 
  0x000002a8258b22e4: e904 4883 | c104 7e17 | 48c7 c0ff | ffff ffc4 | e2f0 f5c0 | c4e1 fb92 | f862 f1fe | 2f7f 0749 
  0x000002a8258b2304: 8bca c5f8 | 7749 bac0 | 20ac 24a8 | 0200 0041 

  0x000002a8258b2314: ;   {other}
  0x000002a8258b2314: ffd2 0f1f | 8400 0000 | 0000 e9ea | f3ff ff45 | 3bc3 0f85 | e700 0000 | 458d 50ff | 453b d00f 
  0x000002a8258b2334: 8303 0f00 | 0045 85db | 0f86 fa0e | 0000 418d | 73ff 33ff | eb37 8bbc | 2480 0000 | 00ff c73b 
  0x000002a8258b2354: bc24 9400 | 0000 0f8d | d000 0000 | 488b 4c24 | 704c 8b4c | 2450 448b | 8424 9400 | 0000 448b 
  0x000002a8258b2374: 9c24 9000 | 0000 8bb4 | 2498 0000 | 008b 5cb9 | 1041 3bf3 | 0f83 970d | 0000 85db | 0f84 8f0d 
  0x000002a8258b2394: 0000 4d8d | 14dc 33ed | 4889 4c24 | 7044 8984 | 2494 0000 | 0044 899c | 2490 0000 | 0089 b424 
  0x000002a8258b23b4: 9800 0000 | 89bc 2480 | 0000 0089 | 9c24 8400 | 0000 4c89 | 9424 a000 | 0000 eb05 | 4c8b 4c24 
  0x000002a8258b23d4: 5045 8b5c | a910 4c89 | 4c24 504d | 8bc3 49c1 | e003 488b | 9424 a000 | 0000 6690 

  0x000002a8258b23f0: ;   {optimized virtual_call}
  0x000002a8258b23f0: c5f8 77e8 

  0x000002a8258b23f4: ; ImmutableOopMap {[32]=Oop [40]=Oop [48]=Oop [72]=Oop [80]=Oop [88]=Oop [112]=Oop [132]=NarrowOop [160]=Oop }
                      ;*invokevirtual equals {reexecute=0 rethrow=0 return_oop=0}
                      ; - java.lang.ClassLoader::compareCerts@81 (line 1198)
                      ; - java.lang.ClassLoader::checkCerts@80 (line 1172)
                      ; - java.lang.ClassLoader::preDefineClass@113 (line 917)
                      ; - java.lang.ClassLoader::defineClass@4 (line 1025)
                      ; - java.security.SecureClassLoader::defineClass@12 (line 150)
  0x000002a8258b23f4: 88ca 22ff 

  0x000002a8258b23f8: ;   {other}
  0x000002a8258b23f8: 0f1f 8400 | e819 0011 | 85c0 0f85 | 42ff ffff | ffc5 3bac | 2490 0000 | 007c bdba | 45ff ffff 
  0x000002a8258b2418: 488b 6c24 | 2866 6690 

  0x000002a8258b2420: ;   {runtime_call UncommonTrapBlob}
  0x000002a8258b2420: c5f8 77e8 

  0x000002a8258b2424: ; ImmutableOopMap {rbp=Oop [32]=Oop [48]=Oop [72]=Oop }
                      ;*ifne {reexecute=1 rethrow=0 return_oop=0}
                      ; - (reexecute) java.lang.ClassLoader::checkCerts@83 (line 1172)
                      ; - java.lang.ClassLoader::preDefineClass@113 (line 917)
                      ; - java.lang.ClassLoader::defineClass@4 (line 1025)
                      ; - java.security.SecureClassLoader::defineClass@12 (line 150)
  0x000002a8258b2424: d856 23ff 

  0x000002a8258b2428: ;   {other}
  0x000002a8258b2428: 0f1f 8400 | 181a 0012 | 4533 d2eb | 1644 8b54 | 2478 41ff | c244 3b94 | 2490 0000 | 000f 8dcd 
  0x000002a8258b2448: efff ff4c | 8b5c 2450 | 478b 4c93 | 1045 85c9 | 0f84 0a0d | 0000 4f8d | 04cc 33ed | 4489 5424 
  0x000002a8258b2468: 7844 894c | 247c 4c89 | 8424 9800 | 0000 6666 | 0f1f 8400 | 0000 0000 | 4c8b 5424 | 7045 8b5c 
  0x000002a8258b2488: aa10 4d8b | c349 c1e0 | 0348 8b94 | 2498 0000 | 0066 6690 

  0x000002a8258b249c: ;   {optimized virtual_call}
  0x000002a8258b249c: c5f8 77e8 

  0x000002a8258b24a0: ; ImmutableOopMap {[32]=Oop [40]=Oop [48]=Oop [72]=Oop [80]=Oop [88]=Oop [112]=Oop [124]=NarrowOop [152]=Oop }
                      ;*invokevirtual equals {reexecute=0 rethrow=0 return_oop=0}
                      ; - java.lang.ClassLoader::compareCerts@166 (line 1210)
                      ; - java.lang.ClassLoader::checkCerts@80 (line 1172)
                      ; - java.lang.ClassLoader::preDefineClass@113 (line 917)
                      ; - java.lang.ClassLoader::defineClass@4 (line 1025)
                      ; - java.security.SecureClassLoader::defineClass@12 (line 150)
  0x000002a8258b24a0: dcc9 22ff 

  0x000002a8258b24a4: ;   {other}
  0x000002a8258b24a4: 0f1f 8400 | 941a 0013 | 85c0 7585 | ffc5 3bac | 2494 0000 | 007c c5e9 | 53ff ffff 

  0x000002a8258b24c0: ;   {metadata('java/security/SecureClassLoader$1')}
  0x000002a8258b24c0: 48ba 506b | 1937 a802 | 0000 4c89 | 4424 5090 

  0x000002a8258b24d0: ;   {runtime_call _new_instance_Java}
  0x000002a8258b24d0: c5f8 77e8 

  0x000002a8258b24d4: ; ImmutableOopMap {rbp=NarrowOop [32]=Oop [40]=Oop [48]=Oop [80]=Oop }
                      ;*new {reexecute=0 rethrow=0 return_oop=1}
                      ; - java.security.SecureClassLoader::getProtectionDomain@20 (line 222)
                      ; - java.security.SecureClassLoader::defineClass@9 (line 150)
  0x000002a8258b24d4: a80d 30ff 

  0x000002a8258b24d8: ;   {other}
  0x000002a8258b24d8: 0f1f 8400 | c81a 0014 | 4c8b c84c | 8b44 2450 | e93a eaff 

  0x000002a8258b24ec: ;   {metadata('java/security/SecureClassLoader$CodeSourceKey')}
  0x000002a8258b24ec: ff48 ba10 | 6519 37a8 | 0200 0090 

  0x000002a8258b24f8: ;   {runtime_call _new_instance_Java}
  0x000002a8258b24f8: c5f8 77e8 

  0x000002a8258b24fc: ; ImmutableOopMap {rbp=Oop [32]=Oop [40]=Oop [48]=Oop }
                      ;*new {reexecute=0 rethrow=0 return_oop=1}
                      ; - java.security.SecureClassLoader::getProtectionDomain@6 (line 221)
                      ; - java.security.SecureClassLoader::defineClass@9 (line 150)
  0x000002a8258b24fc: 800d 30ff 

  0x000002a8258b2500: ;   {other}
  0x000002a8258b2500: 0f1f 8400 | f01a 0015 | 4c8b c0e9 | cae9 ffff | 4489 5424 | 7844 8b54 | 2440 4489 | 5424 5c48 
  0x000002a8258b2520: 895c 2470 | 4c89 6c24 | 684c 895c | 2460 448b | 5c24 4444 | 895c 2458 | 4489 4424 | 54c5 fa11 
  0x000002a8258b2540: 4424 504c | 8b54 2448 | 4c89 5424 | 404c 8974 | 2420 488b 

  0x000002a8258b2554: ;   {metadata('java/lang/String')}
  0x000002a8258b2554: 6c24 2848 | ba10 0a01 | 37a8 0200 | 0066 6690 

  0x000002a8258b2564: ;   {runtime_call _new_instance_Java}
  0x000002a8258b2564: c5f8 77e8 

  0x000002a8258b2568: ; ImmutableOopMap {rbp=Oop [32]=Oop [48]=Oop [64]=Oop [80]=NarrowOop [92]=NarrowOop [96]=Oop [104]=Derived_oop_[96] [112]=Oop }
                      ;*new {reexecute=0 rethrow=0 return_oop=1}
                      ; - java.lang.StringLatin1::newString@7 (line 756)
                      ; - java.lang.String::substring@41 (line 2828)
                      ; - java.lang.ClassLoader::checkCerts@21 (line 1164)
                      ; - java.lang.ClassLoader::preDefineClass@113 (line 917)
                      ; - java.lang.ClassLoader::defineClass@4 (line 1025)
                      ; - java.security.SecureClassLoader::defineClass@12 (line 150)
  0x000002a8258b2568: 140d 30ff 

  0x000002a8258b256c: ;   {other}
  0x000002a8258b256c: 0f1f 8400 | 5c1b 0016 | 4889 6c24 | 284c 8b74 | 2420 4c8b | 5424 404c | 8954 2448 | c5fa 1044 
  0x000002a8258b258c: 2450 448b | 4424 5444 | 8b5c 2458 | 4489 5c24 | 444c 8b5c | 2460 c5fb | 104c 2468 | 488b 5c24 
  0x000002a8258b25ac: 708b 4c24 | 5c89 4c24 | 4044 8b54 | 2478 488b | f0e9 d8eb | ffff 4c89 | 8424 8800 | 0000 4c89 
  0x000002a8258b25cc: 8c24 8000 | 0000 4889 | 7424 7844 | 8954 2470 | 448b 5424 | 4044 8954 | 2454 4889 | 5c24 68c5 
  0x000002a8258b25ec: fb11 4c24 | 604c 895c | 2458 448b | 5424 4444 | 8954 2450 | 4c89 7424 | 404c 8b54 | 2428 4c89 
  0x000002a8258b260c: ;   {metadata({type array byte})}
  0x000002a8258b260c: 5424 2048 | baa0 2500 | 37a8 0200 | 0044 8b44 | 2470 6690 

  0x000002a8258b2620: ;   {runtime_call _new_array_nozero_Java}
  0x000002a8258b2620: c5f8 77e8 

  0x000002a8258b2624: ; ImmutableOopMap {[32]=Oop [48]=Oop [64]=Oop [72]=Oop [84]=NarrowOop [88]=Oop [96]=Derived_oop_[88] [104]=Oop [120]=Oop }
                      ;*newarray {reexecute=0 rethrow=0 return_oop=1}
                      ; - java.util.Arrays::copyOfRangeByte@10 (line 3863)
                      ; - java.util.Arrays::copyOfRange@13 (line 3854)
                      ; - java.lang.StringLatin1::newString@16 (line 756)
                      ; - java.lang.String::substring@41 (line 2828)
                      ; - java.lang.ClassLoader::checkCerts@21 (line 1164)
                      ; - java.lang.ClassLoader::preDefineClass@113 (line 917)
                      ; - java.lang.ClassLoader::defineClass@4 (line 1025)
                      ; - java.security.SecureClassLoader::defineClass@12 (line 150)
  0x000002a8258b2624: 5823 30ff 

  0x000002a8258b2628: ;   {other}
  0x000002a8258b2628: 0f1f 8400 | 181c 0017 | 4c8b 5424 | 204c 8954 | 2428 4c8b | 7424 4044 | 8b5c 2450 | 4489 5c24 
  0x000002a8258b2648: 44c5 fb10 | 4c24 6048 | 8b5c 2468 | 448b 5c24 | 5444 895c | 2440 448b | 5424 7048 | 8b74 2478 
  0x000002a8258b2668: 4c8b 8c24 | 8000 0000 | 4c8b 8424 | 8800 0000 | 4c8b e8e9 | 48ec ffff | bae4 ffff | ff44 8954 
  0x000002a8258b2688: 2420 448b | 5424 3844 | 8954 2424 | 448b 5c24 | 3c44 895c | 2438 4889 | 5c24 584c | 8974 2460 
  0x000002a8258b26a8: 448b 5424 | 4044 8954 | 243c c5fa | 1144 2444 

  0x000002a8258b26b8: ;   {runtime_call UncommonTrapBlob}
  0x000002a8258b26b8: c5f8 77e8 

  0x000002a8258b26bc: ; ImmutableOopMap {[40]=Oop [48]=Oop [60]=NarrowOop [68]=NarrowOop [72]=Oop [88]=Oop [96]=Oop }
                      ;*baload {reexecute=0 rethrow=0 return_oop=0}
                      ; - java.lang.StringLatin1::lastIndexOf@24 (line 290)
                      ; - java.lang.String::lastIndexOf@13 (line 2562)
                      ; - java.lang.String::lastIndexOf@8 (line 2524)
                      ; - java.lang.ClassLoader::checkCerts@3 (line 1163)
                      ; - java.lang.ClassLoader::preDefineClass@113 (line 917)
                      ; - java.lang.ClassLoader::defineClass@4 (line 1025)
                      ; - java.security.SecureClassLoader::defineClass@12 (line 150)
  0x000002a8258b26bc: 4054 23ff 

  0x000002a8258b26c0: ;   {other}
  0x000002a8258b26c0: 0f1f 8400 | b01c 0018 | 4489 5c24 | 4089 5424 | 3c44 894c | 2438 4c8b | 5424 204c | 8954 2430 
  0x000002a8258b26e0: 4c8b 5424 | 484c 8954 

  0x000002a8258b26e8: ;   {metadata('java/lang/String')}
  0x000002a8258b26e8: 2420 48ba | 100a 0137 | a802 0000 

  0x000002a8258b26f4: ;   {runtime_call _new_instance_Java}
  0x000002a8258b26f4: c5f8 77e8 

  0x000002a8258b26f8: ; ImmutableOopMap {rbp=Oop [32]=Oop [40]=Oop [48]=Oop [56]=NarrowOop }
                      ;*new {reexecute=0 rethrow=0 return_oop=1}
                      ; - java.lang.StringLatin1::newString@7 (line 756)
                      ; - java.lang.String::substring@41 (line 2828)
                      ; - java.lang.Class::getPackageName@62 (line 1171)
                      ; - java.lang.ClassLoader::postDefineClass@2 (line 934)
                      ; - java.lang.ClassLoader::defineClass@37 (line 1028)
                      ; - java.security.SecureClassLoader::defineClass@12 (line 150)
  0x000002a8258b26f8: 840b 30ff 

  0x000002a8258b26fc: ;   {other}
  0x000002a8258b26fc: 0f1f 8400 | ec1c 0019 | 4c8b 5c24 | 204c 895c | 2448 4c8b | 5c24 304c | 895c 2420 | 448b 4c24 
  0x000002a8258b271c: 388b 5424 | 3c44 8b5c | 2440 488b | d8e9 64ee | ffff 4c89 | 9424 8000 | 0000 4889 | 7424 7844 
  0x000002a8258b273c: 8b4c 2440 | 4489 4c24 | 7048 895c | 2468 c5fb | 114c 2460 | 4c89 5c24 | 5844 8b5c | 2444 4489 
  0x000002a8258b275c: 5c24 54c5 | fa11 4424 | 504c 8b5c | 2448 4c89 | 5c24 404c | 8974 2420 | 488b 6c24 

  0x000002a8258b2778: ;   {metadata({type array byte})}
  0x000002a8258b2778: 2848 baa0 | 2500 37a8 | 0200 0090 

  0x000002a8258b2784: ;   {runtime_call _new_array_nozero_Java}
  0x000002a8258b2784: c5f8 77e8 

  0x000002a8258b2788: ; ImmutableOopMap {rbp=Oop [32]=Oop [48]=Oop [64]=Oop [80]=NarrowOop [88]=Oop [96]=Derived_oop_[88] [104]=Oop [112]=NarrowOop [120]=Oop }
                      ;*invokevirtual clone {reexecute=1 rethrow=0 return_oop=1}
                      ; - (reexecute) java.util.Arrays::copyOfRange@18 (line 3856)
                      ; - java.lang.StringLatin1::newString@16 (line 756)
                      ; - java.lang.String::substring@41 (line 2828)
                      ; - java.lang.ClassLoader::checkCerts@21 (line 1164)
                      ; - java.lang.ClassLoader::preDefineClass@113 (line 917)
                      ; - java.lang.ClassLoader::defineClass@4 (line 1025)
                      ; - java.security.SecureClassLoader::defineClass@12 (line 150)
  0x000002a8258b2788: f421 30ff 

  0x000002a8258b278c: ;   {other}
  0x000002a8258b278c: 0f1f 8400 | 7c1d 001a | 4889 6c24 | 284c 8b74 | 2420 4c8b | 5424 404c | 8954 2448 | 448b 5424 
  0x000002a8258b27ac: 5444 8954 | 2444 c5fb | 104c 2460 | 488b 5c24 | 6844 8b5c | 2470 4489 | 5c24 4048 | 8b74 2478 
  0x000002a8258b27cc: 4c8b 9424 | 8000 0000 | 488b f8e9 | 27ea ffff | 4c89 4c24 | 7048 894c | 2468 4c89 | 5424 5848 
  0x000002a8258b27ec: 895c 2450 | 4489 5c24 | 384c 8b54 | 2420 4c89 | 5424 304c | 8b54 2448 | 4c89 5424 

  0x000002a8258b2808: ;   {metadata({type array byte})}
  0x000002a8258b2808: 2048 baa0 | 2500 37a8 | 0200 0045 | 8bc3 6690 

  0x000002a8258b2818: ;   {runtime_call _new_array_nozero_Java}
  0x000002a8258b2818: c5f8 77e8 

  0x000002a8258b281c: ; ImmutableOopMap {rbp=Oop [88]=Derived_oop_rbp [32]=Oop [40]=Oop [48]=Oop [80]=Oop }
                      ;*newarray {reexecute=0 rethrow=0 return_oop=1}
                      ; - java.util.Arrays::copyOfRangeByte@10 (line 3863)
                      ; - java.util.Arrays::copyOfRange@13 (line 3854)
                      ; - java.lang.StringLatin1::newString@16 (line 756)
                      ; - java.lang.String::substring@41 (line 2828)
                      ; - java.lang.Class::getPackageName@62 (line 1171)
                      ; - java.lang.ClassLoader::postDefineClass@2 (line 934)
                      ; - java.lang.ClassLoader::defineClass@37 (line 1028)
                      ; - java.security.SecureClassLoader::defineClass@12 (line 150)
  0x000002a8258b281c: 6021 30ff 

  0x000002a8258b2820: ;   {other}
  0x000002a8258b2820: 0f1f 8400 | 101e 001b | 4c8b 5424 | 204c 8954 | 2448 4c8b | 5424 304c | 8954 2420 | 448b 5c24 
  0x000002a8258b2840: 3848 8b5c | 2450 4c8b | 5424 5848 | 8b4c 2468 | 4c8b 4c24 | 7048 8bf0 | e96a eeff | ffba e4ff 
  0x000002a8258b2860: ffff 488b | 6c24 204c | 8b54 2448 | 4c89 5424 | 304c 8944 | 2448 4489 | 4c24 5844 | 895c 245c 
  0x000002a8258b2880: ;   {runtime_call UncommonTrapBlob}
  0x000002a8258b2880: c5f8 77e8 

  0x000002a8258b2884: ; ImmutableOopMap {rbp=Oop [40]=Oop [48]=Oop [72]=Oop [88]=NarrowOop }
                      ;*baload {reexecute=0 rethrow=0 return_oop=0}
                      ; - java.lang.StringLatin1::lastIndexOf@24 (line 290)
                      ; - java.lang.String::lastIndexOf@13 (line 2562)
                      ; - java.lang.String::lastIndexOf@8 (line 2524)
                      ; - java.lang.Class::getPackageName@47 (line 1170)
                      ; - java.lang.ClassLoader::postDefineClass@2 (line 934)
                      ; - java.lang.ClassLoader::defineClass@37 (line 1028)
                      ; - java.security.SecureClassLoader::defineClass@12 (line 150)
  0x000002a8258b2884: 7852 23ff 

  0x000002a8258b2888: ;   {other}
  0x000002a8258b2888: 0f1f 8400 | 781e 001c | 4889 7424 | 684c 8954 | 2458 4889 | 5c24 5044 | 8bda 4489 | 4c24 384c 
  0x000002a8258b28a8: 8b54 2420 | 4c89 5424 | 304c 8b54 | 2448 4c89 

  0x000002a8258b28b8: ;   {metadata({type array byte})}
  0x000002a8258b28b8: 5424 2048 | baa0 2500 | 37a8 0200 | 0045 8bc3 

  0x000002a8258b28c8: ;   {runtime_call _new_array_nozero_Java}
  0x000002a8258b28c8: c5f8 77e8 

  0x000002a8258b28cc: ; ImmutableOopMap {rbp=Oop [88]=Derived_oop_rbp [32]=Oop [40]=Oop [48]=Oop [56]=NarrowOop [80]=Oop }
                      ;*invokevirtual clone {reexecute=1 rethrow=0 return_oop=1}
                      ; - (reexecute) java.util.Arrays::copyOfRange@18 (line 3856)
                      ; - java.lang.StringLatin1::newString@16 (line 756)
                      ; - java.lang.String::substring@41 (line 2828)
                      ; - java.lang.Class::getPackageName@62 (line 1171)
                      ; - java.lang.ClassLoader::postDefineClass@2 (line 934)
                      ; - java.lang.ClassLoader::defineClass@37 (line 1028)
                      ; - java.security.SecureClassLoader::defineClass@12 (line 150)
  0x000002a8258b28cc: b020 30ff 

  0x000002a8258b28d0: ;   {other}
  0x000002a8258b28d0: 0f1f 8400 | c01e 001d | 4c8b 5424 | 204c 8954 | 2448 4c8b | 5424 304c | 8954 2420 | 488b 5c24 
  0x000002a8258b28f0: 504c 8b54 | 2458 488b | 7424 6848 | 8bf8 e9fe | ecff ffba | f6ff ffff | 488b ef4c | 895c 2420 
  0x000002a8258b2910: ;   {runtime_call UncommonTrapBlob}
  0x000002a8258b2910: c5f8 77e8 

  0x000002a8258b2914: ; ImmutableOopMap {rbp=Oop [32]=Oop }
                      ;*invokevirtual putIfAbsent {reexecute=0 rethrow=0 return_oop=0}
                      ; - java.lang.ClassLoader::checkCerts@62 (line 1171)
                      ; - java.lang.ClassLoader::preDefineClass@113 (line 917)
                      ; - java.lang.ClassLoader::defineClass@4 (line 1025)
                      ; - java.security.SecureClassLoader::defineClass@12 (line 150)
  0x000002a8258b2914: e851 23ff 

  0x000002a8258b2918: ;   {other}
  0x000002a8258b2918: 0f1f 8400 | 081f 001e | baf6 ffff | ff66 6690 

  0x000002a8258b2928: ;   {runtime_call UncommonTrapBlob}
  0x000002a8258b2928: c5f8 77e8 

  0x000002a8258b292c: ; ImmutableOopMap {rbp=NarrowOop }
                      ;*invokevirtual toExternalForm {reexecute=0 rethrow=0 return_oop=0}
                      ; - java.net.URL::toExternalForm@5 (line 1203)
                      ; - java.net.URL::toString@1 (line 1189)
                      ; - java.lang.ClassLoader::defineClassSourceLocation@22 (line 927)
                      ; - java.lang.ClassLoader::defineClass@12 (line 1026)
                      ; - java.security.SecureClassLoader::defineClass@12 (line 150)
  0x000002a8258b292c: d051 23ff 

  0x000002a8258b2930: ;   {other}
  0x000002a8258b2930: 0f1f 8400 | 201f 001f | bade ffff | ff4c 8944 | 2440 4c89 | 4c24 4890 

  0x000002a8258b2948: ;   {runtime_call UncommonTrapBlob}
  0x000002a8258b2948: c5f8 77e8 

  0x000002a8258b294c: ; ImmutableOopMap {rbp=NarrowOop [32]=Oop [40]=Oop [48]=Oop [64]=Oop [72]=Oop }
                      ;*invokeinterface computeIfAbsent {reexecute=0 rethrow=0 return_oop=0}
                      ; - java.security.SecureClassLoader::getProtectionDomain@28 (line 222)
                      ; - java.security.SecureClassLoader::defineClass@9 (line 150)
  0x000002a8258b294c: b051 23ff 

  0x000002a8258b2950: ;   {other}
  0x000002a8258b2950: 0f1f 8400 | 401f 0020 | ba45 ffff | ff48 8b6c | 2428 6690 

  0x000002a8258b2964: ;   {runtime_call UncommonTrapBlob}
  0x000002a8258b2964: c5f8 77e8 

  0x000002a8258b2968: ; ImmutableOopMap {rbp=Oop [32]=Oop [48]=Oop [72]=Oop }
                      ;*ifeq {reexecute=1 rethrow=0 return_oop=0}
                      ; - (reexecute) java.lang.ClassLoader::checkName@8 (line 1155)
                      ; - java.lang.ClassLoader::preDefineClass@1 (line 900)
                      ; - java.lang.ClassLoader::defineClass@4 (line 1025)
                      ; - java.security.SecureClassLoader::defineClass@12 (line 150)
  0x000002a8258b2968: 9451 23ff 

  0x000002a8258b296c: ;   {other}
  0x000002a8258b296c: 0f1f 8400 | 5c1f 0021 | bace ffff | ff48 8b6c | 2428 894c | 2458 4489 | 5424 5c90 

  0x000002a8258b2988: ;   {runtime_call UncommonTrapBlob}
  0x000002a8258b2988: c5f8 77e8 

  0x000002a8258b298c: ; ImmutableOopMap {rbp=Oop [32]=Oop [48]=Oop [72]=Oop [88]=NarrowOop }
                      ;*invokestatic indexOfChar {reexecute=0 rethrow=0 return_oop=0}
                      ; - java.lang.StringLatin1::indexOf@33 (line 208)
                      ; - java.lang.String::indexOf@17 (line 2450)
                      ; - java.lang.String::indexOf@3 (line 2394)
                      ; - java.lang.ClassLoader::checkName@16 (line 1157)
                      ; - java.lang.ClassLoader::preDefineClass@1 (line 900)
                      ; - java.lang.ClassLoader::defineClass@4 (line 1025)
                      ; - java.security.SecureClassLoader::defineClass@12 (line 150)
  0x000002a8258b298c: 7051 23ff 

  0x000002a8258b2990: ;   {other}
  0x000002a8258b2990: 0f1f 8400 | 801f 0022 | 4d63 cae9 | aae8 ffff | 4983 c1fe | 498b c949 | 8bfb 4833 | c048 83f9 
  0x000002a8258b29b0: 087f 1048 | ffc9 7856 | 4889 04cf | 48ff c97d | f7eb 4bc5 | fdef c0e9 | 0d00 0000 | c5fe 7f07 
  0x000002a8258b29d0: c5fe 7f47 | 2048 83c7 | 4048 83e9 | 087d ed48 | 83c1 047c | 0cc5 fe7f | 0748 83c7 | 2048 83e9 
  0x000002a8258b29f0: 0448 83c1 | 047e 1748 | c7c0 ffff | ffff c4e2 | f0f5 c0c4 | e1fb 92f8 | 62f1 fe2f | 7f07 e9f9 
  0x000002a8258b2a10: e8ff ffba | ccff ffff | 4489 5424 | 2044 8b54 | 2438 4489 | 5424 2444 | 8b5c 243c | 4489 5c24 
  0x000002a8258b2a30: 3848 895c | 2458 4c89 | 7424 6044 | 8b5c 2440 | 4489 5c24 | 3c48 8974 | 2468 c5fa | 1144 2470 
  0x000002a8258b2a50: ;   {runtime_call UncommonTrapBlob}
  0x000002a8258b2a50: c5f8 77e8 

  0x000002a8258b2a54: ; ImmutableOopMap {[40]=Oop [48]=Oop [60]=NarrowOop [72]=Oop [88]=Oop [96]=Oop [104]=Oop [112]=NarrowOop }
                      ;*newarray {reexecute=1 rethrow=0 return_oop=0}
                      ; - (reexecute) java.util.Arrays::copyOfRangeByte@10 (line 3863)
                      ; - java.util.Arrays::copyOfRange@13 (line 3854)
                      ; - java.lang.StringLatin1::newString@16 (line 756)
                      ; - java.lang.String::substring@41 (line 2828)
                      ; - java.lang.ClassLoader::checkCerts@21 (line 1164)
                      ; - java.lang.ClassLoader::preDefineClass@113 (line 917)
                      ; - java.lang.ClassLoader::defineClass@4 (line 1025)
                      ; - java.security.SecureClassLoader::defineClass@12 (line 150)
  0x000002a8258b2a54: a850 23ff 

  0x000002a8258b2a58: ;   {other}
  0x000002a8258b2a58: 0f1f 8400 | 4820 0023 | 4533 d245 | 85c9 410f | 94c2 ba45 | ffff ff48 | 8b6c 2428 | 4489 5424 
  0x000002a8258b2a78: 6066 6690 

  0x000002a8258b2a7c: ;   {runtime_call UncommonTrapBlob}
  0x000002a8258b2a7c: c5f8 77e8 

  0x000002a8258b2a80: ; ImmutableOopMap {rbp=Oop [32]=Oop [48]=Oop [72]=Oop }
                      ;*ifeq {reexecute=1 rethrow=0 return_oop=0}
                      ; - (reexecute) java.lang.String::indexOf@4 (line 2450)
                      ; - java.lang.String::indexOf@3 (line 2394)
                      ; - java.lang.ClassLoader::checkName@16 (line 1157)
                      ; - java.lang.ClassLoader::preDefineClass@1 (line 900)
                      ; - java.lang.ClassLoader::defineClass@4 (line 1025)
                      ; - java.security.SecureClassLoader::defineClass@12 (line 150)
  0x000002a8258b2a80: 7c50 23ff 

  0x000002a8258b2a84: ;   {other}
  0x000002a8258b2a84: 0f1f 8400 | 7420 0024 | ba45 ffff | ff48 8b6c | 2428 895c | 2450 6690 

  0x000002a8258b2a9c: ;   {runtime_call UncommonTrapBlob}
  0x000002a8258b2a9c: c5f8 77e8 

  0x000002a8258b2aa0: ; ImmutableOopMap {rbp=Oop [32]=Oop [48]=Oop [72]=Oop }
                      ;*if_icmpne {reexecute=1 rethrow=0 return_oop=0}
                      ; - (reexecute) java.lang.ClassLoader::checkName@20 (line 1157)
                      ; - java.lang.ClassLoader::preDefineClass@1 (line 900)
                      ; - java.lang.ClassLoader::defineClass@4 (line 1025)
                      ; - java.security.SecureClassLoader::defineClass@12 (line 150)
  0x000002a8258b2aa0: 5c50 23ff 

  0x000002a8258b2aa4: ;   {other}
  0x000002a8258b2aa4: 0f1f 8400 | 9420 0025 | ba45 ffff | ff44 8954 | 2420 4489 | 5424 2448 | 895c 2458 | 4c89 7424 
  0x000002a8258b2ac4: 604c 8974 | 2468 4489 | 4c24 7090 

  0x000002a8258b2ad0: ;   {runtime_call UncommonTrapBlob}
  0x000002a8258b2ad0: c5f8 77e8 

  0x000002a8258b2ad4: ; ImmutableOopMap {[40]=Oop [48]=Oop [64]=NarrowOop [72]=Oop [88]=Oop [96]=Oop [104]=Oop }
                      ;*if_icmpgt {reexecute=1 rethrow=0 return_oop=0}
                      ; - (reexecute) jdk.internal.util.Preconditions::checkFromToIndex@6 (line 348)
                      ; - java.lang.String::checkBoundsBeginEnd@6 (line 4855)
                      ; - java.lang.String::substring@8 (line 2823)
                      ; - java.lang.ClassLoader::checkCerts@21 (line 1164)
                      ; - java.lang.ClassLoader::preDefineClass@113 (line 917)
                      ; - java.lang.ClassLoader::defineClass@4 (line 1025)
                      ; - java.security.SecureClassLoader::defineClass@12 (line 150)
  0x000002a8258b2ad4: 2850 23ff 

  0x000002a8258b2ad8: ;   {other}
  0x000002a8258b2ad8: 0f1f 8400 | c820 0026 | ba45 ffff | ff66 6690 

  0x000002a8258b2ae8: ;   {runtime_call UncommonTrapBlob}
  0x000002a8258b2ae8: c5f8 77e8 

  0x000002a8258b2aec: ; ImmutableOopMap {rbp=Oop [32]=Oop [40]=Oop [48]=Oop }
                      ;*ifnonnull {reexecute=1 rethrow=0 return_oop=0}
                      ; - (reexecute) java.security.SecureClassLoader::getProtectionDomain@1 (line 213)
                      ; - java.security.SecureClassLoader::defineClass@9 (line 150)
  0x000002a8258b2aec: 1050 23ff 

  0x000002a8258b2af0: ;   {other}
  0x000002a8258b2af0: 0f1f 8400 | e020 0027 | ba45 ffff | ff4c 8974 | 2450 6690 

  0x000002a8258b2b04: ;   {runtime_call UncommonTrapBlob}
  0x000002a8258b2b04: c5f8 77e8 

  0x000002a8258b2b08: ; ImmutableOopMap {[40]=Oop [48]=Oop [72]=Oop [80]=Oop }
                      ;*if_icmpne {reexecute=1 rethrow=0 return_oop=0}
                      ; - (reexecute) java.lang.ClassLoader::checkName@30 (line 1157)
                      ; - java.lang.ClassLoader::preDefineClass@1 (line 900)
                      ; - java.lang.ClassLoader::defineClass@4 (line 1025)
                      ; - java.security.SecureClassLoader::defineClass@12 (line 150)
  0x000002a8258b2b08: f44f 23ff 

  0x000002a8258b2b0c: ;   {other}
  0x000002a8258b2b0c: 0f1f 8400 | fc20 0028 | ba45 ffff | ff48 8b6c | 2428 4c8b | 5424 484c | 8954 2440 | 4489 5c24 
  0x000002a8258b2b2c: 4866 6690 

  0x000002a8258b2b30: ;   {runtime_call UncommonTrapBlob}
  0x000002a8258b2b30: c5f8 77e8 

  0x000002a8258b2b34: ; ImmutableOopMap {rbp=Oop [32]=Oop [48]=Oop [64]=Oop }
                      ;*ifne {reexecute=1 rethrow=0 return_oop=0}
                      ; - (reexecute) java.lang.ClassLoader::compareCerts@7 (line 1186)
                      ; - java.lang.ClassLoader::checkCerts@80 (line 1172)
                      ; - java.lang.ClassLoader::preDefineClass@113 (line 917)
                      ; - java.lang.ClassLoader::defineClass@4 (line 1025)
                      ; - java.security.SecureClassLoader::defineClass@12 (line 150)
  0x000002a8258b2b34: c84f 23ff 

  0x000002a8258b2b38: ;   {other}
  0x000002a8258b2b38: 0f1f 8400 | 2821 0029 | ba45 ffff | ff44 8954 | 2420 4489 | 5424 2448 | 895c 2458 | 4c89 7424 
  0x000002a8258b2b58: 604c 8974 | 2468 4489 | 4c24 7044 | 894c 2474 

  0x000002a8258b2b68: ;   {runtime_call UncommonTrapBlob}
  0x000002a8258b2b68: c5f8 77e8 

  0x000002a8258b2b6c: ; ImmutableOopMap {[40]=Oop [48]=Oop [64]=NarrowOop [72]=Oop [88]=Oop [96]=Oop [104]=Oop }
                      ;*if_icmple {reexecute=1 rethrow=0 return_oop=0}
                      ; - (reexecute) jdk.internal.util.Preconditions::checkFromToIndex@11 (line 348)
                      ; - java.lang.String::checkBoundsBeginEnd@6 (line 4855)
                      ; - java.lang.String::substring@8 (line 2823)
                      ; - java.lang.ClassLoader::checkCerts@21 (line 1164)
                      ; - java.lang.ClassLoader::preDefineClass@113 (line 917)
                      ; - java.lang.ClassLoader::defineClass@4 (line 1025)
                      ; - java.security.SecureClassLoader::defineClass@12 (line 150)
  0x000002a8258b2b6c: 904f 23ff 

  0x000002a8258b2b70: ;   {other}
  0x000002a8258b2b70: 0f1f 8400 | 6021 002a | 498b d7c5 | f877 49ba | 200d a3b1 | fe7f 0000 

  0x000002a8258b2b88: ;   {other}
  0x000002a8258b2b88: 41ff d20f | 1f84 0000 | 0000 00e9 | 7fe7 ffff | 8b7c 2440 | 458b 5cfc | 1445 85db | 0f84 51f0 
  0x000002a8258b2ba8: ffff 4d8b | 5728 498b | cb48 c1e1 | 034d 85d2 | 0f84 b206 | 0000 4d8b | 5f38 4b89 | 4c13 f849 
  0x000002a8258b2bc8: 83c2 f84d | 8957 28e9 | 27f0 ffff | 8bdd 458b | 54ec 1445 | 85d2 0f84 | 49f3 ffff | 4d8b 5f28 
  0x000002a8258b2be8: 498b ca48 | c1e1 034d | 85db 0f84 | 9806 0000 | 4d8b 5738 | 4b89 4c1a | f849 83c3 | f84d 895f 
  0x000002a8258b2c08: 28e9 1ff3 | ffff 4d8b | 5748 4d8b | 5f58 f083 | 4424 c000 | 8039 0074 | 3244 8821 | 4d85 d274 
  0x000002a8258b2c28: 0f4b 894c | 13f8 4983 | c2f8 4d89 | 5748 eb1b | 498b d7c5 | f877 49ba | 000d a3b1 | fe7f 0000 
  0x000002a8258b2c48: ;   {other}
  0x000002a8258b2c48: 41ff d20f | 1f84 0000 | 0000 0045 | 8b5c fc14 | 4585 db0f | 8487 0600 | 0049 8bdb | 48c1 e303 
  0x000002a8258b2c68: e9cb efff | ff4d 8b57 | 484d 8b5f | 58f0 8344 | 24c0 0041 | 8038 0074 | 3545 8820 | 4d85 d274 
  0x000002a8258b2c88: 0f4f 8944 | 13f8 4983 | c2f8 4d89 | 5748 eb1e | 498b c849 | 8bd7 c5f8 | 7749 ba00 | 0da3 b1fe 
  0x000002a8258b2ca8: 7f00 0041 

  0x000002a8258b2cac: ;   {other}
  0x000002a8258b2cac: ffd2 0f1f | 8400 0000 | 0000 458b | 5cdc 1445 | 85db 0f84 | 3c06 0000 | 4d8b d349 | c1e2 034c 
  0x000002a8258b2ccc: 8954 2438 | e998 f2ff | ffba 45ff | ffff 4889 | 4424 4090 

  0x000002a8258b2ce0: ;   {runtime_call UncommonTrapBlob}
  0x000002a8258b2ce0: c5f8 77e8 

  0x000002a8258b2ce4: ; ImmutableOopMap {[32]=Oop [40]=Oop [64]=Oop [72]=Oop }
                      ;*ifeq {reexecute=1 rethrow=0 return_oop=0}
                      ; - (reexecute) java.lang.Class::getPackageName@13 (line 1165)
                      ; - java.lang.ClassLoader::postDefineClass@2 (line 934)
                      ; - java.lang.ClassLoader::defineClass@37 (line 1028)
                      ; - java.security.SecureClassLoader::defineClass@12 (line 150)
  0x000002a8258b2ce4: 184e 23ff 

  0x000002a8258b2ce8: ;   {other}
  0x000002a8258b2ce8: 0f1f 8400 | d822 002b | 4963 cbe9 | 4ee9 ffff | 4883 c1fe | 488b fa48 | 33c0 4883 | f908 7f10 
  0x000002a8258b2d08: 48ff c978 | 5648 8904 | cf48 ffc9 | 7df7 eb4b | c5fd efc0 | e90d 0000 | 00c5 fe7f | 07c5 fe7f 
  0x000002a8258b2d28: 4720 4883 | c740 4883 | e908 7ded | 4883 c104 | 7c0c c5fe | 7f07 4883 | c720 4883 | e904 4883 
  0x000002a8258b2d48: c104 7e17 | 48c7 c0ff | ffff ffc4 | e2f0 f5c0 | c4e1 fb92 | f862 f1fe | 2f7f 07e9 | a5e9 ffff 
  0x000002a8258b2d68: bacc ffff | ff4c 8b54 | 2448 4c89 | 5424 3048 | 895c 2450 | 4489 4c24 | 5844 895c | 2460 6690 
  0x000002a8258b2d88: ;   {runtime_call UncommonTrapBlob}
  0x000002a8258b2d88: c5f8 77e8 

  0x000002a8258b2d8c: ; ImmutableOopMap {[32]=Oop [40]=Oop [48]=Oop [80]=Oop [88]=NarrowOop }
                      ;*newarray {reexecute=1 rethrow=0 return_oop=0}
                      ; - (reexecute) java.util.Arrays::copyOfRangeByte@10 (line 3863)
                      ; - java.util.Arrays::copyOfRange@13 (line 3854)
                      ; - java.lang.StringLatin1::newString@16 (line 756)
                      ; - java.lang.String::substring@41 (line 2828)
                      ; - java.lang.Class::getPackageName@62 (line 1171)
                      ; - java.lang.ClassLoader::postDefineClass@2 (line 934)
                      ; - java.lang.ClassLoader::defineClass@37 (line 1028)
                      ; - java.security.SecureClassLoader::defineClass@12 (line 150)
  0x000002a8258b2d8c: 704d 23ff 

  0x000002a8258b2d90: ;   {other}
  0x000002a8258b2d90: 0f1f 8400 | 8023 002c | 4585 db44 | 8b4c 2444 | 410f 94c1 | ba45 ffff | ff48 8b6c | 2420 4c8b 
  0x000002a8258b2db0: 5c24 484c | 895c 2430 | 4c89 4424 | 5044 8954 | 2458 4489 | 4c24 5c90 

  0x000002a8258b2dc8: ;   {runtime_call UncommonTrapBlob}
  0x000002a8258b2dc8: c5f8 77e8 

  0x000002a8258b2dcc: ; ImmutableOopMap {rbp=Oop [40]=Oop [48]=Oop [80]=Oop }
                      ;*ifeq {reexecute=1 rethrow=0 return_oop=0}
                      ; - (reexecute) java.lang.String::lastIndexOf@4 (line 2562)
                      ; - java.lang.String::lastIndexOf@8 (line 2524)
                      ; - java.lang.Class::getPackageName@47 (line 1170)
                      ; - java.lang.ClassLoader::postDefineClass@2 (line 934)
                      ; - java.lang.ClassLoader::defineClass@37 (line 1028)
                      ; - java.security.SecureClassLoader::defineClass@12 (line 150)
  0x000002a8258b2dcc: 304d 23ff 

  0x000002a8258b2dd0: ;   {other}
  0x000002a8258b2dd0: 0f1f 8400 | c023 002d | 498b d7c5 | f877 49ba | 200d a3b1 | fe7f 0000 

  0x000002a8258b2de8: ;   {other}
  0x000002a8258b2de8: 41ff d20f | 1f84 0000 | 0000 00e9 | 80e9 ffff | ba45 ffff | ff48 8b6c | 2420 4c8b | 5424 484c 
  0x000002a8258b2e08: 8954 2430 | 4c89 4424 | 4844 895c | 2458 894c | 245c 4489 | 5c24 6090 

  0x000002a8258b2e20: ;   {runtime_call UncommonTrapBlob}
  0x000002a8258b2e20: c5f8 77e8 

  0x000002a8258b2e24: ; ImmutableOopMap {rbp=Oop [40]=Oop [48]=Oop [72]=Oop }
                      ;*if_icmpgt {reexecute=1 rethrow=0 return_oop=0}
                      ; - (reexecute) jdk.internal.util.Preconditions::checkFromToIndex@6 (line 348)
                      ; - java.lang.String::checkBoundsBeginEnd@6 (line 4855)
                      ; - java.lang.String::substring@8 (line 2823)
                      ; - java.lang.Class::getPackageName@62 (line 1171)
                      ; - java.lang.ClassLoader::postDefineClass@2 (line 934)
                      ; - java.lang.ClassLoader::defineClass@37 (line 1028)
                      ; - java.security.SecureClassLoader::defineClass@12 (line 150)
  0x000002a8258b2e24: d84c 23ff 

  0x000002a8258b2e28: ;   {other}
  0x000002a8258b2e28: 0f1f 8400 | 1824 002e | ba45 ffff | ff48 8b6c | 2420 4c8b | 5424 484c | 8954 2430 | 4c89 4424 
  0x000002a8258b2e48: 4844 895c | 2458 894c | 245c 4489 | 5c24 6089 | 4c24 6490 

  0x000002a8258b2e5c: ;   {runtime_call UncommonTrapBlob}
  0x000002a8258b2e5c: c5f8 77e8 

  0x000002a8258b2e60: ; ImmutableOopMap {rbp=Oop [40]=Oop [48]=Oop [72]=Oop }
                      ;*if_icmple {reexecute=1 rethrow=0 return_oop=0}
                      ; - (reexecute) jdk.internal.util.Preconditions::checkFromToIndex@11 (line 348)
                      ; - java.lang.String::checkBoundsBeginEnd@6 (line 4855)
                      ; - java.lang.String::substring@8 (line 2823)
                      ; - java.lang.Class::getPackageName@62 (line 1171)
                      ; - java.lang.ClassLoader::postDefineClass@2 (line 934)
                      ; - java.lang.ClassLoader::defineClass@37 (line 1028)
                      ; - java.security.SecureClassLoader::defineClass@12 (line 150)
  0x000002a8258b2e60: 9c4c 23ff 

  0x000002a8258b2e64: ;   {other}
  0x000002a8258b2e64: 0f1f 8400 | 5424 002f | 498b d7c5 | f877 49ba | 200d a3b1 | fe7f 0000 

  0x000002a8258b2e7c: ;   {other}
  0x000002a8258b2e7c: 41ff d20f | 1f84 0000 | 0000 00e9 | 8ce8 ffff | 4c89 6c24 | 6845 8bc8 | 4489 5c24 | 5448 897c 
  0x000002a8258b2e9c: 2460 4889 | 5c24 5844 | 8b44 2444 | 4489 4424 | 504c 8974 | 2440 4c8b | 5c24 284c | 895c 2420 
  0x000002a8258b2ebc: 48ba 0000 | 0037 a802 | 0000 4903 | d245 8bc1 

  0x000002a8258b2ecc: ;   {runtime_call _new_array_Java}
  0x000002a8258b2ecc: c5f8 77e8 

  0x000002a8258b2ed0: ; ImmutableOopMap {rbp=Oop [32]=Oop [48]=Oop [64]=Oop [72]=Oop [84]=NarrowOop [88]=Oop [96]=Oop }
                      ;*invokevirtual clone {reexecute=1 rethrow=0 return_oop=1}
                      ; - (reexecute) java.security.CodeSource::getCertificates@11 (line 205)
                      ; - java.lang.ClassLoader::checkCerts@34 (line 1168)
                      ; - java.lang.ClassLoader::preDefineClass@113 (line 917)
                      ; - java.lang.ClassLoader::defineClass@4 (line 1025)
                      ; - java.security.SecureClassLoader::defineClass@12 (line 150)
  0x000002a8258b2ed0: ac1d 30ff 

  0x000002a8258b2ed4: ;   {other}
  0x000002a8258b2ed4: 0f1f 8400 | c424 0030 | 4c8b 5424 | 204c 8954 | 2428 4c8b | 7424 4044 | 8b54 2450 | 4489 5424 
  0x000002a8258b2ef4: 4448 8b5c | 2458 488b | 7c24 6044 | 8b5c 2454 | 4c8b 6c24 | 6848 8bf0 | e969 eaff | ff4c 894c 
  0x000002a8258b2f14: 2438 894c | 2430 48ba | 0000 0037 | a802 0000 | 4903 d344 | 8bc3 6690 

  0x000002a8258b2f2c: ;   {runtime_call _new_array_Java}
  0x000002a8258b2f2c: c5f8 77e8 

  0x000002a8258b2f30: ; ImmutableOopMap {rbp=Oop [32]=Oop [40]=Oop [48]=NarrowOop }
                      ;*invokevirtual clone {reexecute=1 rethrow=0 return_oop=1}
                      ; - (reexecute) java.security.CodeSource::getCertificates@11 (line 205)
                      ; - java.lang.ClassLoader::postDefineClass@24 (line 937)
                      ; - java.lang.ClassLoader::defineClass@37 (line 1028)
                      ; - java.security.SecureClassLoader::defineClass@12 (line 150)
  0x000002a8258b2f30: 4c1d 30ff 

  0x000002a8258b2f34: ;   {other}
  0x000002a8258b2f34: 0f1f 8400 | 2425 0031 | 8b4c 2430 | 4c8b 4c24 | 38e9 1bee | ffff bae4 | ffff ff48 | 8b6c 2428 
  0x000002a8258b2f54: c5fa 1144 | 2454 6690 

  0x000002a8258b2f5c: ;   {runtime_call UncommonTrapBlob}
  0x000002a8258b2f5c: c5f8 77e8 

  0x000002a8258b2f60: ; ImmutableOopMap {rbp=Oop [32]=Oop [48]=Oop [72]=Oop [84]=NarrowOop }
                      ;*baload {reexecute=0 rethrow=0 return_oop=0}
                      ; - jdk.internal.util.ArraysSupport::mismatch@82 (line 402)
                      ; - java.lang.String::startsWith@70 (line 2286)
                      ; - java.lang.String::startsWith@3 (line 2316)
                      ; - java.lang.ClassLoader::preDefineClass@43 (line 906)
                      ; - java.lang.ClassLoader::defineClass@4 (line 1025)
                      ; - java.security.SecureClassLoader::defineClass@12 (line 150)
  0x000002a8258b2f60: 9c4b 23ff 

  0x000002a8258b2f64: ;   {other}
  0x000002a8258b2f64: 0f1f 8400 | 5425 0032 | 4c89 4c24 | 7089 4c24 | 6848 897c | 2460 4489 | 5c24 5448 | 895c 2458 
  0x000002a8258b2f84: 448b 5c24 | 4444 895c | 2450 4c8b | 5424 484c | 8954 2440 | 4c89 7424 | 2048 8b6c 

  0x000002a8258b2fa0: ;   {metadata('java/util/ArrayList')}
  0x000002a8258b2fa0: 2428 48ba | 5802 1037 | a802 0000 

  0x000002a8258b2fac: ;   {runtime_call _new_instance_Java}
  0x000002a8258b2fac: c5f8 77e8 

  0x000002a8258b2fb0: ; ImmutableOopMap {rbp=Oop [32]=Oop [48]=Oop [64]=Oop [84]=NarrowOop [88]=Oop [96]=Oop [104]=NarrowOop [112]=Oop }
                      ;*new {reexecute=0 rethrow=0 return_oop=1}
                      ; - java.security.CodeSource::getCertificates@25 (line 209)
                      ; - java.lang.ClassLoader::checkCerts@34 (line 1168)
                      ; - java.lang.ClassLoader::preDefineClass@113 (line 917)
                      ; - java.lang.ClassLoader::defineClass@4 (line 1025)
                      ; - java.security.SecureClassLoader::defineClass@12 (line 150)
  0x000002a8258b2fb0: cc02 30ff 

  0x000002a8258b2fb4: ;   {other}
  0x000002a8258b2fb4: 0f1f 8400 | a425 0033 | 4889 6c24 | 284c 8b74 | 2420 4c8b | 5424 404c | 8954 2448 | 448b 5424 
  0x000002a8258b2fd4: 5044 8954 | 2444 488b | 5c24 5844 | 8b5c 2454 | 4489 5c24 | 4048 8b7c | 2460 8b4c | 2468 4c8b 
  0x000002a8258b2ff4: 4c24 70e9 | 0fea ffff | 4c89 4424 | 784c 894c | 2470 4889 | 7c24 684c | 895c 2460 | 4c89 5424 
  0x000002a8258b3014: 5848 895c | 2450 4c89 | 7424 2048 | 8b6c 2428 

  0x000002a8258b3024: ;   {metadata('java/security/cert/Certificate'[])}
  0x000002a8258b3024: 48ba e067 | 1637 a802 | 0000 448b | 4424 4490 

  0x000002a8258b3034: ;   {runtime_call _new_array_Java}
  0x000002a8258b3034: c5f8 77e8 

  0x000002a8258b3038: ; ImmutableOopMap {rbp=Oop [32]=Oop [48]=Oop [64]=NarrowOop [72]=Oop [80]=Oop [88]=Oop [104]=Oop [112]=Oop [120]=Oop }
                      ;*anewarray {reexecute=0 rethrow=0 return_oop=1}
                      ; - java.security.CodeSource::getCertificates@70 (line 215)
                      ; - java.lang.ClassLoader::checkCerts@34 (line 1168)
                      ; - java.lang.ClassLoader::preDefineClass@113 (line 917)
                      ; - java.lang.ClassLoader::defineClass@4 (line 1025)
                      ; - java.security.SecureClassLoader::defineClass@12 (line 150)
  0x000002a8258b3038: 441c 30ff 

  0x000002a8258b303c: ;   {other}
  0x000002a8258b303c: 0f1f 8400 | 2c26 0034 | e975 ebff | ff4c 8944 | 2470 4889 | 5c24 2848 | ba00 0000 | 37a8 0200 
  0x000002a8258b305c: 0049 03d2 | 458b c390 

  0x000002a8258b3064: ;   {runtime_call _new_array_Java}
  0x000002a8258b3064: c5f8 77e8 

  0x000002a8258b3068: ; ImmutableOopMap {rbp=Oop [32]=Oop [40]=Oop [48]=Oop [72]=Oop [80]=Oop [88]=Oop [104]=Oop }
                      ;*invokevirtual clone {reexecute=1 rethrow=0 return_oop=1}
                      ; - (reexecute) java.security.CodeSource::getCertificates@86 (line 217)
                      ; - java.lang.ClassLoader::checkCerts@34 (line 1168)
                      ; - java.lang.ClassLoader::preDefineClass@113 (line 917)
                      ; - java.lang.ClassLoader::defineClass@4 (line 1025)
                      ; - java.security.SecureClassLoader::defineClass@12 (line 150)
  0x000002a8258b3068: 141c 30ff 

  0x000002a8258b306c: ;   {other}
  0x000002a8258b306c: 0f1f 8400 | 5c26 0035 | 488b 5c24 | 284c 8b44 | 2470 488b | f0e9 1bec | ffff 4889 | 4c24 3844 
  0x000002a8258b308c: 8944 2434 | 4489 5424 | 3048 8b6c 

  0x000002a8258b3098: ;   {metadata('java/util/ArrayList')}
  0x000002a8258b3098: 2420 48ba | 5802 1037 | a802 0000 

  0x000002a8258b30a4: ;   {runtime_call _new_instance_Java}
  0x000002a8258b30a4: c5f8 77e8 

  0x000002a8258b30a8: ; ImmutableOopMap {rbp=Oop [40]=Oop [48]=NarrowOop [52]=NarrowOop [56]=Oop }
                      ;*new {reexecute=0 rethrow=0 return_oop=1}
                      ; - java.security.CodeSource::getCertificates@25 (line 209)
                      ; - java.lang.ClassLoader::postDefineClass@24 (line 937)
                      ; - java.lang.ClassLoader::defineClass@37 (line 1028)
                      ; - java.security.SecureClassLoader::defineClass@12 (line 150)
  0x000002a8258b30a8: d401 30ff 

  0x000002a8258b30ac: ;   {other}
  0x000002a8258b30ac: 0f1f 8400 | 9c26 0036 | 4889 6c24 | 2044 8b54 | 2430 448b | 4424 3448 | 8b4c 2438 | e913 edff 
  0x000002a8258b30cc: ff4c 894c | 2438 4889 | 4c24 3041 

  0x000002a8258b30d8: ;   {metadata('java/security/cert/Certificate'[])}
  0x000002a8258b30d8: 8bea 48ba | e067 1637 | a802 0000 | 448b 4424 | 4466 6690 

  0x000002a8258b30ec: ;   {runtime_call _new_array_Java}
  0x000002a8258b30ec: c5f8 77e8 

  0x000002a8258b30f0: ; ImmutableOopMap {rbp=NarrowOop [32]=Oop [40]=Oop [48]=Oop [56]=Oop }
                      ;*anewarray {reexecute=0 rethrow=0 return_oop=1}
                      ; - java.security.CodeSource::getCertificates@70 (line 215)
                      ; - java.lang.ClassLoader::postDefineClass@24 (line 937)
                      ; - java.lang.ClassLoader::defineClass@37 (line 1028)
                      ; - java.security.SecureClassLoader::defineClass@12 (line 150)
  0x000002a8258b30f0: 8c1b 30ff 

  0x000002a8258b30f4: ;   {other}
  0x000002a8258b30f4: 0f1f 8400 | e426 0037 | e9f1 edff | ff48 ba00 | 0000 37a8 | 0200 0049 | 03d2 6690 

  0x000002a8258b3110: ;   {runtime_call _new_array_Java}
  0x000002a8258b3110: c5f8 77e8 

  0x000002a8258b3114: ; ImmutableOopMap {[32]=Oop [40]=Oop [56]=Oop }
                      ;*invokevirtual clone {reexecute=1 rethrow=0 return_oop=1}
                      ; - (reexecute) java.security.CodeSource::getCertificates@86 (line 217)
                      ; - java.lang.ClassLoader::postDefineClass@24 (line 937)
                      ; - java.lang.ClassLoader::defineClass@37 (line 1028)
                      ; - java.security.SecureClassLoader::defineClass@12 (line 150)
  0x000002a8258b3114: 681b 30ff 

  0x000002a8258b3118: ;   {other}
  0x000002a8258b3118: 0f1f 8400 | 0827 0038 | e9b9 eeff | ffba 76ff | ffff 488b | 6c24 284c | 8b54 2448 | 4c89 5424 
  0x000002a8258b3138: 4048 894c | 2458 4489 | 4424 6089 | 7c24 6489 | 5c24 684c | 894c 2470 | 4489 5c24 | 7866 6690 
  0x000002a8258b3158: ;   {runtime_call UncommonTrapBlob}
  0x000002a8258b3158: c5f8 77e8 

  0x000002a8258b315c: ; ImmutableOopMap {rbp=Oop [32]=Oop [48]=Oop [64]=Oop [88]=Oop [104]=NarrowOop [112]=Oop }
                      ;*if_icmpge {reexecute=1 rethrow=0 return_oop=0}
                      ; - (reexecute) java.lang.ClassLoader::compareCerts@67 (line 1197)
                      ; - java.lang.ClassLoader::checkCerts@80 (line 1172)
                      ; - java.lang.ClassLoader::preDefineClass@113 (line 917)
                      ; - java.lang.ClassLoader::defineClass@4 (line 1025)
                      ; - java.security.SecureClassLoader::defineClass@12 (line 150)
  0x000002a8258b315c: a049 23ff 

  0x000002a8258b3160: ;   {other}
  0x000002a8258b3160: 0f1f 8400 | 5027 0039 | ba76 ffff | ff48 8b6c | 2428 4c8b | 4424 484c | 8944 2440 | 4c8b 4424 
  0x000002a8258b3180: 7044 8954 | 245c 4489 | 4c24 604c | 8944 2468 | 448b 9424 | 9400 0000 | 4489 5424 | 7066 6690 
  0x000002a8258b31a0: ;   {runtime_call UncommonTrapBlob}
  0x000002a8258b31a0: c5f8 77e8 

  0x000002a8258b31a4: ; ImmutableOopMap {rbp=Oop [32]=Oop [48]=Oop [64]=Oop [80]=Oop [96]=NarrowOop [104]=Oop }
                      ;*if_icmpge {reexecute=1 rethrow=0 return_oop=0}
                      ; - (reexecute) java.lang.ClassLoader::compareCerts@152 (line 1209)
                      ; - java.lang.ClassLoader::checkCerts@80 (line 1172)
                      ; - java.lang.ClassLoader::preDefineClass@113 (line 917)
                      ; - java.lang.ClassLoader::defineClass@4 (line 1025)
                      ; - java.security.SecureClassLoader::defineClass@12 (line 150)
  0x000002a8258b31a4: 5849 23ff 

  0x000002a8258b31a8: ;   {other}
  0x000002a8258b31a8: 0f1f 8400 | 9827 003a | bae4 ffff | ff48 8b6c | 2428 4c8b | 5424 304c | 8954 2428 | 448b 4c24 
  0x000002a8258b31c8: 3844 894c | 2430 448b | 5424 3c44 | 8954 2434 | 4c8b 5424 | 484c 8954 | 2438 4889 | 5c24 484c 
  0x000002a8258b31e8: 8974 2450 | 4889 7c24 | 584c 8944 | 2468 894c | 2470 4489 | 5c24 7490 

  0x000002a8258b3200: ;   {runtime_call UncommonTrapBlob}
  0x000002a8258b3200: c5f8 77e8 

  0x000002a8258b3204: ; ImmutableOopMap {rbp=Oop [40]=Oop [56]=Oop [64]=NarrowOop [72]=Oop [80]=Oop [88]=Oop [104]=Oop [112]=NarrowOop }
                      ;*aaload {reexecute=0 rethrow=0 return_oop=0}
                      ; - java.security.CodeSource::getCertificates@50 (line 212)
                      ; - java.lang.ClassLoader::checkCerts@34 (line 1168)
                      ; - java.lang.ClassLoader::preDefineClass@113 (line 917)
                      ; - java.lang.ClassLoader::defineClass@4 (line 1025)
                      ; - java.security.SecureClassLoader::defineClass@12 (line 150)
  0x000002a8258b3204: f848 23ff 

  0x000002a8258b3208: ;   {other}
  0x000002a8258b3208: 0f1f 8400 | f827 003b | bae4 ffff | ff44 8954 | 2430 4c89 | 4c24 4044 | 8944 2448 | 4489 5c24 
  0x000002a8258b3228: 4c66 6690 

  0x000002a8258b322c: ;   {runtime_call UncommonTrapBlob}
  0x000002a8258b322c: c5f8 77e8 

  0x000002a8258b3230: ; ImmutableOopMap {[32]=Oop [40]=Oop [48]=NarrowOop [64]=Oop [72]=NarrowOop }
                      ;*aaload {reexecute=0 rethrow=0 return_oop=0}
                      ; - java.security.CodeSource::getCertificates@50 (line 212)
                      ; - java.lang.ClassLoader::postDefineClass@24 (line 937)
                      ; - java.lang.ClassLoader::defineClass@37 (line 1028)
                      ; - java.security.SecureClassLoader::defineClass@12 (line 150)
  0x000002a8258b3230: cc48 23ff 

  0x000002a8258b3234: ;   {other}
  0x000002a8258b3234: 0f1f 8400 | 2428 003c | ba76 ffff | ff48 8b6c | 2428 4c8b | 5424 484c | 8954 2440 | 4c89 4c24 
  0x000002a8258b3254: 4848 894c | 2458 4489 | 4424 6490 

  0x000002a8258b3260: ;   {runtime_call UncommonTrapBlob}
  0x000002a8258b3260: c5f8 77e8 

  0x000002a8258b3264: ; ImmutableOopMap {rbp=Oop [32]=Oop [48]=Oop [64]=Oop [72]=Oop [88]=Oop [104]=Oop }
                      ;*if_icmpge {reexecute=1 rethrow=0 return_oop=0}
                      ; - (reexecute) java.lang.ClassLoader::compareCerts@40 (line 1195)
                      ; - java.lang.ClassLoader::checkCerts@80 (line 1172)
                      ; - java.lang.ClassLoader::preDefineClass@113 (line 917)
                      ; - java.lang.ClassLoader::defineClass@4 (line 1025)
                      ; - java.security.SecureClassLoader::defineClass@12 (line 150)
  0x000002a8258b3264: 9848 23ff 

  0x000002a8258b3268: ;   {other}
  0x000002a8258b3268: 0f1f 8400 | 5828 003d | 498b d7c5 | f877 49ba | 200d a3b1 | fe7f 0000 

  0x000002a8258b3280: ;   {other}
  0x000002a8258b3280: 41ff d20f | 1f84 0000 | 0000 00e9 | 6be9 ffff | 498b d7c5 | f877 49ba | 200d a3b1 | fe7f 0000 
  0x000002a8258b32a0: ;   {other}
  0x000002a8258b32a0: 41ff d20f | 1f84 0000 | 0000 00e9 | 7dec ffff | ba37 0100 | 0048 8be9 | 4c8b 5424 | 304c 8954 
  0x000002a8258b32c0: 2428 448b | 5c24 3844 | 895c 2430 | 448b 5424 | 3c44 8954 | 2434 6690 

  0x000002a8258b32d8: ;   {runtime_call UncommonTrapBlob}
  0x000002a8258b32d8: c5f8 77e8 

  0x000002a8258b32dc: ; ImmutableOopMap {rbp=Oop [32]=Oop [40]=Oop }
                      ;*new {reexecute=0 rethrow=0 return_oop=0}
                      ; - java.lang.ClassLoader::preDefineClass@56 (line 908)
                      ; - java.lang.ClassLoader::defineClass@4 (line 1025)
                      ; - java.security.SecureClassLoader::defineClass@12 (line 150)
  0x000002a8258b32dc: 2048 23ff 

  0x000002a8258b32e0: ;   {other}
  0x000002a8258b32e0: 0f1f 8400 | d028 003e | baf6 ffff | ff66 6690 

  0x000002a8258b32f0: ;   {runtime_call UncommonTrapBlob}
  0x000002a8258b32f0: c5f8 77e8 

  0x000002a8258b32f4: ; ImmutableOopMap {}
                      ;*invokevirtual clone {reexecute=1 rethrow=0 return_oop=0}
                      ; - (reexecute) java.security.CodeSource::getCertificates@86 (line 217)
                      ; - java.lang.ClassLoader::checkCerts@34 (line 1168)
                      ; - java.lang.ClassLoader::preDefineClass@113 (line 917)
                      ; - java.lang.ClassLoader::defineClass@4 (line 1025)
                      ; - java.security.SecureClassLoader::defineClass@12 (line 150)
  0x000002a8258b32f4: 0848 23ff 

  0x000002a8258b32f8: ;   {other}
  0x000002a8258b32f8: 0f1f 8400 | e828 003f | baf6 ffff | ff66 6690 

  0x000002a8258b3308: ;   {runtime_call UncommonTrapBlob}
  0x000002a8258b3308: c5f8 77e8 

  0x000002a8258b330c: ; ImmutableOopMap {}
                      ;*invokevirtual clone {reexecute=1 rethrow=0 return_oop=0}
                      ; - (reexecute) java.security.CodeSource::getCertificates@86 (line 217)
                      ; - java.lang.ClassLoader::postDefineClass@24 (line 937)
                      ; - java.lang.ClassLoader::defineClass@37 (line 1028)
                      ; - java.security.SecureClassLoader::defineClass@12 (line 150)
  0x000002a8258b330c: f047 23ff 

  0x000002a8258b3310: ;   {other}
  0x000002a8258b3310: 0f1f 8400 | 0029 0040 | bade ffff | ff48 8b6c | 2428 4c8b | 5424 304c | 8954 2428 | 448b 5424 
  0x000002a8258b3330: 3844 8954 | 2430 448b | 5c24 3c44 | 895c 2434 | 4889 4424 | 3866 6690 

  0x000002a8258b3348: ;   {runtime_call UncommonTrapBlob}
  0x000002a8258b3348: c5f8 77e8 

  0x000002a8258b334c: ; ImmutableOopMap {rbp=Oop [32]=Oop [40]=Oop [56]=Oop }
                      ;*checkcast {reexecute=0 rethrow=0 return_oop=0}
                      ; - java.security.SecureClassLoader::getProtectionDomain@33 (line 222)
                      ; - java.security.SecureClassLoader::defineClass@9 (line 150)
  0x000002a8258b334c: b047 23ff 

  0x000002a8258b3350: ;   {other}
  0x000002a8258b3350: 0f1f 8400 | 4029 0041 | bade ffff | ff48 8b6c | 2428 4c8b | 5424 304c | 8954 2428 | 448b 5424 
  0x000002a8258b3370: 3844 8954 | 2430 448b | 5c24 3c44 | 895c 2434 | 4c8b 5424 | 484c 8954 | 2438 4c8b | 5424 504c 
  0x000002a8258b3390: 8954 2440 | 4889 4424 | 5866 6690 

  0x000002a8258b339c: ;   {runtime_call UncommonTrapBlob}
  0x000002a8258b339c: c5f8 77e8 

  0x000002a8258b33a0: ; ImmutableOopMap {rbp=Oop [32]=Oop [40]=Oop [56]=Oop [64]=Oop [88]=Oop [104]=Oop }
                      ;*checkcast {reexecute=0 rethrow=0 return_oop=0}
                      ; - java.lang.ClassLoader::checkCerts@65 (line 1171)
                      ; - java.lang.ClassLoader::preDefineClass@113 (line 917)
                      ; - java.lang.ClassLoader::defineClass@4 (line 1025)
                      ; - java.security.SecureClassLoader::defineClass@12 (line 150)
  0x000002a8258b33a0: 5c47 23ff 

  0x000002a8258b33a4: ;   {other}
  0x000002a8258b33a4: 0f1f 8400 | 9429 0042 | bade ffff | ff48 8944 | 2440 6690 

  0x000002a8258b33b8: ;   {runtime_call UncommonTrapBlob}
  0x000002a8258b33b8: c5f8 77e8 

  0x000002a8258b33bc: ; ImmutableOopMap {rbp=NarrowOop [32]=Oop [40]=Oop [64]=Oop }
                      ;*checkcast {reexecute=0 rethrow=0 return_oop=0}
                      ; - java.security.CodeSource::getCertificates@76 (line 215)
                      ; - java.lang.ClassLoader::postDefineClass@24 (line 937)
                      ; - java.lang.ClassLoader::defineClass@37 (line 1028)
                      ; - java.security.SecureClassLoader::defineClass@12 (line 150)
  0x000002a8258b33bc: 4047 23ff 

  0x000002a8258b33c0: ;   {other}
  0x000002a8258b33c0: 0f1f 8400 | b029 0043 | bade ffff | ff4c 8b54 | 2430 4c89 | 5424 2844 | 8b5c 2438 | 4489 5c24 
  0x000002a8258b33e0: 3044 8b54 | 243c 4489 | 5424 344c | 8b54 2448 | 4c89 5424 | 384c 8b54 | 2450 4c89 | 5424 4848 
  0x000002a8258b3400: 8944 2460 

  0x000002a8258b3404: ;   {runtime_call UncommonTrapBlob}
  0x000002a8258b3404: c5f8 77e8 

  0x000002a8258b3408: ; ImmutableOopMap {rbp=Oop [32]=Oop [40]=Oop [56]=Oop [64]=NarrowOop [72]=Oop [96]=Oop [104]=Oop }
                      ;*checkcast {reexecute=0 rethrow=0 return_oop=0}
                      ; - java.security.CodeSource::getCertificates@76 (line 215)
                      ; - java.lang.ClassLoader::checkCerts@34 (line 1168)
                      ; - java.lang.ClassLoader::preDefineClass@113 (line 917)
                      ; - java.lang.ClassLoader::defineClass@4 (line 1025)
                      ; - java.security.SecureClassLoader::defineClass@12 (line 150)
  0x000002a8258b3408: f446 23ff 

  0x000002a8258b340c: ;   {other}
  0x000002a8258b340c: 0f1f 8400 | fc29 0044 | baf6 ffff | ff49 8be8 | 4c89 4c24 | 2066 6690 

  0x000002a8258b3424: ;   {runtime_call UncommonTrapBlob}
  0x000002a8258b3424: c5f8 77e8 

  0x000002a8258b3428: ; ImmutableOopMap {rbp=Oop [32]=Oop }
                      ;*invokeinterface computeIfAbsent {reexecute=0 rethrow=0 return_oop=0}
                      ; - java.security.SecureClassLoader::getProtectionDomain@28 (line 222)
                      ; - java.security.SecureClassLoader::defineClass@9 (line 150)
  0x000002a8258b3428: d446 23ff 

  0x000002a8258b342c: ;   {other}
  0x000002a8258b342c: 0f1f 8400 | 1c2a 0045 | baf4 ffff | ff48 8b6c | 2428 4c8b | 5424 304c | 8954 2428 

  0x000002a8258b3448: ;   {runtime_call UncommonTrapBlob}
  0x000002a8258b3448: c5f8 77e8 

  0x000002a8258b344c: ; ImmutableOopMap {rbp=Oop [32]=Oop [40]=Oop }
                      ;*checkcast {reexecute=0 rethrow=0 return_oop=0}
                      ; - java.security.SecureClassLoader::getProtectionDomain@33 (line 222)
                      ; - java.security.SecureClassLoader::defineClass@9 (line 150)
  0x000002a8258b344c: b046 23ff 

  0x000002a8258b3450: ;   {other}
  0x000002a8258b3450: 0f1f 8400 | 402a 0046 | baf6 ffff | ff66 6690 

  0x000002a8258b3460: ;   {runtime_call UncommonTrapBlob}
  0x000002a8258b3460: c5f8 77e8 

  0x000002a8258b3464: ; ImmutableOopMap {}
                      ;*arraylength {reexecute=0 rethrow=0 return_oop=0}
                      ; - java.lang.String::isEmpty@4 (line 1521)
                      ; - java.lang.ClassLoader::checkName@5 (line 1155)
                      ; - java.lang.ClassLoader::preDefineClass@1 (line 900)
                      ; - java.lang.ClassLoader::defineClass@4 (line 1025)
                      ; - java.security.SecureClassLoader::defineClass@12 (line 150)
  0x000002a8258b3464: 9846 23ff 

  0x000002a8258b3468: ;   {other}
  0x000002a8258b3468: 0f1f 8400 | 582a 0047 | baf6 ffff | ff66 6690 

  0x000002a8258b3478: ;   {runtime_call UncommonTrapBlob}
  0x000002a8258b3478: c5f8 77e8 

  0x000002a8258b347c: ; ImmutableOopMap {}
                      ;*invokevirtual getPackageName {reexecute=0 rethrow=0 return_oop=0}
                      ; - java.lang.ClassLoader::postDefineClass@2 (line 934)
                      ; - java.lang.ClassLoader::defineClass@37 (line 1028)
                      ; - java.security.SecureClassLoader::defineClass@12 (line 150)
  0x000002a8258b347c: 8046 23ff 

  0x000002a8258b3480: ;   {other}
  0x000002a8258b3480: 0f1f 8400 | 702a 0048 | ba45 ffff | ff48 8b6c | 2428 6690 

  0x000002a8258b3494: ;   {runtime_call UncommonTrapBlob}
  0x000002a8258b3494: c5f8 77e8 

  0x000002a8258b3498: ; ImmutableOopMap {rbp=Oop [32]=Oop [48]=Oop [72]=Oop }
                      ;*ifnull {reexecute=1 rethrow=0 return_oop=0}
                      ; - (reexecute) java.lang.ClassLoader::checkName@1 (line 1155)
                      ; - java.lang.ClassLoader::preDefineClass@1 (line 900)
                      ; - java.lang.ClassLoader::defineClass@4 (line 1025)
                      ; - java.security.SecureClassLoader::defineClass@12 (line 150)
  0x000002a8258b3498: 6446 23ff 

  0x000002a8258b349c: ;   {other}
  0x000002a8258b349c: 0f1f 8400 | 8c2a 0049 | ba45 ffff | ff48 8b6c | 2428 4c8b | 5424 304c | 8954 2428 | 448b 5c24 
  0x000002a8258b34bc: 3844 895c | 2430 448b | 5424 3c44 | 8954 2434 | 4c8b 5424 | 484c 8954 | 2438 4889 | 5c24 484c 
  0x000002a8258b34dc: 8974 2450 | 4889 7c24 | 5866 6690 

  0x000002a8258b34e8: ;   {runtime_call UncommonTrapBlob}
  0x000002a8258b34e8: c5f8 77e8 

  0x000002a8258b34ec: ; ImmutableOopMap {rbp=Oop [40]=Oop [56]=Oop [64]=NarrowOop [72]=Oop [80]=Oop [88]=Oop }
                      ;*ifnull {reexecute=1 rethrow=0 return_oop=0}
                      ; - (reexecute) java.lang.ClassLoader::checkCerts@30 (line 1167)
                      ; - java.lang.ClassLoader::preDefineClass@113 (line 917)
                      ; - java.lang.ClassLoader::defineClass@4 (line 1025)
                      ; - java.security.SecureClassLoader::defineClass@12 (line 150)
  0x000002a8258b34ec: 1046 23ff 

  0x000002a8258b34f0: ;   {other}
  0x000002a8258b34f0: 0f1f 8400 | e02a 004a | ba45 ffff | ff48 8b6c | 2428 4c8b | 5c24 304c | 895c 2428 | 448b 4424 
  0x000002a8258b3510: 3844 8944 | 2430 448b | 5c24 3c44 | 895c 2434 | 4489 5424 | 4466 6690 

  0x000002a8258b3528: ;   {runtime_call UncommonTrapBlob}
  0x000002a8258b3528: c5f8 77e8 

  0x000002a8258b352c: ; ImmutableOopMap {rbp=Oop [32]=Oop [40]=Oop [68]=NarrowOop [72]=Oop }
                      ;*ifnull {reexecute=1 rethrow=0 return_oop=0}
                      ; - (reexecute) java.lang.ClassLoader::defineClassSourceLocation@8 (line 926)
                      ; - java.lang.ClassLoader::defineClass@12 (line 1026)
                      ; - java.security.SecureClassLoader::defineClass@12 (line 150)
  0x000002a8258b352c: d045 23ff 

  0x000002a8258b3530: ;   {other}
  0x000002a8258b3530: 0f1f 8400 | 202b 004b | ba45 ffff | ff66 6690 

  0x000002a8258b3540: ;   {runtime_call UncommonTrapBlob}
  0x000002a8258b3540: c5f8 77e8 

  0x000002a8258b3544: ; ImmutableOopMap {rbp=NarrowOop [32]=Oop [40]=Oop [48]=Oop [72]=Oop }
                      ;*ifnull {reexecute=1 rethrow=0 return_oop=0}
                      ; - (reexecute) java.lang.ClassLoader::defineClassSourceLocation@15 (line 926)
                      ; - java.lang.ClassLoader::defineClass@12 (line 1026)
                      ; - java.security.SecureClassLoader::defineClass@12 (line 150)
  0x000002a8258b3544: b845 23ff 

  0x000002a8258b3548: ;   {other}
  0x000002a8258b3548: 0f1f 8400 | 382b 004c | ba45 ffff | ff48 8b6c | 2420 4489 | 5424 2090 

  0x000002a8258b3560: ;   {runtime_call UncommonTrapBlob}
  0x000002a8258b3560: c5f8 77e8 

  0x000002a8258b3564: ; ImmutableOopMap {rbp=Oop [32]=NarrowOop }
                      ;*ifnull {reexecute=1 rethrow=0 return_oop=0}
                      ; - (reexecute) java.lang.ClassLoader::postDefineClass@17 (line 936)
                      ; - java.lang.ClassLoader::defineClass@37 (line 1028)
                      ; - java.security.SecureClassLoader::defineClass@12 (line 150)
  0x000002a8258b3564: 9845 23ff 

  0x000002a8258b3568: ;   {other}
  0x000002a8258b3568: 0f1f 8400 | 582b 004d | 4d85 d244 | 8b54 2444 | 410f 94c2 | ba45 ffff | ff4c 8b5c | 2448 4c89 
  0x000002a8258b3588: 5c24 3048 | 8944 2440 | 4489 5424 | 4866 6690 

  0x000002a8258b3598: ;   {runtime_call UncommonTrapBlob}
  0x000002a8258b3598: c5f8 77e8 

  0x000002a8258b359c: ; ImmutableOopMap {[32]=Oop [40]=Oop [48]=Oop [64]=Oop }
                      ;*ifeq {reexecute=1 rethrow=0 return_oop=0}
                      ; - (reexecute) java.lang.Class::getPackageName@29 (line 1166)
                      ; - java.lang.ClassLoader::postDefineClass@2 (line 934)
                      ; - java.lang.ClassLoader::defineClass@37 (line 1028)
                      ; - java.security.SecureClassLoader::defineClass@12 (line 150)
  0x000002a8258b359c: 6045 23ff 

  0x000002a8258b35a0: ;   {other}
  0x000002a8258b35a0: 0f1f 8400 | 902b 004e | baf6 ffff | ff66 6690 

  0x000002a8258b35b0: ;   {runtime_call UncommonTrapBlob}
  0x000002a8258b35b0: c5f8 77e8 

  0x000002a8258b35b4: ; ImmutableOopMap {}
                      ;*arraylength {reexecute=0 rethrow=0 return_oop=0}
                      ; - java.lang.String::length@4 (line 1508)
                      ; - java.lang.String::lastIndexOf@3 (line 2524)
                      ; - java.lang.Class::getPackageName@47 (line 1170)
                      ; - java.lang.ClassLoader::postDefineClass@2 (line 934)
                      ; - java.lang.ClassLoader::defineClass@37 (line 1028)
                      ; - java.security.SecureClassLoader::defineClass@12 (line 150)
  0x000002a8258b35b4: 4845 23ff 

  0x000002a8258b35b8: ;   {other}
  0x000002a8258b35b8: 0f1f 8400 | a82b 004f | baf6 ffff | ff41 8beb 

  0x000002a8258b35c8: ;   {runtime_call UncommonTrapBlob}
  0x000002a8258b35c8: c5f8 77e8 

  0x000002a8258b35cc: ; ImmutableOopMap {}
                      ;*aaload {reexecute=0 rethrow=0 return_oop=0}
                      ; - java.security.CodeSource::getCertificates@50 (line 212)
                      ; - java.lang.ClassLoader::checkCerts@34 (line 1168)
                      ; - java.lang.ClassLoader::preDefineClass@113 (line 917)
                      ; - java.lang.ClassLoader::defineClass@4 (line 1025)
                      ; - java.security.SecureClassLoader::defineClass@12 (line 150)
  0x000002a8258b35cc: 3045 23ff 

  0x000002a8258b35d0: ;   {other}
  0x000002a8258b35d0: 0f1f 8400 | c02b 0050 | baf6 ffff | ff66 6690 

  0x000002a8258b35e0: ;   {runtime_call UncommonTrapBlob}
  0x000002a8258b35e0: c5f8 77e8 

  0x000002a8258b35e4: ; ImmutableOopMap {}
                      ;*invokevirtual getSignerCertPath {reexecute=0 rethrow=0 return_oop=0}
                      ; - java.security.CodeSource::getCertificates@51 (line 213)
                      ; - java.lang.ClassLoader::checkCerts@34 (line 1168)
                      ; - java.lang.ClassLoader::preDefineClass@113 (line 917)
                      ; - java.lang.ClassLoader::defineClass@4 (line 1025)
                      ; - java.security.SecureClassLoader::defineClass@12 (line 150)
  0x000002a8258b35e4: 1845 23ff 

  0x000002a8258b35e8: ;   {other}
  0x000002a8258b35e8: 0f1f 8400 | d82b 0051 | baf6 ffff | ff66 6690 

  0x000002a8258b35f8: ;   {runtime_call UncommonTrapBlob}
  0x000002a8258b35f8: c5f8 77e8 

  0x000002a8258b35fc: ; ImmutableOopMap {}
                      ;*invokevirtual getCertificates {reexecute=0 rethrow=0 return_oop=0}
                      ; - java.security.CodeSource::getCertificates@54 (line 213)
                      ; - java.lang.ClassLoader::checkCerts@34 (line 1168)
                      ; - java.lang.ClassLoader::preDefineClass@113 (line 917)
                      ; - java.lang.ClassLoader::defineClass@4 (line 1025)
                      ; - java.security.SecureClassLoader::defineClass@12 (line 150)
  0x000002a8258b35fc: 0045 23ff 

  0x000002a8258b3600: ;   {other}
  0x000002a8258b3600: 0f1f 8400 | f02b 0052 | baf6 ffff | ff66 6690 

  0x000002a8258b3610: ;   {runtime_call UncommonTrapBlob}
  0x000002a8258b3610: c5f8 77e8 

  0x000002a8258b3614: ; ImmutableOopMap {}
                      ;*arraylength {reexecute=0 rethrow=0 return_oop=0}
                      ; - java.security.CodeSource::getCertificates@40 (line 211)
                      ; - java.lang.ClassLoader::checkCerts@34 (line 1168)
                      ; - java.lang.ClassLoader::preDefineClass@113 (line 917)
                      ; - java.lang.ClassLoader::defineClass@4 (line 1025)
                      ; - java.security.SecureClassLoader::defineClass@12 (line 150)
  0x000002a8258b3614: e844 23ff 

  0x000002a8258b3618: ;   {other}
  0x000002a8258b3618: 0f1f 8400 | 082c 0053 | baf6 ffff | ff41 8beb 

  0x000002a8258b3628: ;   {runtime_call UncommonTrapBlob}
  0x000002a8258b3628: c5f8 77e8 

  0x000002a8258b362c: ; ImmutableOopMap {}
                      ;*aaload {reexecute=0 rethrow=0 return_oop=0}
                      ; - java.security.CodeSource::getCertificates@50 (line 212)
                      ; - java.lang.ClassLoader::postDefineClass@24 (line 937)
                      ; - java.lang.ClassLoader::defineClass@37 (line 1028)
                      ; - java.security.SecureClassLoader::defineClass@12 (line 150)
  0x000002a8258b362c: d044 23ff 

  0x000002a8258b3630: ;   {other}
  0x000002a8258b3630: 0f1f 8400 | 202c 0054 | baf6 ffff | ff66 6690 

  0x000002a8258b3640: ;   {runtime_call UncommonTrapBlob}
  0x000002a8258b3640: c5f8 77e8 

  0x000002a8258b3644: ; ImmutableOopMap {}
                      ;*invokevirtual getSignerCertPath {reexecute=0 rethrow=0 return_oop=0}
                      ; - java.security.CodeSource::getCertificates@51 (line 213)
                      ; - java.lang.ClassLoader::postDefineClass@24 (line 937)
                      ; - java.lang.ClassLoader::defineClass@37 (line 1028)
                      ; - java.security.SecureClassLoader::defineClass@12 (line 150)
  0x000002a8258b3644: b844 23ff 

  0x000002a8258b3648: ;   {other}
  0x000002a8258b3648: 0f1f 8400 | 382c 0055 | baf6 ffff | ff66 6690 

  0x000002a8258b3658: ;   {runtime_call UncommonTrapBlob}
  0x000002a8258b3658: c5f8 77e8 

  0x000002a8258b365c: ; ImmutableOopMap {}
                      ;*invokevirtual getCertificates {reexecute=0 rethrow=0 return_oop=0}
                      ; - java.security.CodeSource::getCertificates@54 (line 213)
                      ; - java.lang.ClassLoader::postDefineClass@24 (line 937)
                      ; - java.lang.ClassLoader::defineClass@37 (line 1028)
                      ; - java.security.SecureClassLoader::defineClass@12 (line 150)
  0x000002a8258b365c: a044 23ff 

  0x000002a8258b3660: ;   {other}
  0x000002a8258b3660: 0f1f 8400 | 502c 0056 | baf6 ffff | ff66 6690 

  0x000002a8258b3670: ;   {runtime_call UncommonTrapBlob}
  0x000002a8258b3670: c5f8 77e8 

  0x000002a8258b3674: ; ImmutableOopMap {}
                      ;*arraylength {reexecute=0 rethrow=0 return_oop=0}
                      ; - java.security.CodeSource::getCertificates@40 (line 211)
                      ; - java.lang.ClassLoader::postDefineClass@24 (line 937)
                      ; - java.lang.ClassLoader::defineClass@37 (line 1028)
                      ; - java.security.SecureClassLoader::defineClass@12 (line 150)
  0x000002a8258b3674: 8844 23ff 

  0x000002a8258b3678: ;   {other}
  0x000002a8258b3678: 0f1f 8400 | 682c 0057 | baf4 ffff | ff4c 8b54 | 2430 4c89 | 5424 2844 | 8b5c 2438 | 4489 5c24 
  0x000002a8258b3698: 3044 8b54 | 243c 4489 | 5424 344c | 8b54 2448 | 4c89 5424 | 384c 8b54 | 2450 4c89 | 5424 4890 
  0x000002a8258b36b8: ;   {runtime_call UncommonTrapBlob}
  0x000002a8258b36b8: c5f8 77e8 

  0x000002a8258b36bc: ; ImmutableOopMap {rbp=Oop [32]=Oop [40]=Oop [56]=Oop [64]=NarrowOop [72]=Oop [104]=Oop }
                      ;*checkcast {reexecute=0 rethrow=0 return_oop=0}
                      ; - java.security.CodeSource::getCertificates@76 (line 215)
                      ; - java.lang.ClassLoader::checkCerts@34 (line 1168)
                      ; - java.lang.ClassLoader::preDefineClass@113 (line 917)
                      ; - java.lang.ClassLoader::defineClass@4 (line 1025)
                      ; - java.security.SecureClassLoader::defineClass@12 (line 150)
  0x000002a8258b36bc: 4044 23ff 

  0x000002a8258b36c0: ;   {other}
  0x000002a8258b36c0: 0f1f 8400 | b02c 0058 | baf4 ffff | ff66 6690 

  0x000002a8258b36d0: ;   {runtime_call UncommonTrapBlob}
  0x000002a8258b36d0: c5f8 77e8 

  0x000002a8258b36d4: ; ImmutableOopMap {rbp=NarrowOop [32]=Oop [40]=Oop }
                      ;*checkcast {reexecute=0 rethrow=0 return_oop=0}
                      ; - java.security.CodeSource::getCertificates@76 (line 215)
                      ; - java.lang.ClassLoader::postDefineClass@24 (line 937)
                      ; - java.lang.ClassLoader::defineClass@37 (line 1028)
                      ; - java.security.SecureClassLoader::defineClass@12 (line 150)
  0x000002a8258b36d4: 2844 23ff 

  0x000002a8258b36d8: ;   {other}
  0x000002a8258b36d8: 0f1f 8400 | c82c 0059 | ba97 ffff | ff4c 8b54 | 2430 4c89 | 5424 2844 | 8b5c 2438 | 4489 5c24 
  0x000002a8258b36f8: 3044 8b54 | 243c 4489 | 5424 344c | 8b54 2440 | 4c89 5424 | 384c 8b54 | 2478 4c89 | 5424 6090 
  0x000002a8258b3718: ;   {runtime_call UncommonTrapBlob}
  0x000002a8258b3718: c5f8 77e8 

  0x000002a8258b371c: ; ImmutableOopMap {rbp=Oop [32]=Oop [40]=Oop [56]=Oop [80]=NarrowOop [96]=Oop [104]=Oop [112]=NarrowOop [120]=Oop }
                      ;*invokevirtual clone {reexecute=1 rethrow=0 return_oop=0}
                      ; - (reexecute) java.util.Arrays::copyOfRange@18 (line 3856)
                      ; - java.lang.StringLatin1::newString@16 (line 756)
                      ; - java.lang.String::substring@41 (line 2828)
                      ; - java.lang.ClassLoader::checkCerts@21 (line 1164)
                      ; - java.lang.ClassLoader::preDefineClass@113 (line 917)
                      ; - java.lang.ClassLoader::defineClass@4 (line 1025)
                      ; - java.security.SecureClassLoader::defineClass@12 (line 150)
  0x000002a8258b371c: e043 23ff 

  0x000002a8258b3720: ;   {other}
  0x000002a8258b3720: 0f1f 8400 | 102d 005a | ba97 ffff | ff48 8b6c | 2430 6690 

  0x000002a8258b3734: ;   {runtime_call UncommonTrapBlob}
  0x000002a8258b3734: c5f8 77e8 

  0x000002a8258b3738: ; ImmutableOopMap {rbp=Oop [32]=Oop [40]=Oop [56]=NarrowOop [80]=Oop }
                      ;*invokevirtual clone {reexecute=1 rethrow=0 return_oop=0}
                      ; - (reexecute) java.util.Arrays::copyOfRange@18 (line 3856)
                      ; - java.lang.StringLatin1::newString@16 (line 756)
                      ; - java.lang.String::substring@41 (line 2828)
                      ; - java.lang.Class::getPackageName@62 (line 1171)
                      ; - java.lang.ClassLoader::postDefineClass@2 (line 934)
                      ; - java.lang.ClassLoader::defineClass@37 (line 1028)
                      ; - java.security.SecureClassLoader::defineClass@12 (line 150)
  0x000002a8258b3738: c443 23ff 

  0x000002a8258b373c: ;   {other}
  0x000002a8258b373c: 0f1f 8400 | 2c2d 005b | ba97 ffff | ff48 8b6c | 2420 4c8b | 5424 304c | 8954 2428 | 448b 5424 
  0x000002a8258b375c: 3844 8954 | 2430 448b | 5c24 3c44 | 895c 2434 | 4c8b 5424 | 484c 8954 | 2438 4c8b | 5424 584c 
  0x000002a8258b377c: 8954 2448 

  0x000002a8258b3780: ;   {runtime_call UncommonTrapBlob}
  0x000002a8258b3780: c5f8 77e8 

  0x000002a8258b3784: ; ImmutableOopMap {rbp=Oop [40]=Oop [56]=Oop [64]=Oop [72]=Oop [84]=NarrowOop [96]=Oop }
                      ;*invokevirtual clone {reexecute=1 rethrow=0 return_oop=0}
                      ; - (reexecute) java.security.CodeSource::getCertificates@11 (line 205)
                      ; - java.lang.ClassLoader::checkCerts@34 (line 1168)
                      ; - java.lang.ClassLoader::preDefineClass@113 (line 917)
                      ; - java.lang.ClassLoader::defineClass@4 (line 1025)
                      ; - java.security.SecureClassLoader::defineClass@12 (line 150)
  0x000002a8258b3784: 7843 23ff 

  0x000002a8258b3788: ;   {other}
  0x000002a8258b3788: 0f1f 8400 | 782d 005c | ba97 ffff | ff66 6690 

  0x000002a8258b3798: ;   {runtime_call UncommonTrapBlob}
  0x000002a8258b3798: c5f8 77e8 

  0x000002a8258b379c: ; ImmutableOopMap {[32]=Oop [40]=Oop [48]=NarrowOop }
                      ;*invokevirtual clone {reexecute=1 rethrow=0 return_oop=0}
                      ; - (reexecute) java.security.CodeSource::getCertificates@11 (line 205)
                      ; - java.lang.ClassLoader::postDefineClass@24 (line 937)
                      ; - java.lang.ClassLoader::defineClass@37 (line 1028)
                      ; - java.security.SecureClassLoader::defineClass@12 (line 150)
  0x000002a8258b379c: 6043 23ff 

  0x000002a8258b37a0: ;   {other}
  0x000002a8258b37a0: 0f1f 8400 | 902d 005d | ba97 ffff | ff4c 8b54 | 2448 4c89 | 5424 404c | 8b54 2450 | 4c89 5424 
  0x000002a8258b37c0: 4866 6690 

  0x000002a8258b37c4: ;   {runtime_call UncommonTrapBlob}
  0x000002a8258b37c4: c5f8 77e8 

  0x000002a8258b37c8: ; ImmutableOopMap {rbp=Oop [32]=Oop [40]=Oop [48]=Oop [64]=Oop [72]=Oop [104]=Oop }
                      ;*invokevirtual clone {reexecute=1 rethrow=0 return_oop=0}
                      ; - (reexecute) java.security.CodeSource::getCertificates@86 (line 217)
                      ; - java.lang.ClassLoader::checkCerts@34 (line 1168)
                      ; - java.lang.ClassLoader::preDefineClass@113 (line 917)
                      ; - java.lang.ClassLoader::defineClass@4 (line 1025)
                      ; - java.security.SecureClassLoader::defineClass@12 (line 150)
  0x000002a8258b37c8: 3443 23ff 

  0x000002a8258b37cc: ;   {other}
  0x000002a8258b37cc: 0f1f 8400 | bc2d 005e | ba97 ffff | ff66 6690 

  0x000002a8258b37dc: ;   {runtime_call UncommonTrapBlob}
  0x000002a8258b37dc: c5f8 77e8 

  0x000002a8258b37e0: ; ImmutableOopMap {[32]=Oop [40]=Oop [56]=Oop }
                      ;*invokevirtual clone {reexecute=1 rethrow=0 return_oop=0}
                      ; - (reexecute) java.security.CodeSource::getCertificates@86 (line 217)
                      ; - java.lang.ClassLoader::postDefineClass@24 (line 937)
                      ; - java.lang.ClassLoader::defineClass@37 (line 1028)
                      ; - java.security.SecureClassLoader::defineClass@12 (line 150)
  0x000002a8258b37e0: 1c43 23ff 

  0x000002a8258b37e4: ;   {other}
  0x000002a8258b37e4: 0f1f 8400 | d42d 005f | eb2f eb2d | eb2b eb29 | eb27 eb25 | eb23 eb21 | eb14 eb12 | eb1b eb19 
  0x000002a8258b3804: eb17 eb15 | eb13 eb11 | eb0f eb0d | eb0b 488b | d0eb 09eb | 04eb 02eb | 0048 8bd0 | c5f8 7748 
  0x000002a8258b3824: 81c4 c000 

  0x000002a8258b3828: ;   {runtime_call _rethrow_Java}
  0x000002a8258b3828: 0000 5de9 | d040 39ff 

  0x000002a8258b3830: ;   {internal_word}
  0x000002a8258b3830: 49ba 2418 | 8b25 a802 | 0000 4d89 | 9768 0400 

  0x000002a8258b3840: ;   {runtime_call SafepointBlob}
  0x000002a8258b3840: 00e9 3a31 

  0x000002a8258b3844: ;   {runtime_call StubRoutines (final stubs)}
  0x000002a8258b3844: 23ff e895 | 4a21 ffe9 | 2ed6 ffff 
[Stub Code]
  0x000002a8258b3850: ;   {no_reloc}
  0x000002a8258b3850: 48bb 0000 | 0000 0000 

  0x000002a8258b3858: ;   {runtime_call nmethod}
  0x000002a8258b3858: 0000 e9fb 

  0x000002a8258b385c: ;   {static_stub}
  0x000002a8258b385c: ffff ff48 | bb00 0000 | 0000 0000 

  0x000002a8258b3868: ;   {runtime_call nmethod}
  0x000002a8258b3868: 00e9 fbff 

  0x000002a8258b386c: ;   {static_stub}
  0x000002a8258b386c: ffff 48bb | 0000 0000 | 0000 0000 

  0x000002a8258b3878: ;   {runtime_call nmethod}
  0x000002a8258b3878: e9fb ffff 

  0x000002a8258b387c: ;   {static_stub}
  0x000002a8258b387c: ff48 bb00 | 0000 0000 

  0x000002a8258b3884: ;   {runtime_call nmethod}
  0x000002a8258b3884: 0000 00e9 | fbff ffff 

  0x000002a8258b388c: ;   {static_stub}
  0x000002a8258b388c: 48bb 0000 | 0000 0000 

  0x000002a8258b3894: ;   {runtime_call nmethod}
  0x000002a8258b3894: 0000 e9fb 

  0x000002a8258b3898: ;   {static_stub}
  0x000002a8258b3898: ffff ff48 | bb00 0000 | 0000 0000 

  0x000002a8258b38a4: ;   {runtime_call nmethod}
  0x000002a8258b38a4: 00e9 fbff 

  0x000002a8258b38a8: ;   {static_stub}
  0x000002a8258b38a8: ffff 48bb | 0000 0000 | 0000 0000 

  0x000002a8258b38b4: ;   {runtime_call nmethod}
  0x000002a8258b38b4: e9fb ffff 

  0x000002a8258b38b8: ;   {static_stub}
  0x000002a8258b38b8: ff48 bb00 | 0000 0000 

  0x000002a8258b38c0: ;   {runtime_call nmethod}
  0x000002a8258b38c0: 0000 00e9 | fbff ffff 

  0x000002a8258b38c8: ;   {static_stub}
  0x000002a8258b38c8: 48bb 0000 | 0000 0000 

  0x000002a8258b38d0: ;   {runtime_call nmethod}
  0x000002a8258b38d0: 0000 e9fb 

  0x000002a8258b38d4: ;   {static_stub}
  0x000002a8258b38d4: ffff ff48 | bb00 0000 | 0000 0000 

  0x000002a8258b38e0: ;   {runtime_call nmethod}
  0x000002a8258b38e0: 00e9 fbff 

  0x000002a8258b38e4: ;   {static_stub}
  0x000002a8258b38e4: ffff 48bb | 0000 0000 | 0000 0000 

  0x000002a8258b38f0: ;   {runtime_call nmethod}
  0x000002a8258b38f0: e9fb ffff 

  0x000002a8258b38f4: ;   {static_stub}
  0x000002a8258b38f4: ff48 bb00 | 0000 0000 

  0x000002a8258b38fc: ;   {runtime_call nmethod}
  0x000002a8258b38fc: 0000 00e9 | fbff ffff 

  0x000002a8258b3904: ;   {static_stub}
  0x000002a8258b3904: 48bb 0000 | 0000 0000 

  0x000002a8258b390c: ;   {runtime_call nmethod}
  0x000002a8258b390c: 0000 e9fb 

  0x000002a8258b3910: ;   {static_stub}
  0x000002a8258b3910: ffff ff48 | bb00 0000 | 0000 0000 

  0x000002a8258b391c: ;   {runtime_call nmethod}
  0x000002a8258b391c: 00e9 fbff 

  0x000002a8258b3920: ;   {runtime_call ExceptionBlob}
  0x000002a8258b3920: ffff e9d9 | 0230 ffe8 | 0000 0000 | 4883 2c24 

  0x000002a8258b3930: ;   {runtime_call DeoptimizationBlob}
  0x000002a8258b3930: 05e9 ea44 | 23ff f4f4 
[/MachCode]


Compiled method (c2) 6645 13408   !   4       java.net.URLClassLoader$1::run (81 bytes)
 total in heap  [0x000002a8259f0390,0x000002a8259fdc50] = 55488
 relocation     [0x000002a8259f04f0,0x000002a8259f0d58] = 2152
 main code      [0x000002a8259f0d60,0x000002a8259f8d40] = 32736
 stub code      [0x000002a8259f8d40,0x000002a8259f9070] = 816
 oops           [0x000002a8259f9070,0x000002a8259f9128] = 184
 metadata       [0x000002a8259f9128,0x000002a8259f9878] = 1872
 scopes data    [0x000002a8259f9878,0x000002a8259fc1d8] = 10592
 scopes pcs     [0x000002a8259fc1d8,0x000002a8259fcff8] = 3616
 dependencies   [0x000002a8259fcff8,0x000002a8259fd268] = 624
 handler table  [0x000002a8259fd268,0x000002a8259fdb38] = 2256
 nul chk table  [0x000002a8259fdb38,0x000002a8259fdc50] = 280

[Constant Pool (empty)]

[MachCode]
[Entry Point]
  # {method} {0x000002a8374cba38} 'run' '()Ljava/lang/Class;' in 'java/net/URLClassLoader$1'
  #           [sp+0x150]  (sp of caller)
  0x000002a8259f0d60: 448b 5208 | 49bb 0000 | 0037 a802 | 0000 4d03 | d349 3bc2 

  0x000002a8259f0d74: ;   {runtime_call ic_miss_stub}
  0x000002a8259f0d74: 0f85 06dc | 0eff 6690 | 0f1f 4000 
[Verified Entry Point]
  0x000002a8259f0d80: 8984 2400 | 80ff ff55 | 4881 ec40 | 0100 0090 | 4181 7f20 | 0d00 0000 | 0f85 957f | 0000 4889 
  0x000002a8259f0da0: 5424 588b | 5a0c 450f | be5c dc10 | 4585 db0f | 85b3 3400 | 0045 8b4c | dc14 438b | 4ccc 0c4d 
  0x000002a8259f0dc0: 8d34 dc4d | 8b97 8803 | 0000 4d8b | 2a85 c90f | 8603 0400 | 008d 79ff | 3bf9 0f83 | 5033 0000 
  0x000002a8259f0de0: 8d51 fd4b | 8d34 cc43 | 807c cc10 | 2e0f 841f | 1000 0083 | fa01 0f8e | b803 0000 | bd01 0000 
  0x000002a8259f0e00: 0044 8bd1 | 442b d541 | 83c2 fd45 | 33c0 3bd5 | 450f 4cd0 | 4181 faa0 | 0f00 0041 | bba0 0f00 
  0x000002a8259f0e20: 0045 0f47 | d344 03d5 | eb09 660f | 1f44 0000 | 418b e84c | 63c5 460f | be5c 0610 | 4183 fb2e 
  0x000002a8259f0e40: 746b 460f | be5c 0611 | 4183 fb2e | 7458 460f | be5c 0612 | 4183 fb2e | 7450 460f | be5c 0613 
  0x000002a8259f0e60: 4183 fb2e | 743d 448d | 4504 453b | c27c c14d 

  0x000002a8259f0e70: ;   {no_reloc}
  0x000002a8259f0e70: 8b97 5804 | 0000 83c5 | 0348 8b44 

  0x000002a8259f0e7c: ; ImmutableOopMap {r9=NarrowOop rbx=NarrowOop rsi=Oop rax=Oop r13=Oop r14=Oop [88]=Oop }
                      ;*if_icmpne {reexecute=1 rethrow=0 return_oop=0}
                      ; - (reexecute) java.lang.StringLatin1::replace@28 (line 302)
                      ; - java.lang.String::replace@18 (line 2922)
                      ; - java.net.URLClassLoader$1::run@8 (line 423)
                      ;   {poll}
  0x000002a8259f0e7c: 2458 4185 | 0244 3bc2 | 0f8d 3003 | 0000 418b | e8e9 6fff | ffff 418b | fdc5 f97e | d2c4 e1f9 
  0x000002a8259f0e9c: 7ece e9bb | 0000 0083 | c502 ffc5 | eb03 83c5 | 023b e90f | 8d23 0300 | 0081 f900 | 0010 000f 
  0x000002a8259f0ebc: 8764 1b00 | 004d 8b9f | b801 0000 | 4c63 d149 | 83c2 1749 | 83e2 f84d | 8bc3 4d03 | c24d 3b87 
  0x000002a8259f0edc: c801 0000 | 0f83 3f1b | 0000 4d89 | 87b8 0100 | 0041 0f18 | 8000 0100 | 0049 c703 | 0100 0000 
  0x000002a8259f0efc: 410f 1880 | 4001 0000 

  0x000002a8259f0f04: ;   {metadata({type array byte})}
  0x000002a8259f0f04: 41c7 4308 | a025 0000 | 4189 4b0c | 410f 1880 | 8001 0000 | 85ed 0f8e | e900 0000 | 448d 45ff 
  0x000002a8259f0f24: 443b c10f | 835f 3300 | 0085 c90f | 8657 3300 | 0047 0fbe | 54cc 1045 | 8853 1041 | 83f8 010f 
  0x000002a8259f0f44: 8e6b 3300 | 00c4 c1f9 | 6edb c4c1 | f96e c541 | bad0 0700 | 00b8 0100 | 0000 448b | dd44 2bd8 
  0x000002a8259f0f64: 41ff cb45 | 33ed 443b | c045 0f4c | dd41 81fb | d007 0000 | 450f 47da | 4403 d844 | 8bef c5f9 
  0x000002a8259f0f84: 6ed2 c4e1 | f96e ce0f | 1f44 0000 | 4863 f0c4 | e1f9 7ecf | 0fbe 7c37 | 10c4 e1f9 | 7eda 4088 
  0x000002a8259f0fa4: 7c32 10c4 | e1f9 7ecf | 0fbe 5437 | 11c4 e1f9 | 7edf 8854 | 3711 83c0 | 0241 3bc3 | 7cce 4d8b 
  0x000002a8259f0fc4: 9f58 0400 

  0x000002a8259f0fc8: ; ImmutableOopMap {r9=NarrowOop rbx=NarrowOop rdi=Oop r14=Oop xmm0=Oop xmm1=Oop xmm3=Oop [88]=Oop }
                      ;*goto {reexecute=1 rethrow=0 return_oop=0}
                      ; - (reexecute) java.lang.StringLatin1::replace@76 (line 309)
                      ; - java.lang.String::replace@18 (line 2922)
                      ; - java.net.URLClassLoader$1::run@8 (line 423)
                      ;   {poll}
  0x000002a8259f0fc8: 0041 8503 | 413b c00f | 8cbd feff | ff41 8bfd | c5f9 7ed2 | c4e1 f97e | cec4 c1f9 | 7ec5 c4c1 
  0x000002a8259f0fe8: f97e db3b | c57d 1a4d | 8bd3 4c63 | c046 0fbe | 5c06 1047 | 885c 0210 | ffc0 3bc5 | 7cec 4d8b 
  0x000002a8259f1008: da3b e90f | 8d49 0100 | 003b e90f | 8325 3200 | 003b f90f | 831d 3200 | 0044 8d45 | 014c 63cd 
  0x000002a8259f1028: 460f be54 | 0e10 4183 | fa2e 0f84 | 540d 0000 | 4788 540b | 1044 8d55 | 0145 3bd0 | 7d05 418b 
  0x000002a8259f1048: eaeb da44 | 3bd2 0f8d | df00 0000 | ffc5 e98c | 0000 0041 | ba2f 0000 | 000f 1f84 | 0000 0000 
  0x000002a8259f1068: 000f 1f80 | 0000 0000 | 4588 541b | 1044 0fbe | 4c1e 1141 | 83f9 2e74 | 5045 884c | 1b11 440f 
  0x000002a8259f1088: be54 1e12 | 4183 fa2e | 742f 4588 | 541b 1244 | 0fbe 4c1e | 1341 83f9 | 2e74 2645 | 884c 1b13 
  0x000002a8259f10a8: 83c5 0441 | 3be8 7d29 | 4863 dd44 | 0fbe 541e | 1041 83fa | 2e75 b1eb | 9a41 ba2f | 0000 00eb 
  0x000002a8259f10c8: ;   {no_reloc}
  0x000002a8259f10c8: c941 b92f | 0000 00eb | d241 b92f | 0000 00eb | a84d 8b97 

  0x000002a8259f10dc: ; ImmutableOopMap {r11=Oop rsi=Oop r13=Oop r14=Oop [88]=Oop }
                      ;*goto {reexecute=1 rethrow=0 return_oop=0}
                      ; - (reexecute) java.lang.StringLatin1::replace@113 (line 316)
                      ; - java.lang.String::replace@18 (line 2922)
                      ; - java.net.URLClassLoader$1::run@8 (line 423)
  0x000002a8259f10dc: 5804 0000 

  0x000002a8259f10e0: ;   {poll}
  0x000002a8259f10e0: 4185 023b | ea7d 4f44 | 8bc1 442b | c541 83c0 | fd45 33d2 | 3bd5 450f | 4cc2 4181 | f8a0 0f00 
  0x000002a8259f1100: 0041 b9a0 | 0f00 0045 | 0f47 c144 | 03c5 eba0 | c644 3d10 | 2ec6 443d | 1163 c644 | 3d12 6cc6 
  0x000002a8259f1120: 443d 1361 | c644 3d14 | 73c6 443d | 1573 e9a0 | 0100 0041 | 8bea 3be9 | 7d20 6690 | 4c63 d546 
  0x000002a8259f1140: 0fbe 4c16 | 1041 83f9 | 2e0f 8448 | 0c00 0047 | 884c 1310 | ffc5 3be9 | 7ce2 4d8b | 97b8 0100 
  0x000002a8259f1160: 004d 8bc2 | 4983 c018 | 4d3b 87c8 | 0100 000f | 8327 1900 | 004d 8987 | b801 0000 | 410f 1880 
  0x000002a8259f1180: 0001 0000 | 49c7 0201 | 0000 004d | 8bc2 4983 

  0x000002a8259f1190: ;   {metadata('java/lang/String')}
  0x000002a8259f1190: c010 41c7 | 4208 100a | 0100 4589 | 620c c5fd | efc0 c4c1 | 79d6 004d | 8bc3 49c1 | e803 4589 
  0x000002a8259f11b0: 4214 eb2e | 41b8 0100 | 0000 443b | c17d 1990 | 460f be54 | 0610 4183 | fa2e 0f84 | 8e1b 0000 
  0x000002a8259f11d0: 41ff c044 | 3bc1 7ce8 | 4d8b d949 | c1e3 034d | 8bd6 418b | 4b0c 85c9 | 0f86 370b | 0000 450f 
  0x000002a8259f11f0: be42 10c4 | 623a f7c9 | 4963 f141 | 83f8 010f | 841b 3100 | 0045 85c9 | 0f8c b030 | 0000 488d 
  0x000002a8259f1210: 4606 8be8 | 85ed 0f8c | c830 0000 | 488b d848 | c1fb 208b | fbc4 e241 | f7dd 85db | 0f8c 1a31 
  0x000002a8259f1230: 0000 81fb | 0000 1000 | 0f87 1a2f | 0000 4863 | fb81 fb00 | 0010 000f | 8728 1700 | 0049 8baf 
  0x000002a8259f1250: b801 0000 | 4883 c717 | 4883 e7f8 | 488b d548 | 03d7 493b | 97c8 0100 | 000f 8306 | 1700 0049 
  0x000002a8259f1270: 8997 b801 | 0000 0f18 | 8200 0100 | 0048 c745 | 0001 0000 | 000f 1882 | 4001 0000 

  0x000002a8259f128c: ;   {metadata({type array byte})}
  0x000002a8259f128c: c745 08a0 | 2500 0089 | 5d0c 0f18 | 8280 0100 | 0041 8d79 | 063b df0f | 82b7 2e00 | 0049 63f9 
  0x000002a8259f12ac: 4585 c90f | 8e5b feff | ffc6 443d | 1573 c644 | 3d14 73c6 | 443d 1361 | c644 3d12 | 6cc6 443d 
  0x000002a8259f12cc: 1163 c644 | 3d10 2e45 | 85c0 0f85 | 2430 0000 | 3bd9 0f82 | a02e 0000 | 85c9 7629 | 4983 c310 
  0x000002a8259f12ec: 488b d548 | 83c2 104c | 63c1 498b | cbc5 f877 | 49ba c020 | ac24 a802 | 0000 41ff 

  0x000002a8259f1308: ;   {other}
  0x000002a8259f1308: d20f 1f84 | 0000 0000 | 0049 8b87 | b801 0000 | 4c8b d049 | 83c2 184d | 3b97 c801 | 0000 0f83 
  0x000002a8259f1328: c616 0000 | 4d89 97b8 | 0100 0041 | 0f18 8200 | 0100 0048 | c700 0100 

  0x000002a8259f1340: ;   {metadata('java/lang/String')}
  0x000002a8259f1340: 0000 c740 | 0810 0a01 | 0044 8960 | 0c44 8960 | 104c 8bd5 | 49c1 ea03 | 4489 5014 | 4c8b 5424 
  0x000002a8259f1360: 5845 8b52 | 1047 8b5c | d454 4585 | db0f 849e | 2d00 004c | 89ac 24a0 | 0000 004b | 8d14 dc4c 
  0x000002a8259f1380: 8bc0 4533 | c966 6690 

  0x000002a8259f1388: ;   {optimized virtual_call}
  0x000002a8259f1388: c5f8 77e8 

  0x000002a8259f138c: ; ImmutableOopMap {[88]=Oop [160]=Oop }
                      ;*invokevirtual getResource {reexecute=0 rethrow=0 return_oop=1}
                      ; - java.net.URLClassLoader$1::run@26 (line 424)
  0x000002a8259f138c: f078 b2ff 

  0x000002a8259f1390: ;   {other}
  0x000002a8259f1390: 0f1f 8400 | 0010 0003 | 4c8b e848 | 85c0 0f84 | 6609 0000 | 4c8b 5424 | 5845 8b5a | 1044 895c 
  0x000002a8259f13b0: 2430 458b | 520c 4489 | 9424 a800 | 0000 4585 | db0f 84ad | 2f00 00c5 | f877 49ba | e07a deb1 
  0x000002a8259f13d0: fe7f 0000 

  0x000002a8259f13d4: ;   {other}
  0x000002a8259f13d4: 41ff d20f | 1f84 0000 | 0000 0048 | 8944 2440 | 448b 9c24 | a800 0000 

  0x000002a8259f13ec: ; implicit exception: dispatches to 0x000002a8259f8284
  0x000002a8259f13ec: 438b 44dc | 1445 8b5c | c40c 448b | 9424 a800 | 0000 470f | be54 d410 | c4c2 2af7 | eb44 8d4d 
  0x000002a8259f140c: ff45 85d2 | 0f85 9e34 | 0000 458d | 53ff 453b | d145 0f4f | d144 8b8c | 24a8 0000 | 0049 c1e1 
  0x000002a8259f142c: 0349 8d3c | c445 85d2 | 0f8c 4e12 | 0000 4533 | c04c 8944 | 2420 0f1f | 8000 0000 | 000f 1f80 
  0x000002a8259f144c: 0000 0000 | 453b d30f | 839b 1800 | 0042 807c | 1710 2e74 | 1a49 8b8f | 5804 0000 | 41ff ca4d 
  0x000002a8259f146c: ; ImmutableOopMap {r8=Oop r9=Oop rdi=Oop rax=NarrowOop r13=Oop [48]=NarrowOop [88]=Oop [160]=Oop [168]=NarrowOop }
                      ;*goto {reexecute=1 rethrow=0 return_oop=0}
                      ; - (reexecute) java.lang.StringLatin1::lastIndexOf@35 (line 289)
                      ; - java.lang.String::lastIndexOf@13 (line 2562)
                      ; - java.lang.String::lastIndexOf@8 (line 2524)
                      ; - java.net.URLClassLoader::defineClass@7 (line 486)
                      ; - java.net.URLClassLoader$1::run@43 (line 427)
                      ;   {poll}
  0x000002a8259f146c: 8bc5 8501 | 4585 d27d | db41 baff | ffff ff45 

  0x000002a8259f147c: ;   {metadata('jdk/internal/loader/URLClassPath$JarLoader$2')}
  0x000002a8259f147c: 8b45 0841 | 81f8 90b2 | 3700 0f85 | da09 0000 | 4c89 4c24 | 284d 8bc5 | 458b 4820 

  0x000002a8259f1498: ; implicit exception: dispatches to 0x000002a8259f8330
  0x000002a8259f1498: 478b 74cc | 1c4d 8bc6 | 49c1 e003 | 448b 4c24 | 3049 c1e1 | 0341 83fa | ff0f 84d2 | 0400 0045 
  0x000002a8259f14b8: 85d2 0f8c | 2c34 0000 | 443b d50f | 8f63 3400 | 0044 3bd5 | 0f84 2e09 | 0000 4585 | d20f 8461 
  0x000002a8259f14d8: 1100 0049 | 8b9f b801 | 0000 488b | cb48 83c1 | 1849 3b8f | c801 0000 | 0f83 6316 | 0000 4989 
  0x000002a8259f14f8: 8fb8 0100 | 000f 1881 | 0001 0000 | 48c7 0301 | 0000 0048 | 8bcb 4883 

  0x000002a8259f1510: ;   {metadata('java/lang/String')}
  0x000002a8259f1510: c110 c743 | 0810 0a01 | 0044 8963 | 0cc5 fdef | c0c5 f9d6 | 0149 8d54 | c410 453b | d30f 85e2 
  0x000002a8259f1530: 0000 004d | 63d3 4181 | fb00 0010 | 000f 8723 | 1800 0048 | 8954 2470 | 4889 5c24 | 684c 894c 
  0x000002a8259f1550: 2460 4c89 | 4424 5044 | 8974 244c | 488b ef89 | 4424 484c | 896c 2438 | 498b 9fb8 | 0100 004c 
  0x000002a8259f1570: 8954 2478 | 4983 c217 | 4983 e2f8 | 4c8b c34d | 03c2 4d3b | 87c8 0100 | 000f 8301 | 1800 004d 
  0x000002a8259f1590: 8987 b801 | 0000 410f | 1880 0001 | 0000 48c7 | 0301 0000 | 0041 0f18 | 8040 0100 

  0x000002a8259f15ac: ;   {metadata({type array byte})}
  0x000002a8259f15ac: 00c7 4308 | a025 0000 | 4489 5b0c | 410f 1880 | 8001 0000 | 488b d348 | 83c2 104c | 8b44 2478 
  0x000002a8259f15cc: 4983 c007 | 49c1 e803 | 488b 4c24 | 70c5 f877 | 49ba 8043 | ac24 a802 | 0000 41ff 

  0x000002a8259f15e8: ;   {other}
  0x000002a8259f15e8: d20f 1f84 | 0000 0000 | 004c 8bd3 | 4c8b 6c24 | 3844 8b74 | 244c 4c8b | 4c24 6048 | 8b5c 2468 
  0x000002a8259f1608: 498b f24c | 8b44 2450 | e9ec 0000 | 0041 81fa | 0000 1000 | 0f87 2a31 | 0000 4963 | ca45 3bda 
  0x000002a8259f1628: 418b eb41 | 0f4f ea44 | 3bdd 0f82 | 8c31 0000 | 443b d50f | 8283 3100 | 0048 83c1 | 1748 8bc1 
  0x000002a8259f1648: 4883 e0f8 | 4181 fa00 | 0010 000f | 8787 1500 | 0049 8bb7 | b801 0000 | 4c8b de4c | 03d8 4d3b 
  0x000002a8259f1668: 9fc8 0100 | 000f 836d | 1500 004d | 899f b801 | 0000 410f | 1883 0001 | 0000 48c7 | 0601 0000 
  0x000002a8259f1688: 0041 0f18 | 8340 0100 

  0x000002a8259f1690: ;   {metadata({type array byte})}
  0x000002a8259f1690: 00c7 4608 | a025 0000 | 4489 560c | 410f 1883 | 8001 0000 | 4c8b de49 | 83c3 1048 | c1e9 0385 
  0x000002a8259f16b0: ed0f 849d | 3000 0041 | 3bea 0f8c | 3911 0000 | 488b ee48 | 8bf3 498b | d949 8bf8 | 4883 c0f0 
  0x000002a8259f16d0: 48c1 e803 | 4c8b c048 | 8bca 498b | d3c5 f877 | 49ba 8043 | ac24 a802 | 0000 41ff 

  0x000002a8259f16ec: ;   {other}
  0x000002a8259f16ec: d20f 1f84 | 0000 0000 | 004c 8bcb | 488b de48 | 8bf5 4c8b | c741 807f | 4000 0f85 | cd0f 0000 
  0x000002a8259f170c: 4c8b d649 | c1ea 0344 | 8953 144c | 8bd3 4c8b | de4d 33da | 49c1 eb15 | 4d85 db74 | 1a49 c1ea 
  0x000002a8259f172c: 0948 b900 | 008a 2aa8 | 0200 0049 | 03ca 8039 | 020f 85cd | 0f00 0044 | 8863 1048 | 899c 2490 
  0x000002a8259f174c: 0000 0045 

  0x000002a8259f1750: ;   {metadata('jdk/internal/loader/URLClassPath$JarLoader$2')}
  0x000002a8259f1750: 8b55 0841 | 81fa 90b2 | 3700 0f85 | 2907 0000 

  0x000002a8259f1760: ;   {oop(a 'java/lang/Class'{0x0000000700960700} = 'jdk/internal/access/SharedSecrets')}
  0x000002a8259f1760: 4d8b d549 | bb00 0796 | 0007 0000 | 0045 8b9b | d400 0000 

  0x000002a8259f1774: ; implicit exception: dispatches to 0x000002a8259f8468
  0x000002a8259f1774: 438b 5cdc | 0841 8b4a | 2041 8b6c 

  0x000002a8259f1780: ;   {metadata('java/util/jar/JavaUtilJarAccessImpl')}
  0x000002a8259f1780: cc18 81fb | 887b 6b00 | 0f85 212d | 0000 85ed | 0f84 862c | 0000 498d | 0cec 488d | 9c24 2001 
  0x000002a8259f17a0: 0000 488b | 01a8 020f | 8523 0000 | 0048 83c8 | 0148 8903 | f048 0fb1 | 190f 8437 | 0000 0048 
  0x000002a8259f17c0: 2bc4 4825 | 07f0 ffff | 4889 03e9 | 2400 0000 | 4c8b d848 | 33c0 f04d | 0fb1 7b3e | 48c7 0303 
  0x000002a8259f17e0: 0000 0074 | 114c 3bf8 | 7515 49ff | 8386 0000 | 0048 33c0 | 7509 49ff | 8750 0500 | 0033 c00f 
  0x000002a8259f1800: 85e7 2c00 | 004c 8944 | 2450 4c89 | 4c24 6048 | 894c 2470 | 4c89 5424 | 6844 8974 | 2448 4c89 
  0x000002a8259f1820: 6c24 3848 | 8bd1 6690 

  0x000002a8259f1828: ;   {optimized virtual_call}
  0x000002a8259f1828: c5f8 77e8 

  0x000002a8259f182c: ; ImmutableOopMap {rbp=NarrowOop [40]=Oop [48]=NarrowOop [56]=Oop [72]=NarrowOop [80]=Oop [88]=Oop [96]=Oop [104]=Oop [112]=Oop [144]=Oop [160]=Oop [168]=NarrowOop }
                      ;*invokevirtual maybeInstantiateVerifier {reexecute=0 rethrow=0 return_oop=0}
                      ; - java.util.jar.JarFile::ensureInitialization@1 (line 1064)
                      ; - java.util.jar.JavaUtilJarAccessImpl::ensureInitialization@1 (line 42)
                      ; - jdk.internal.loader.URLClassPath$JarLoader$2::getManifest@10 (line 852)
                      ; - java.net.URLClassLoader::defineClass@34 (line 491)
                      ; - java.net.URLClassLoader$1::run@43 (line 427)
  0x000002a8259f182c: 703d a2ff 

  0x000002a8259f1830: ;   {other}
  0x000002a8259f1830: 0f1f 8400 | a014 0005 | 453b 64ec | 300f 855a | 0f00 004c | 8b5c 2470 | 488d 8424 | 2001 0000 
  0x000002a8259f1850: 4883 3800 | 0f84 7900 | 0000 4d8b | 1341 f6c2 | 020f 8462 | 0000 0049 | 83ba 8600 | 0000 0074 
  0x000002a8259f1870: 0949 ff8a | 8600 0000 | eb4b 498b | 8296 0000 | 0049 0b82 | 8e00 0000 | 750a 49c7 | 423e 0000 
  0x000002a8259f1890: 0000 eb3d | 4983 ba9e | 0000 0000 | 7422 4833 | c049 c742 | 3e00 0000 | 00f0 8304 | 2400 4983 
  0x000002a8259f18b0: ba9e 0000 | 0000 750d | f04d 0fb1 | 7a3e 7505 | 83c8 01eb | 0ca8 00eb | 084c 8b10 | f04d 0fb1 
  0x000002a8259f18d0: 1375 0a49 | ff8f 5005 | 0000 4533 | d20f 85a4 | 2c00 004c | 8b44 2468 | 458b 5820 

  0x000002a8259f18ec: ; implicit exception: dispatches to 0x000002a8259f83b0
  0x000002a8259f18ec: 438b 6cdc | 1845 8b54 

  0x000002a8259f18f4: ;   {metadata('java/util/jar/JarFile')}
  0x000002a8259f18f4: ec08 4181 | fac0 0b28 | 000f 85af | 2c00 0049 | 8d14 ec49 | 8be8 6690 

  0x000002a8259f190c: ;   {optimized virtual_call}
  0x000002a8259f190c: c5f8 77e8 

  0x000002a8259f1910: ; ImmutableOopMap {rbp=Oop [40]=Oop [48]=NarrowOop [56]=Oop [72]=NarrowOop [80]=Oop [88]=Oop [96]=Oop [144]=Oop [160]=Oop [168]=NarrowOop }
                      ;*invokevirtual getManifest {reexecute=0 rethrow=0 return_oop=1}
                      ; - jdk.internal.loader.URLClassPath$JarLoader$2::getManifest@22 (line 853)
                      ; - java.net.URLClassLoader::defineClass@34 (line 491)
                      ; - java.net.URLClassLoader$1::run@43 (line 427)
  0x000002a8259f1910: 0cac 9fff 

  0x000002a8259f1914: ;   {other}
  0x000002a8259f1914: 0f1f 8400 | 8415 0006 | 4c8b 6c24 | 3844 8b74 | 2448 4c8b | 4c24 604c | 8b44 2450 | 4889 4424 
  0x000002a8259f1934: 604c 894c | 2450 4c89 | 4424 4844 | 8974 2434 | 4c89 6c24 | 3849 8bd1 | 4c8b 8424 | 9000 0000 
  0x000002a8259f1954: 4c8b c848 | 8b7c 2448 

  0x000002a8259f195c: ;   {optimized virtual_call}
  0x000002a8259f195c: c5f8 77e8 

  0x000002a8259f1960: ; ImmutableOopMap {[40]=Oop [48]=NarrowOop [52]=NarrowOop [56]=Oop [72]=Oop [80]=Oop [88]=Oop [96]=Oop [144]=Oop [160]=Oop [168]=NarrowOop }
                      ;*invokevirtual getAndVerifyPackage {reexecute=0 rethrow=0 return_oop=1}
                      ; - java.net.URLClassLoader::defineClass@46 (line 492)
                      ; - java.net.URLClassLoader$1::run@43 (line 427)
  0x000002a8259f1960: 5cb4 bfff 

  0x000002a8259f1964: ;   {other}
  0x000002a8259f1964: 0f1f 8400 | d415 0007 | 4885 c00f | 842d 0400 | 004c 8b6c | 2438 448b | 7424 344c | 8b4c 2450 
  0x000002a8259f1984: 4c8b 4424 | 4848 8d9c | 2420 0100 | 0049 8b45 | 00a8 020f | 8524 0000 | 0048 83c8 | 0148 8903 
  0x000002a8259f19a4: f049 0fb1 | 5d00 0f84 | 3700 0000 | 482b c448 | 2507 f0ff | ff48 8903 | e924 0000 | 004c 8bd0 
  0x000002a8259f19c4: 4833 c0f0 | 4d0f b17a | 3e48 c703 | 0300 0000 | 7411 4c3b | f875 1549 | ff82 8600 | 0000 4833 
  0x000002a8259f19e4: c075 0949 | ff87 5005 | 0000 33c0 | 0f85 be29 | 0000 458b | 5508 453b | 650c 0f85 | c000 0000 
  0x000002a8259f1a04: ;   {metadata('jdk/internal/loader/URLClassPath$JarLoader$2')}
  0x000002a8259f1a04: 4181 fa90 | b237 000f | 858c 0400 | 0049 8bdd | 8b4b 2045 | 8b5c cc18 | 8b6b 1c45 | 85db 0f84 
  0x000002a8259f1a24: e42d 0000 | 4489 5424 | 344c 894c | 2450 4c89 | 4424 2044 | 8974 2448 | 4c89 6c24 | 384b 8d14 
  0x000002a8259f1a44: dc4c 8bc5 | 49c1 e003 | 488b eb90 

  0x000002a8259f1a50: ;   {optimized virtual_call}
  0x000002a8259f1a50: c5f8 77e8 

  0x000002a8259f1a54: ; ImmutableOopMap {rbp=Oop [32]=Oop [40]=Oop [48]=NarrowOop [56]=Oop [72]=NarrowOop [80]=Oop [88]=Oop [168]=NarrowOop }
                      ;*invokevirtual getInputStream {reexecute=0 rethrow=0 return_oop=1}
                      ; - jdk.internal.loader.URLClassPath$JarLoader$2::getInputStream@11 (line 848)
                      ; - jdk.internal.loader.Resource::cachedInputStream@9 (line 77)
                      ; - jdk.internal.loader.Resource::getByteBuffer@1 (line 163)
                      ; - java.net.URLClassLoader::defineClass@132 (line 511)
                      ; - java.net.URLClassLoader$1::run@43 (line 427)
  0x000002a8259f1a54: 88e5 f4ff 

  0x000002a8259f1a58: ;   {other}
  0x000002a8259f1a58: 0f1f 8400 | c816 0008 | 488b d849 | b800 008a | 2aa8 0200 | 0041 807f | 4000 0f85 | 6c0e 0000 
  0x000002a8259f1a78: 4c8b 6c24 | 384d 8bd5 | 4c8b db49 | c1eb 0345 | 895d 0c4c | 8bdb 4d33 | da49 c1eb | 154d 85db 
  0x000002a8259f1a98: 7416 4885 | db74 1149 | c1ea 094d | 03c2 4180 | 3802 0f85 | 700e 0000 | 448b 7424 | 484c 8b4c 
  0x000002a8259f1ab8: 2450 448b | 5424 344c | 8b44 2420 | 418b 6d0c | 488d 8424 | 2001 0000 | 4883 3800 | 0f84 7b00 
  0x000002a8259f1ad8: 0000 4d8b | 5d00 41f6 | c302 0f84 | 6200 0000 | 4983 bb86 | 0000 0000 | 7409 49ff | 8b86 0000 
  0x000002a8259f1af8: 00eb 4b49 | 8b83 9600 | 0000 490b | 838e 0000 | 0075 0a49 | c743 3e00 | 0000 00eb | 3e49 83bb 
  0x000002a8259f1b18: 9e00 0000 | 0074 2248 | 33c0 49c7 | 433e 0000 | 0000 f083 | 0424 0049 | 83bb 9e00 | 0000 0075 
  0x000002a8259f1b38: 0df0 4d0f | b17b 3e75 | 0583 c801 | eb0d a800 | eb09 4c8b | 18f0 4d0f | b15d 0075 

  0x000002a8259f1b54: ;   {no_reloc}
  0x000002a8259f1b54: 0a49 ff8f | 5005 0000 | 4533 db0f | 85f7 2800 | 0045 8b5c 

  0x000002a8259f1b68: ;   {metadata('sun/nio/ByteBuffered')}
  0x000002a8259f1b68: ec08 48b8 | 5086 7a37 | a802 0000 | 48be 0000 | 0037 a802 | 0000 4903 | f34c 8b5e | 204c 3bd8 
  0x000002a8259f1b88: 0f84 0628 | 0000 4833 | ff4c 8b9e | a000 0000 | 498b d348 | c1e2 300f | 8921 0000 | 00f3 480f 
  0x000002a8259f1ba8: b8d2 488b | 5e28 483b | 04d3 7415 | 490f bae3 | 1073 0b49 

  0x000002a8259f1bbc: ;   {runtime_call StubRoutines (compiler stubs)}
  0x000002a8259f1bbc: c1cb 0fe8 | 3058 12ff | eb03 48ff | c748 85ff | 0f84 c227 

  0x000002a8259f1bd0: ;   {metadata('jdk/internal/loader/URLClassPath$JarLoader$2')}
  0x000002a8259f1bd0: 0000 4181 | fa90 b237 | 000f 853a | 0200 004c | 894c 2438 | 4c89 4424 | 2044 8974 | 2448 498b 
  0x000002a8259f1bf0: d549 8bed | 4889 5424 | 5066 6690 

  0x000002a8259f1bfc: ;   {optimized virtual_call}
  0x000002a8259f1bfc: c5f8 77e8 

  0x000002a8259f1c00: ; ImmutableOopMap {rbp=Oop [32]=Oop [40]=Oop [48]=NarrowOop [56]=Oop [72]=NarrowOop [80]=Oop [88]=Oop [168]=NarrowOop }
                      ;*invokevirtual getBytes {reexecute=0 rethrow=0 return_oop=1}
                      ; - java.net.URLClassLoader::defineClass@179 (line 519)
                      ; - java.net.URLClassLoader$1::run@43 (line 427)
  0x000002a8259f1c00: bc7a a3ff 

  0x000002a8259f1c04: ;   {other}
  0x000002a8259f1c04: 0f1f 8400 | 7418 0009 | 4889 4424 | 504c 8bdd | 448b 5508 

  0x000002a8259f1c18: ;   {metadata('jdk/internal/loader/URLClassPath$JarLoader$2')}
  0x000002a8259f1c18: 4181 fa90 | b237 000f | 852d 0200 | 0048 8bd5 

  0x000002a8259f1c28: ;   {optimized virtual_call}
  0x000002a8259f1c28: c5f8 77e8 

  0x000002a8259f1c2c: ; ImmutableOopMap {rbp=Oop [32]=Oop [40]=Oop [48]=NarrowOop [56]=Oop [72]=NarrowOop [80]=Oop [88]=Oop [168]=NarrowOop }
                      ;*invokevirtual getCodeSigners {reexecute=0 rethrow=0 return_oop=1}
                      ; - java.net.URLClassLoader::defineClass@185 (line 521)
                      ; - java.net.URLClassLoader$1::run@43 (line 427)
  0x000002a8259f1c2c: b0ad 08f9 

  0x000002a8259f1c30: ;   {other}
  0x000002a8259f1c30: 0f1f 8400 | a018 000a | 4c8b dd48 | 8be8 498b | 87b8 0100 | 004c 8bd0 | 4983 c228 | 4d3b 97c8 
  0x000002a8259f1c50: 0100 000f | 83ab 0e00 | 004d 8997 | b801 0000 | 410f 1882 | 0001 0000 | 48c7 0001 | 0000 004c 
  0x000002a8259f1c70: 8bd0 4983 

  0x000002a8259f1c74: ;   {metadata('java/security/CodeSource')}
  0x000002a8259f1c74: c210 c740 | 0838 6600 | 0044 8960 | 0cc5 fdef | c041 b807 | 0000 00c4 | c178 92f8 | 62d1 fe2f 
  0x000002a8259f1c94: 7f02 4c89 | 5c24 6048 | 8944 2448 | 488b d04c | 8b44 2420 | 4c8b cd90 

  0x000002a8259f1cac: ;   {optimized virtual_call}
  0x000002a8259f1cac: c5f8 77e8 

  0x000002a8259f1cb0: ; ImmutableOopMap {[40]=Oop [48]=NarrowOop [56]=Oop [72]=Oop [80]=Oop [88]=Oop [96]=Oop [168]=NarrowOop }
                      ;*invokespecial <init> {reexecute=0 rethrow=0 return_oop=0}
                      ; - java.net.URLClassLoader::defineClass@198 (line 522)
                      ; - java.net.URLClassLoader$1::run@43 (line 427)
  0x000002a8259f1cb0: ecb1 08f9 

  0x000002a8259f1cb4: ;   {other}
  0x000002a8259f1cb4: 0f1f 8400 | 2419 000b 

  0x000002a8259f1cbc: ;   {oop(a 'jdk/internal/perf/PerfCounter'{0x00000007004c0cd8})}
  0x000002a8259f1cbc: 48ba d80c | 4c00 0700 | 0000 4c8b | 4424 4090 

  0x000002a8259f1ccc: ;   {optimized virtual_call}
  0x000002a8259f1ccc: c5f8 77e8 

  0x000002a8259f1cd0: ; ImmutableOopMap {[40]=Oop [48]=NarrowOop [56]=Oop [72]=Oop [80]=Oop [88]=Oop [96]=Oop [168]=NarrowOop }
                      ;*invokevirtual addElapsedTimeFrom {reexecute=0 rethrow=0 return_oop=0}
                      ; - java.net.URLClassLoader::defineClass@207 (line 523)
                      ; - java.net.URLClassLoader$1::run@43 (line 427)
  0x000002a8259f1cd0: 6cab a0ff 

  0x000002a8259f1cd4: ;   {other}
  0x000002a8259f1cd4: 0f1f 8400 | 4419 000c | 4c8b 4c24 | 5041 8b71 | 0c48 8b54 | 2438 4c8b | 4424 2833 | ff48 8b4c 
  0x000002a8259f1cf4: 2448 6690 

  0x000002a8259f1cf8: ;   {optimized virtual_call}
  0x000002a8259f1cf8: c5f8 77e8 

  0x000002a8259f1cfc: ; ImmutableOopMap {[88]=Oop [96]=Oop }
                      ;*invokevirtual defineClass {reexecute=0 rethrow=0 return_oop=1}
                      ; - java.net.URLClassLoader::defineClass@220 (line 524)
                      ; - java.net.URLClassLoader$1::run@43 (line 427)
  0x000002a8259f1cfc: 60f1 ebff 

  0x000002a8259f1d00: ;   {other}
  0x000002a8259f1d00: 0f1f 8400 | 7019 000d | eb02 33c0 | c5f8 7748 | 81c4 4001 

  0x000002a8259f1d14: ;   {poll_return}
  0x000002a8259f1d14: 0000 5d49 | 3ba7 5004 | 0000 0f87 | f96f 0000 | c349 8b87 | b801 0000 | 4c8b d049 | 83c2 184d 
  0x000002a8259f1d34: 3b97 c801 | 0000 0f83 | f00f 0000 | 4d89 97b8 | 0100 0041 | 0f18 8200 | 0100 0048 | c700 0100 
  0x000002a8259f1d54: ;   {metadata('java/lang/String')}
  0x000002a8259f1d54: 0000 c740 | 0810 0a01 | 0044 8960 | 0c44 8960 

  0x000002a8259f1d64: ;   {oop([B{0x00000007006bdbc0})}
  0x000002a8259f1d64: 10c7 4014 | 787b 0de0 

  0x000002a8259f1d6c: ;   {oop(".class"{0x00000007006bdba8})}
  0x000002a8259f1d6c: 49ba a8db | 6b00 0700 | 0000 458b | 5a0c 4489 | 580c 450f | b65a 1144 | 8858 11e9 | d0f5 ffff 
  0x000002a8259f1d8c: 41ba 2f00 | 0000 e9a1 | f2ff ff41 | b92f 0000 | 00e9 adf3 

  0x000002a8259f1da0: ;   {metadata('java/lang/IllegalArgumentException')}
  0x000002a8259f1da0: ffff 48bd | a802 0837 | a802 0000 | 4c8b 5424 | 604d 85d2 | 0f84 db08 | 0000 4c89 | 5424 2048 
  0x000002a8259f1dc0: 8b54 2450 | 4c8b 8424 | 9000 0000 | 4d8b ca48 | 8b7c 2448 

  0x000002a8259f1dd4: ;   {optimized virtual_call}
  0x000002a8259f1dd4: c5f8 77e8 

  0x000002a8259f1dd8: ; ImmutableOopMap {[32]=Oop [40]=Oop [48]=NarrowOop [52]=NarrowOop [56]=Oop [72]=Oop [80]=Oop [88]=Oop [144]=Oop [160]=Oop [168]=NarrowOop }
                      ;*invokevirtual definePackage {reexecute=0 rethrow=0 return_oop=1}
                      ; - java.net.URLClassLoader::defineClass@64 (line 495)
                      ; - java.net.URLClassLoader$1::run@43 (line 427)
  0x000002a8259f1dd8: c4a2 21f8 

  0x000002a8259f1ddc: ;   {other}
  0x000002a8259f1ddc: 0f1f 8400 | 4c1a 000e | 4c8b 6c24 | 3844 8b74 | 2434 4c8b | 5424 484c | 8b4c 2450 | 4d8b c2e9 
  0x000002a8259f1dfc: 89fb ffff | 4c8b 5424 | 284c 8994 | 2490 0000 | 00e9 3df9 | ffff 33ed | e994 f0ff | ff4c 894c 
  0x000002a8259f1e1c: 2438 4c89 | 4424 2044 | 8974 2448 | 498b ed49 | 8bd5 c5f8 | 7748 b8c0 | 9137 37a8 

  0x000002a8259f1e38: ;   {virtual_call}
  0x000002a8259f1e38: 0200 00e8 

  0x000002a8259f1e3c: ; ImmutableOopMap {rbp=Oop [32]=Oop [40]=Oop [48]=NarrowOop [56]=Oop [72]=NarrowOop [88]=Oop [168]=NarrowOop }
                      ;*invokevirtual getBytes {reexecute=0 rethrow=0 return_oop=1}
                      ; - java.net.URLClassLoader::defineClass@179 (line 519)
                      ; - java.net.URLClassLoader$1::run@43 (line 427)
  0x000002a8259f1e3c: 8045 23f8 

  0x000002a8259f1e40: ;   {other}
  0x000002a8259f1e40: 0f1f 8400 | b01a 000f | 4889 4424 | 50e9 bffd 

  0x000002a8259f1e50: ;   {metadata('jdk/internal/loader/URLClassPath$FileLoader$1')}
  0x000002a8259f1e50: ffff 4181 | fac0 9137 | 000f 8516 | 2d00 0033 | ede9 d8fd 

  0x000002a8259f1e64: ;   {metadata('jdk/internal/loader/URLClassPath$FileLoader$1')}
  0x000002a8259f1e64: ffff 4181 | f8c0 9137 | 000f 853d | 2d00 004c | 894c 2428 | 4d8b c541 | 8b48 1c45 | 8b74 cc0c 
  0x000002a8259f1e84: e914 f6ff 

  0x000002a8259f1e88: ;   {metadata('jdk/internal/loader/URLClassPath$FileLoader$1')}
  0x000002a8259f1e88: ff41 81fa | c091 3700 | 0f85 5a2d | 0000 33c0 | e993 faff 

  0x000002a8259f1e9c: ;   {metadata('jdk/internal/loader/URLClassPath$FileLoader$1')}
  0x000002a8259f1e9c: ff41 81fa | c091 3700 | 0f85 2b2e | 0000 498b | fd49 8b87 | b801 0000 | 4c8b d849 | 83c3 304d 
  0x000002a8259f1ebc: 3b9f c801 | 0000 0f83 | 1427 0000 | 4d89 9fb8 | 0100 0041 | 0f18 8300 | 0100 0048 | c700 0100 
  0x000002a8259f1edc: 0000 4c8b | d849 83c3 

  0x000002a8259f1ee4: ;   {metadata('java/io/FileInputStream')}
  0x000002a8259f1ee4: 10c7 4008 | 4044 0100 | 4489 600c | c5fd efc0 | 62d1 fe28 | 7f03 488b | d08b 5f18 | 498b 87b8 
  0x000002a8259f1f04: 0100 004c | 8bd8 4983 | c310 4d3b | 9fc8 0100 | 000f 8332 | 2700 004d | 899f b801 | 0000 410f 
  0x000002a8259f1f24: 1883 0001 | 0000 48c7 | 0001 0000 

  0x000002a8259f1f30: ;   {metadata('java/lang/Object')}
  0x000002a8259f1f30: 00c7 4008 | f00e 0000 | 4489 600c | 488b f24c | 8bd8 49c1 | eb03 4489 | 5a1c 4c8b | d84c 33de 
  0x000002a8259f1f50: 49c1 eb15 | 4d85 db74 | 1a48 c1ee | 0948 b900 | 008a 2aa8 | 0200 0048 | 03ce 8039 | 020f 853f 
  0x000002a8259f1f70: 1f00 0049 | 8b87 b801 | 0000 4c8b | d849 83c3 | 304d 3b9f | c801 0000 | 0f83 4027 | 0000 895c 
  0x000002a8259f1f90: 244c 488b | ea48 897c | 2468 4489 | 5424 344c | 894c 2450 | 4c89 4424 | 2044 8974 | 2448 4c89 
  0x000002a8259f1fb0: 6c24 384c | 8b94 24a0 | 0000 004c | 8954 2460 | 4d89 9fb8 | 0100 0041 | 0f18 8300 | 0100 0048 
  0x000002a8259f1fd0: c700 0100 | 0000 4c8b | d049 83c2 

  0x000002a8259f1fdc: ;   {metadata('java/io/NioChannelCleanable')}
  0x000002a8259f1fdc: 10c7 4008 | 0075 2d00 | 4489 600c | c5fd efc0 | 62d1 fe28 | 7f02 4c8b | d04c 8954 | 2470 498b 
  0x000002a8259f1ffc: d24c 8bc5 

  0x000002a8259f2000: ;   {oop(a 'java/lang/ref/Cleaner'{0x0000000700658a20})}
  0x000002a8259f2000: 49b9 208a | 6500 0700 | 0000 6690 

  0x000002a8259f200c: ;   {optimized virtual_call}
  0x000002a8259f200c: c5f8 77e8 

  0x000002a8259f2010: ; ImmutableOopMap {rbp=Oop [32]=Oop [40]=Oop [48]=NarrowOop [56]=Oop [72]=NarrowOop [76]=NarrowOop [80]=Oop [88]=Oop [96]=Oop [104]=Oop [112]=Oop [168]=NarrowOop }
                      ;*invokespecial <init> {reexecute=0 rethrow=0 return_oop=0}
                      ; - java.io.NioChannelCleanable::<init>@5 (line 52)
                      ; - java.io.FileInputStream::<init>@21 (line 95)
                      ; - jdk.internal.loader.URLClassPath$FileLoader$1::getInputStream@8 (line 1119)
                      ; - jdk.internal.loader.Resource::cachedInputStream@9 (line 77)
                      ; - jdk.internal.loader.Resource::getByteBuffer@1 (line 163)
                      ; - java.net.URLClassLoader::defineClass@132 (line 511)
                      ; - java.net.URLClassLoader$1::run@43 (line 427)
  0x000002a8259f2010: 8ce0 98ff 

  0x000002a8259f2014: ;   {other}
  0x000002a8259f2014: 0f1f 8400 | 841c 0010 | 4d8b 9fb8 | 0100 004d | 8bd3 4983 | c220 4d3b | 97c8 0100 | 000f 83ea 
  0x000002a8259f2034: 2600 004d | 8997 b801 | 0000 410f | 1882 0001 | 0000 49c7 | 0301 0000 | 004d 8bc3 | 4983 c010 
  0x000002a8259f2054: ;   {metadata('java/lang/ref/WeakReference')}
  0x000002a8259f2054: 41c7 4308 | a886 0400 | 4589 630c | 4d8b d3c5 | fdef c062 | d1fe 087f | 004d 8bc2 | 4180 7f40 
  0x000002a8259f2074: 000f 8536 

  0x000002a8259f2078: ;   {oop(a 'java/lang/ref/ReferenceQueue$Null'{0x0000000700647358})}
  0x000002a8259f2078: 0e00 0041 | c740 106b | 8e0c e04d | 8bd8 498b | f04c 8b54 | 2470 498b | fa48 c1ef | 0349 8bd8 
  0x000002a8259f2098: 48c1 eb03 

  0x000002a8259f209c: ;   {oop(a 'java/lang/ref/ReferenceQueue$Null'{0x0000000700647358})}
  0x000002a8259f209c: 49ba 5873 | 6400 0700 | 0000 4d33 | d349 c1ea | 154d 85d2 | 741a 49c1 | eb09 48b9 | 0000 8a2a 
  0x000002a8259f20bc: a802 0000 | 4903 cb80 | 3902 0f85 | c41e 0000 | f083 4424 | c000 4180 | 7f40 000f | 8598 0d00 
  0x000002a8259f20dc: 004c 8b54 | 2470 4189 | 5a28 4c8b | d64c 8b5c | 2470 4d33 | d349 c1ea | 154d 85d2 | 741a 49c1 
  0x000002a8259f20fc: eb09 48b9 | 0000 8a2a | a802 0000 | 4903 cb80 | 3902 0f85 | cd1e 0000 | 4180 7f40 | 000f 8519 
  0x000002a8259f211c: 0d00 004c | 8bcd 4189 | 7924 4c8b | 5424 704d | 8bd9 4d33 | d349 c1ea | 154d 85d2 | 741a 49c1 
  0x000002a8259f213c: eb09 48b9 | 0000 8a2a | a802 0000 | 4903 cb80 | 3902 0f85 | ec1d 0000 | 448b 5424 | 4c47 8b5c 
  0x000002a8259f215c: d410 4585 | db0f 84de | 3500 0044 | 895c 2478 | 4c89 4c24 | 7043 8b6c | d414 49c1 | e203 4c89 
  0x000002a8259f217c: 9424 8000 

  0x000002a8259f2180: ;   {oop([B{0x00000007006b2ae8})}
  0x000002a8259f2180: 0000 49ba | e82a 6b00 | 0700 0000 

  0x000002a8259f218c: ;   {oop([B{0x00000007006b2ae8})}
  0x000002a8259f218c: 49bb e82a | 6b00 0700 | 0000 4983 | c310 4c89 | 9c24 8800 | 0000 85ed | 0f85 a104 

  0x000002a8259f21a8: ;   {oop(a 'java/lang/Class'{0x0000000700646020} = 'jdk/internal/misc/VM')}
  0x000002a8259f21a8: 0000 49ba | 2060 6400 | 0700 0000 | 418b aa94 | 0000 0083 | fd04 0f8c | d035 0000 | 4c8b 5424 
  0x000002a8259f21c8: 6045 8b5a | 4c45 8bd3 

  0x000002a8259f21d0: ; implicit exception: dispatches to 0x000002a8259f8694
  0x000002a8259f21d0: 438b 6cdc | 1445 8b5c | ec0c 4585 | db0f 861d | 3300 0045 | 8b5c ec10 | 4585 db0f | 84e5 0800 
  0x000002a8259f21f0: 0047 8b44 | dc0c 4b8d 

  0x000002a8259f21f8: ;   {oop(a 'java/lang/ThreadLocal'{0x0000000700660e40})}
  0x000002a8259f21f8: 3cdc 4181 | f8c8 c10c | e074 394b 

  0x000002a8259f2204: ;   {oop(a 'java/lang/ThreadLocal'{0x0000000700660e40})}
  0x000002a8259f2204: 8d14 d449 | b840 0e66 | 0007 0000 | 0045 33c9 

  0x000002a8259f2214: ;   {oop([B{0x00000007006b2ae8})}
  0x000002a8259f2214: 48bd e82a | 6b00 0700 | 0000 6690 

  0x000002a8259f2220: ;   {optimized virtual_call}
  0x000002a8259f2220: c5f8 77e8 

  0x000002a8259f2224: ; ImmutableOopMap {rbp=Oop [136]=Derived_oop_rbp [32]=Oop [40]=Oop [48]=NarrowOop [56]=Oop [72]=NarrowOop [76]=NarrowOop [80]=Oop [88]=Oop [96]=Oop [104]=Oop [112]=Oop [120]=NarrowOop [128]=Oop [168]=NarrowOop }
                      ;*invokevirtual getEntryAfterMiss {reexecute=0 rethrow=0 return_oop=1}
                      ; - java.lang.ThreadLocal$ThreadLocalMap::getEntry@38 (line 504)
                      ; - java.lang.ThreadLocal::get@12 (line 187)
                      ; - java.lang.ThreadLocal::get@4 (line 172)
                      ; - com.jetbrains.internal.IoOverNio::isAllowedInThisThread@9 (line 68)
                      ; - java.io.IoOverNioFileSystem::acquireNioFs@16 (line 94)
                      ; - java.io.IoOverNioFileSystem::isInvalid@4 (line 472)
                      ; - java.io.File::isInvalid@13 (line 199)
                      ; - java.io.FileInputStream::<init>@66 (line 171)
                      ; - jdk.internal.loader.URLClassPath$FileLoader$1::getInputStream@8 (line 1119)
                      ; - jdk.internal.loader.Resource::cachedInputStream@9 (line 77)
                      ; - jdk.internal.loader.Resource::getByteBuffer@1 (line 163)
                      ; - java.net.URLClassLoader::defineClass@132 (line 511)
                      ; - java.net.URLClassLoader$1::run@43 (line 427)
  0x000002a8259f2224: 58cc 0eff 

  0x000002a8259f2228: ;   {other}
  0x000002a8259f2228: 0f1f 8400 | 981e 0011 | 4885 c00f | 84fc 0800 | 0048 8bf8 | 448b 5f1c | 498b c348 | c1e0 0348 
  0x000002a8259f2248: 85c0 0f85 | 680b 0000 

  0x000002a8259f2250: ;   {oop(a 'java/lang/Class'{0x0000000700646020} = 'jdk/internal/misc/VM')}
  0x000002a8259f2250: 49ba 2060 | 6400 0700 | 0000 418b | aa94 0000 | 0083 fd02 | 0f8c 7a35 | 0000 448b 

  0x000002a8259f226c: ;   {oop("NUL:"{0x00000007006b2ad0})}
  0x000002a8259f226c: 5424 7841 | 81fa 5a65 | 0de0 0f84 | a531 0000 

  0x000002a8259f227c: ;   {oop("NUL:"{0x00000007006b2ad0})}
  0x000002a8259f227c: 458b da41 | 81fb 5a65 | 0de0 0f84 | 9531 0000 | 430f be6c | dc10 85ed | 0f85 7a35 | 0000 478b 
  0x000002a8259f229c: 54dc 1447 | 8b44 d40c | 4183 f804 | 0f85 d400 | 0000 4f8d | 1cd4 4b8d | 7cd4 1048 | 8bb4 2488 
  0x000002a8259f22bc: 0000 00b9 | 0400 0000 | 85c9 0f84 | 9d00 0000 | 8bc1 83e0 | 1f83 e1e0 | 0f84 4b00 | 0000 488d 
  0x000002a8259f22dc: 3c0f 488d | 340e 48f7 | d9c5 fe6f | 0c0f c5fe | 6f04 0ec5 | f5ef c8c4 | e27d 17c9 | 0f85 7200 
  0x000002a8259f22fc: 0000 4883 | c120 75e1 | 85c0 0f84 | 5d00 0000 | c5fe 6f4c | 07e0 c5fe | 6f44 06e0 | c5f5 efc8 
  0x000002a8259f231c: c4e2 7d17 | c975 4deb | 448b c883 | e1fc 7419 | 488d 3c0f | 488d 340e | 48f7 d98b | 1c0f 3b1c 
  0x000002a8259f233c: 0e75 3148 | 83c1 0475 | f2a8 0274 | 120f b71f | 0fb7 0e3b | d975 1d48 | 8d7f 0248 | 8d76 02a8 
  0x000002a8259f235c: 0174 0a0f | b61f 0fb6 | 0e3b d975 | 07b8 0100 | 0000 eb02 | 33c0 c5f5 | efc9 c5fd | efc0 85c0 
  0x000002a8259f237c: ;   {no_reloc}
  0x000002a8259f237c: 0f85 9f30 | 0000 448b | 5c24 4c47 | 8b5c dc10 

  0x000002a8259f238c: ; implicit exception: dispatches to 0x000002a8259f8588
  0x000002a8259f238c: 430f be6c 

  0x000002a8259f2390: ;   {oop("NUL:"{0x00000007006b2ad0})}
  0x000002a8259f2390: dc10 4181 | fb5a 650d | e00f 84d5 | 3000 0085 | ed0f 859d | 3400 0047 | 8b54 dc14 | 478b 4cd4 
  0x000002a8259f23b0: 0c41 83f9 | 040f 85d4 | 0000 004f | 8d04 d44b | 8d7c d410 | 488b b424 | 8800 0000 | b904 0000 
  0x000002a8259f23d0: 0085 c90f | 849d 0000 | 008b c183 | e01f 83e1 | e00f 844b | 0000 0048 | 8d3c 0f48 | 8d34 0e48 
  0x000002a8259f23f0: f7d9 c5fe | 6f0c 0fc5 | fe6f 040e | c5f5 efc8 | c4e2 7d17 | c90f 8572 | 0000 0048 | 83c1 2075 
  0x000002a8259f2410: e185 c00f | 845d 0000 | 00c5 fe6f | 4c07 e0c5 | fe6f 4406 | e0c5 f5ef | c8c4 e27d | 17c9 754d 
  0x000002a8259f2430: eb44 8bc8 | 83e1 fc74 | 1948 8d3c | 0f48 8d34 | 0e48 f7d9 | 8b1c 0f3b | 1c0e 7531 | 4883 c104 
  0x000002a8259f2450: 75f2 a802 | 7412 0fb7 | 1f0f b70e | 3bd9 751d | 488d 7f02 | 488d 7602 | a801 740a | 0fb6 1f0f 
  0x000002a8259f2470: b60e 3bd9 | 7507 b801 | 0000 00eb | 0233 c0c5 | f5ef c9c5 | fdef c085 | c00f 85ec | 2f00 004b 
  0x000002a8259f2490: ;   {no_reloc}
  0x000002a8259f2490: 8d14 dc41 | b801 0000 

  0x000002a8259f2498: ;   {oop([B{0x00000007006b2ae8})}
  0x000002a8259f2498: 0048 bde8 | 2a6b 0007 | 0000 0090 

  0x000002a8259f24a4: ;   {static_call}
  0x000002a8259f24a4: c5f8 77e8 

  0x000002a8259f24a8: ; ImmutableOopMap {rbp=Oop [136]=Derived_oop_rbp [32]=Oop [40]=Oop [48]=NarrowOop [56]=Oop [72]=NarrowOop [76]=NarrowOop [80]=Oop [88]=Oop [96]=Oop [104]=Oop [112]=Oop [128]=Oop [168]=NarrowOop }
                      ;*invokestatic parse {reexecute=0 rethrow=0 return_oop=1}
                      ; - sun.nio.fs.WindowsPathParser::parse@2 (line 77)
                      ; - sun.nio.fs.WindowsPath::parse@1 (line 95)
                      ; - sun.nio.fs.WindowsFileSystem::getPath@102 (line 231)
                      ; - java.io.IoOverNioFileSystem::isInvalid@47 (line 478)
                      ; - java.io.File::isInvalid@13 (line 199)
                      ; - java.io.FileInputStream::<init>@66 (line 171)
                      ; - jdk.internal.loader.URLClassPath$FileLoader$1::getInputStream@8 (line 1119)
                      ; - jdk.internal.loader.Resource::cachedInputStream@9 (line 77)
                      ; - jdk.internal.loader.Resource::getByteBuffer@1 (line 163)
                      ; - java.net.URLClassLoader::defineClass@132 (line 511)
                      ; - java.net.URLClassLoader$1::run@43 (line 427)
  0x000002a8259f24a8: d4d3 0eff 

  0x000002a8259f24ac: ;   {other}
  0x000002a8259f24ac: 0f1f 8400 | 1c21 0012 | 4885 c00f | 84ef 2f00 | 0041 807f | 4000 0f85 | bb1b 0000 | 448b 5424 
  0x000002a8259f24cc: ;   {oop(a 'java/io/File$PathStatus'{0x00000007006588b0})}
  0x000002a8259f24cc: 4c43 c744 | d414 16b1 | 0ce0 4c8b | 9424 8000 

  0x000002a8259f24dc: ;   {oop(a 'java/io/File$PathStatus'{0x00000007006588b0})}
  0x000002a8259f24dc: 0000 49bb | b088 6500 | 0700 0000 | 4d33 da49 | c1eb 154d | 85db 741a | 49c1 ea09 | 48b9 0000 
  0x000002a8259f24fc: 8a2a a802 | 0000 4903 | ca80 3902 | 0f85 b21b | 0000 4180 | 7f40 000f | 85d5 0900 | 0044 8b5c 
  0x000002a8259f251c: 244c 478b | 5cdc 104c | 8b54 2470 | 4589 5a14 | 4d8b c349 | c1e0 034d | 33c2 49c1 | e815 4d85 
  0x000002a8259f253c: c074 1f45 | 85db 741a | 49c1 ea09 | 48b9 0000 | 8a2a a802 | 0000 4903 | ca80 3902 | 0f85 d41a 
  0x000002a8259f255c: 0000 4c8b | 5424 6045 | 8b52 4c45 | 8bda 438b | 6cd4 1445 | 8b44 ec0c | 458d 48ff | 458b d141 
  0x000002a8259f257c: 81e2 d592 | 5925 458b | ca45 85c0 | 0f86 8627 | 0000 4d8d | 14ec 478b | 448a 1045 | 85c0 0f84 
  0x000002a8259f259c: 7e04 0000 | 438b 4cc4 | 0c4b 8d3c 

  0x000002a8259f25a8: ;   {oop(a 'java/lang/ThreadLocal'{0x00000007006b2b48})}
  0x000002a8259f25a8: c481 f969 | 650d e074 | 3745 8bd3 | 4b8d 14d4 

  0x000002a8259f25b8: ;   {oop(a 'java/lang/ThreadLocal'{0x00000007006b2b48})}
  0x000002a8259f25b8: 49b8 482b | 6b00 0700 

  0x000002a8259f25c0: ;   {oop([B{0x00000007006b2ae8})}
  0x000002a8259f25c0: 0000 48bd | e82a 6b00 | 0700 0000 

  0x000002a8259f25cc: ;   {optimized virtual_call}
  0x000002a8259f25cc: c5f8 77e8 

  0x000002a8259f25d0: ; ImmutableOopMap {rbp=Oop [136]=Derived_oop_rbp [32]=Oop [40]=Oop [48]=NarrowOop [56]=Oop [72]=NarrowOop [76]=NarrowOop [80]=Oop [88]=Oop [96]=Oop [104]=Oop [112]=Oop [128]=Oop [168]=NarrowOop }
                      ;*invokevirtual getEntryAfterMiss {reexecute=0 rethrow=0 return_oop=1}
                      ; - java.lang.ThreadLocal$ThreadLocalMap::getEntry@38 (line 504)
                      ; - java.lang.ThreadLocal::get@12 (line 187)
                      ; - java.lang.ThreadLocal::get@4 (line 172)
                      ; - com.jetbrains.internal.IoOverNio$RecursionGuard::create@5 (line 203)
                      ; - java.io.FileInputStream::<init>@92 (line 176)
                      ; - jdk.internal.loader.URLClassPath$FileLoader$1::getInputStream@8 (line 1119)
                      ; - jdk.internal.loader.Resource::cachedInputStream@9 (line 77)
                      ; - jdk.internal.loader.Resource::getByteBuffer@1 (line 163)
                      ; - java.net.URLClassLoader::defineClass@132 (line 511)
                      ; - java.net.URLClassLoader$1::run@43 (line 427)
  0x000002a8259f25d0: acc8 0eff 

  0x000002a8259f25d4: ;   {other}
  0x000002a8259f25d4: 0f1f 8400 | 4422 0013 | 4885 c00f | 84f8 0400 | 0048 8bf8 | 448b 571c | 498b ea48 | c1e5 0348 
  0x000002a8259f25f4: 85ed 0f84 | 4509 0000 | 448b 5d08 

  0x000002a8259f2600: ;   {metadata('com/jetbrains/internal/IoOverNio$RecursionGuard')}
  0x000002a8259f2600: 4181 fbc0 | 882d 000f | 85b9 2800 | 00ba 54ff | ffff 4c8b | 5424 584c | 8954 2420 | 4c8b 5424 
  0x000002a8259f2620: 684c 8954 | 2458 4c89 | 5424 6090 

  0x000002a8259f262c: ;   {runtime_call UncommonTrapBlob}
  0x000002a8259f262c: c5f8 77e8 

  0x000002a8259f2630: ; ImmutableOopMap {rbp=Oop [32]=Oop [48]=NarrowOop [56]=Oop [72]=NarrowOop [76]=NarrowOop [88]=Oop [96]=Oop [112]=Oop [168]=NarrowOop }
                      ;*ifnull {reexecute=1 rethrow=0 return_oop=0}
                      ; - (reexecute) com.jetbrains.internal.IoOverNio$RecursionGuard::create@13 (line 203)
                      ; - java.io.FileInputStream::<init>@92 (line 176)
                      ; - jdk.internal.loader.URLClassPath$FileLoader$1::getInputStream@8 (line 1119)
                      ; - jdk.internal.loader.Resource::cachedInputStream@9 (line 77)
                      ; - jdk.internal.loader.Resource::getByteBuffer@1 (line 163)
                      ; - java.net.URLClassLoader::defineClass@132 (line 511)
                      ; - java.net.URLClassLoader$1::run@43 (line 427)
  0x000002a8259f2630: cc54 0fff 

  0x000002a8259f2634: ;   {other}
  0x000002a8259f2634: 0f1f 8400 | a422 0014 

  0x000002a8259f263c: ;   {oop(""{0x000000070064b5c0})}
  0x000002a8259f263c: 48bb c0b5 | 6400 0700 | 0000 e9fc 

  0x000002a8259f2648: ;   {oop(a 'java/io/File$PathStatus'{0x000000070065aa98})}
  0x000002a8259f2648: f0ff ff81 | fd53 b50c | e00f 85b7 | feff ffba | 45ff ffff | 4c8b 5424 | 584c 8954 | 2420 4c8b 
  0x000002a8259f2668: 5424 684c | 8954 2458 | 4c89 5424 | 6066 6690 

  0x000002a8259f2678: ;   {runtime_call UncommonTrapBlob}
  0x000002a8259f2678: c5f8 77e8 

  0x000002a8259f267c: ; ImmutableOopMap {rbp=NarrowOop [32]=Oop [48]=NarrowOop [56]=Oop [72]=NarrowOop [76]=NarrowOop [88]=Oop [96]=Oop [112]=Oop [168]=NarrowOop }
                      ;*if_acmpne {reexecute=1 rethrow=0 return_oop=0}
                      ; - (reexecute) java.io.File::isInvalid@38 (line 202)
                      ; - java.io.FileInputStream::<init>@66 (line 171)
                      ; - jdk.internal.loader.URLClassPath$FileLoader$1::getInputStream@8 (line 1119)
                      ; - jdk.internal.loader.Resource::cachedInputStream@9 (line 77)
                      ; - jdk.internal.loader.Resource::getByteBuffer@1 (line 163)
                      ; - java.net.URLClassLoader::defineClass@132 (line 511)
                      ; - java.net.URLClassLoader$1::run@43 (line 427)
  0x000002a8259f267c: 8054 0fff 

  0x000002a8259f2680: ;   {other}
  0x000002a8259f2680: 0f1f 8400 | f022 0015 | 4533 d24c | 8954 2420 | e9e0 edff | ff48 8b54 | 2450 4c8b | 8424 9000 
  0x000002a8259f26a0: 0000 4c8b | 4c24 2048 | 8b7c 2420 | 488b 7424 | 2048 8b4c | 2420 4c89 | 0c24 4c89 | 4c24 084c 
  0x000002a8259f26c0: 894c 2410 

  0x000002a8259f26c4: ;   {optimized virtual_call}
  0x000002a8259f26c4: c5f8 77e8 

  0x000002a8259f26c8: ; ImmutableOopMap {[40]=Oop [48]=NarrowOop [52]=NarrowOop [56]=Oop [72]=Oop [80]=Oop [88]=Oop [144]=Oop [160]=Oop [168]=NarrowOop }
                      ;*invokevirtual definePackage {reexecute=0 rethrow=0 return_oop=1}
                      ; - java.net.URLClassLoader::defineClass@81 (line 497)
                      ; - java.net.URLClassLoader$1::run@43 (line 427)
  0x000002a8259f26c8: f417 21f8 

  0x000002a8259f26cc: ;   {other}
  0x000002a8259f26cc: 0f1f 8400 | 3c23 0016 | e90b f7ff | ff44 8b5b | 1445 85db | 0f84 26f0 | ffff 4d8b | 5728 498b 
  0x000002a8259f26ec: cb48 c1e1 | 034d 85d2 | 0f84 7222 | 0000 4d8b | 5f38 4b89 | 4c13 f849 | 83c2 f84d | 8957 28e9 
  0x000002a8259f270c: fcef ffff | 4d8b 5758 | 4d8b 5f48 | f083 4424 | c000 8039 | 000f 841c | f0ff ff44 | 8821 4d85 
  0x000002a8259f272c: db75 5c48 | 895c 2460 | 4c89 4c24 | 504c 8944 | 2448 4489 | 7424 344c | 8b54 2428 | 4c89 5424 
  0x000002a8259f274c: 3849 8bd7 | c5f8 7749 | ba00 0da3 | b1fe 7f00 | 0041 ffd2 

  0x000002a8259f2760: ;   {other}
  0x000002a8259f2760: 0f1f 8400 | 0000 0000 | 4c8b 5424 | 384c 8954 | 2428 448b | 7424 344c | 8b4c 2450 | 488b 5c24 
  0x000002a8259f2780: 604c 8b44 | 2448 e9b8 | efff ff4b | 894c 1af8 | 4983 c3f8 | 4d89 5f48 | e9a6 efff | ff45 0fb6 
  0x000002a8259f27a0: 54ec 1145 | 85d2 0f85 | 97f0 ffff 

  0x000002a8259f27ac: ;   {static_call}
  0x000002a8259f27ac: c5f8 77e8 

  0x000002a8259f27b0: ; ImmutableOopMap {rbp=NarrowOop [40]=Oop [48]=NarrowOop [56]=Oop [72]=NarrowOop [80]=Oop [88]=Oop [96]=Oop [104]=Oop [112]=Oop [144]=Oop [160]=Oop [168]=NarrowOop }
                      ;*invokestatic beginInit {reexecute=0 rethrow=0 return_oop=1}
                      ; - java.util.jar.JarFile::ensureInitialization@31 (line 1069)
                      ; - java.util.jar.JavaUtilJarAccessImpl::ensureInitialization@1 (line 42)
                      ; - jdk.internal.loader.URLClassPath$JarLoader$2::getManifest@10 (line 852)
                      ; - java.net.URLClassLoader::defineClass@34 (line 491)
                      ; - java.net.URLClassLoader$1::run@43 (line 427)
  0x000002a8259f27b0: ccd0 0eff 

  0x000002a8259f27b4: ;   {other}
  0x000002a8259f27b4: 0f1f 8400 | 2424 0017 | 4889 4424 | 7848 8b54 | 2470 6690 

  0x000002a8259f27c8: ;   {optimized virtual_call}
  0x000002a8259f27c8: c5f8 77e8 

  0x000002a8259f27cc: ; ImmutableOopMap {rbp=NarrowOop [40]=Oop [48]=NarrowOop [56]=Oop [72]=NarrowOop [80]=Oop [88]=Oop [96]=Oop [104]=Oop [112]=Oop [120]=Oop [144]=Oop [160]=Oop [168]=NarrowOop }
                      ;*invokevirtual initializeVerifier {reexecute=0 rethrow=0 return_oop=0}
                      ; - java.util.jar.JarFile::ensureInitialization@36 (line 1071)
                      ; - java.util.jar.JavaUtilJarAccessImpl::ensureInitialization@1 (line 42)
                      ; - jdk.internal.loader.URLClassPath$JarLoader$2::getManifest@10 (line 852)
                      ; - java.net.URLClassLoader::defineClass@34 (line 491)
                      ; - java.net.URLClassLoader$1::run@43 (line 427)
  0x000002a8259f27cc: b0c6 0eff 

  0x000002a8259f27d0: ;   {other}
  0x000002a8259f27d0: 0f1f 8400 | 4024 0018 | 41c6 44ec | 1101 488b | 5424 7890 

  0x000002a8259f27e4: ;   {static_call}
  0x000002a8259f27e4: c5f8 77e8 

  0x000002a8259f27e8: ; ImmutableOopMap {[40]=Oop [48]=NarrowOop [56]=Oop [72]=NarrowOop [80]=Oop [88]=Oop [96]=Oop [104]=Oop [112]=Oop [144]=Oop [160]=Oop [168]=NarrowOop }
                      ;*invokestatic endInit {reexecute=0 rethrow=0 return_oop=0}
                      ; - java.util.jar.JarFile::ensureInitialization@45 (line 1074)
                      ; - java.util.jar.JavaUtilJarAccessImpl::ensureInitialization@1 (line 42)
                      ; - jdk.internal.loader.URLClassPath$JarLoader$2::getManifest@10 (line 852)
                      ; - java.net.URLClassLoader::defineClass@34 (line 491)
                      ; - java.net.URLClassLoader$1::run@43 (line 427)
  0x000002a8259f27e8: 94d0 0eff 

  0x000002a8259f27ec: ;   {other}
  0x000002a8259f27ec: 0f1f 8400 | 5c24 0019 | e94a f0ff | ffc4 c1f9 | 6ec3 4889 | 5c24 604c | 894c 2450 | 4c89 4424 
  0x000002a8259f280c: 4844 8974 | 2434 4c8b | 5424 284c | 8954 2438 | 4d8b f54c | 63c5 4d8d | 5010 4d8b | da49 83e3 
  0x000002a8259f282c: f848 8bfe | 4903 fb49 | c1ea 0349 | 2bca 4833 | c048 83f9 | 087f 1048 | ffc9 7856 | 4889 04cf 
  0x000002a8259f284c: 48ff c97d | f7eb 4bc5 | f5ef c9e9 | 0d00 0000 | c5fe 7f0f | c5fe 7f4f | 2048 83c7 | 4048 83e9 
  0x000002a8259f286c: 087d ed48 | 83c1 047c | 0cc5 fe7f | 0f48 83c7 | 2048 83e9 | 0448 83c1 | 047e 1748 | c7c0 ffff 
  0x000002a8259f288c: ffff c4e2 | f0f5 c0c4 | e1fb 92f8 | 62f1 fe2f | 7f0f 488b | cac4 e1f9 | 7ec2 c5f8 | 7749 bac0 
  0x000002a8259f28ac: 20ac 24a8 | 0200 0041 

  0x000002a8259f28b4: ;   {other}
  0x000002a8259f28b4: ffd2 0f1f | 8400 0000 | 0000 4d8b | ee4c 8b54 | 2438 4c89 | 5424 2844 | 8b74 2434 | 4c8b 4c24 
  0x000002a8259f28d4: 5048 8b5c | 2460 4c8b | 4424 48e9 | 1dee ffff | 4c8b 6c24 | 3845 8b5d | 0c45 85db | 0f84 87f1 
  0x000002a8259f28f4: ffff 4d8b | 5728 498b | cb48 c1e1 | 034d 85d2 | 0f84 be21 | 0000 4d8b | 5f38 4b89 | 4c13 f849 
  0x000002a8259f2914: 83c2 f84d | 8957 28e9 | 5df1 ffff | 4d8b 5748 | 4d8b 5f58 | f083 4424 | c000 4180 | 3800 0f84 
  0x000002a8259f2934: 78f1 ffff | 4588 204d | 85d2 7523 | 498b c849 | 8bd7 c5f8 | 7749 ba00 | 0da3 b1fe | 7f00 0041 
  0x000002a8259f2954: ;   {other}
  0x000002a8259f2954: ffd2 0f1f | 8400 0000 | 0000 e94d | f1ff ff4f | 8944 13f8 | 4983 c2f8 | 4d89 5748 | e93b f1ff 
  0x000002a8259f2974: ff89 5c24 | 4448 8974 | 2448 4489 | 4c24 4044 | 8944 243c | 894c 2438 | 4c89 5424 | 304c 895c 
  0x000002a8259f2994: 2428 4c89 | 6c24 2048 | 8b6c 2458 

  0x000002a8259f29a0: ;   {metadata({type array byte})}
  0x000002a8259f29a0: 48ba a025 | 0037 a802 | 0000 448b | 4424 4448 | 8944 2450 

  0x000002a8259f29b4: ;   {runtime_call _new_array_Java}
  0x000002a8259f29b4: c5f8 77e8 

  0x000002a8259f29b8: ; ImmutableOopMap {rbp=Oop [32]=Oop [40]=Oop [48]=Oop [88]=Oop }
                      ;*invokevirtual allocateUninitializedArray0 {reexecute=0 rethrow=0 return_oop=1}
                      ; - jdk.internal.misc.Unsafe::allocateUninitializedArray@51 (line 1380)
                      ; - java.lang.StringConcatHelper::newArray@33 (line 511)
                      ; - java.lang.StringConcatHelper::simpleConcat@61 (line 435)
                      ; - java.lang.String::concat@11 (line 2888)
                      ; - java.net.URLClassLoader$1::run@13 (line 423)
  0x000002a8259f29b8: c422 1cff 

  0x000002a8259f29bc: ;   {other}
  0x000002a8259f29bc: 0f1f 8400 | 2c26 001a | 4c8b 5424 | 308b 4c24 | 3844 8b44 | 243c 448b | 4c24 4048 | 8b74 2448 
  0x000002a8259f29dc: 8b5c 2444 | 488b e84c | 8b6c 2420 | 4c8b 5c24 | 28e9 abe8 | ffff 4c89 

  0x000002a8259f29f4: ;   {metadata('java/lang/String')}
  0x000002a8259f29f4: 6c24 2848 | ba10 0a01 | 37a8 0200 | 0066 6690 

  0x000002a8259f2a04: ;   {runtime_call _new_instance_Java}
  0x000002a8259f2a04: c5f8 77e8 

  0x000002a8259f2a08: ; ImmutableOopMap {rbp=Oop [40]=Oop [88]=Oop }
                      ;*new {reexecute=0 rethrow=0 return_oop=1}
                      ; - java.lang.StringConcatHelper::newString@6 (line 400)
                      ; - java.lang.StringConcatHelper::simpleConcat@90 (line 440)
                      ; - java.lang.String::concat@11 (line 2888)
                      ; - java.net.URLClassLoader$1::run@13 (line 423)
  0x000002a8259f2a08: 7408 1cff 

  0x000002a8259f2a0c: ;   {other}
  0x000002a8259f2a0c: 0f1f 8400 | 7c26 001b | 4c8b 6c24 | 28e9 33e9 | ffff 33ff | e98c fbff | ff48 8974 | 2450 8954 
  0x000002a8259f2a2c: 2448 897c | 2434 4c89 | 6c24 404c | 8974 2438 | 894c 2430 | 4489 4c24 | 2c89 5c24 | 284c 8b54 
  0x000002a8259f2a4c: 2458 4c89 

  0x000002a8259f2a50: ;   {metadata({type array byte})}
  0x000002a8259f2a50: 5424 2048 | baa0 2500 | 37a8 0200 | 0044 8bc1 

  0x000002a8259f2a60: ;   {runtime_call _new_array_Java}
  0x000002a8259f2a60: c5f8 77e8 

  0x000002a8259f2a64: ; ImmutableOopMap {[32]=Oop [40]=NarrowOop [44]=NarrowOop [56]=Oop [64]=Oop [80]=Oop [88]=Oop }
                      ;*invokevirtual allocateUninitializedArray0 {reexecute=0 rethrow=0 return_oop=1}
                      ; - jdk.internal.misc.Unsafe::allocateUninitializedArray@51 (line 1380)
                      ; - java.lang.StringConcatHelper::newArray@33 (line 511)
                      ; - java.lang.StringLatin1::replace@49 (line 308)
                      ; - java.lang.String::replace@18 (line 2922)
                      ; - java.net.URLClassLoader$1::run@8 (line 423)
  0x000002a8259f2a64: 1822 1cff 

  0x000002a8259f2a68: ;   {other}
  0x000002a8259f2a68: 0f1f 8400 | d826 001c | 8b5c 2428 | 448b 4c24 | 2c8b 4c24 | 304c 8b74 | 2438 8b7c | 2434 8b54 
  0x000002a8259f2a88: 2448 488b | 7424 504c | 8b6c 2440 | 4c8b d8e9 | 7ce4 ffff | 4c89 6c24 

  0x000002a8259f2aa0: ;   {metadata('java/lang/String')}
  0x000002a8259f2aa0: 3048 ba10 | 0a01 37a8 | 0200 0049 | 8bee 4c89 | 5c24 3890 

  0x000002a8259f2ab4: ;   {runtime_call _new_instance_Java}
  0x000002a8259f2ab4: c5f8 77e8 

  0x000002a8259f2ab8: ; ImmutableOopMap {rbp=Oop [48]=Oop [56]=Oop [88]=Oop }
                      ;*new {reexecute=0 rethrow=0 return_oop=1}
                      ; - java.lang.StringLatin1::replace@116 (line 317)
                      ; - java.lang.String::replace@18 (line 2922)
                      ; - java.net.URLClassLoader$1::run@8 (line 423)
  0x000002a8259f2ab8: c407 1cff 

  0x000002a8259f2abc: ;   {other}
  0x000002a8259f2abc: 0f1f 8400 | 2c27 001d | 4c8b d04c | 8b6c 2430 | 4c8b 5c24 | 38e9 d1e6 | ffff 33ff | e926 f7ff 
  0x000002a8259f2adc: ;   {oop(a 'java/lang/ThreadLocal'{0x00000007006b2b48})}
  0x000002a8259f2adc: ff48 ba48 | 2b6b 0007 | 0000 004c | 8b44 2460 

  0x000002a8259f2aec: ;   {optimized virtual_call}
  0x000002a8259f2aec: c5f8 77e8 

  0x000002a8259f2af0: ; ImmutableOopMap {rbp=Oop [136]=Derived_oop_rbp [32]=Oop [40]=Oop [48]=NarrowOop [56]=Oop [72]=NarrowOop [76]=NarrowOop [80]=Oop [88]=Oop [96]=Oop [104]=Oop [112]=Oop [128]=Oop [168]=NarrowOop }
                      ;*invokevirtual setInitialValue {reexecute=0 rethrow=0 return_oop=1}
                      ; - java.lang.ThreadLocal::get@31 (line 194)
                      ; - java.lang.ThreadLocal::get@4 (line 172)
                      ; - com.jetbrains.internal.IoOverNio$RecursionGuard::create@5 (line 203)
                      ; - java.io.FileInputStream::<init>@92 (line 176)
                      ; - jdk.internal.loader.URLClassPath$FileLoader$1::getInputStream@8 (line 1119)
                      ; - jdk.internal.loader.Resource::cachedInputStream@9 (line 77)
                      ; - jdk.internal.loader.Resource::getByteBuffer@1 (line 163)
                      ; - java.net.URLClassLoader::defineClass@132 (line 511)
                      ; - java.net.URLClassLoader$1::run@43 (line 427)
  0x000002a8259f2af0: 8cc3 0eff 

  0x000002a8259f2af4: ;   {other}
  0x000002a8259f2af4: 0f1f 8400 | 6427 001e | 488b e8e9 | effa ffff | 4c89 5c24 

  0x000002a8259f2b08: ;   {metadata('java/security/CodeSource')}
  0x000002a8259f2b08: 6048 ba38 | 6600 37a8 | 0200 0044 | 8b5c 2448 | 4489 5c24 | 3466 6690 

  0x000002a8259f2b20: ;   {runtime_call _new_instance_Java}
  0x000002a8259f2b20: c5f8 77e8 

  0x000002a8259f2b24: ; ImmutableOopMap {rbp=Oop [32]=Oop [40]=Oop [48]=NarrowOop [52]=NarrowOop [56]=Oop [80]=Oop [88]=Oop [96]=Oop [168]=NarrowOop }
                      ;*new {reexecute=0 rethrow=0 return_oop=1}
                      ; - java.net.URLClassLoader::defineClass@190 (line 522)
                      ; - java.net.URLClassLoader$1::run@43 (line 427)
  0x000002a8259f2b24: 5807 1cff 

  0x000002a8259f2b28: ;   {other}
  0x000002a8259f2b28: 0f1f 8400 | 9827 001f | e966 f1ff 

  0x000002a8259f2b34: ;   {oop(a 'java/lang/ThreadLocal'{0x0000000700660e40})}
  0x000002a8259f2b34: ff48 ba40 | 0e66 0007 | 0000 004c | 8b44 2460 

  0x000002a8259f2b44: ;   {optimized virtual_call}
  0x000002a8259f2b44: c5f8 77e8 

  0x000002a8259f2b48: ; ImmutableOopMap {rbp=Oop [136]=Derived_oop_rbp [32]=Oop [40]=Oop [48]=NarrowOop [56]=Oop [72]=NarrowOop [76]=NarrowOop [80]=Oop [88]=Oop [96]=Oop [104]=Oop [112]=Oop [120]=NarrowOop [128]=Oop [168]=NarrowOop }
                      ;*invokevirtual setInitialValue {reexecute=0 rethrow=0 return_oop=1}
                      ; - java.lang.ThreadLocal::get@31 (line 194)
                      ; - java.lang.ThreadLocal::get@4 (line 172)
                      ; - com.jetbrains.internal.IoOverNio::isAllowedInThisThread@9 (line 68)
                      ; - java.io.IoOverNioFileSystem::acquireNioFs@16 (line 94)
                      ; - java.io.IoOverNioFileSystem::isInvalid@4 (line 472)
                      ; - java.io.File::isInvalid@13 (line 199)
                      ; - java.io.FileInputStream::<init>@66 (line 171)
                      ; - jdk.internal.loader.URLClassPath$FileLoader$1::getInputStream@8 (line 1119)
                      ; - jdk.internal.loader.Resource::cachedInputStream@9 (line 77)
                      ; - jdk.internal.loader.Resource::getByteBuffer@1 (line 163)
                      ; - java.net.URLClassLoader::defineClass@132 (line 511)
                      ; - java.net.URLClassLoader$1::run@43 (line 427)
  0x000002a8259f2b48: 34c3 0eff 

  0x000002a8259f2b4c: ;   {other}
  0x000002a8259f2b4c: 0f1f 8400 | bc27 0020 | e9ee f6ff | ff4c 894c | 2470 4c89 | 4424 6844 | 8974 244c | 4889 7c24 
  0x000002a8259f2b6c: 604c 8b44 | 2428 4c89 | 4424 5044 | 8954 2448 | 4489 5c24 | 3c89 4424 | 384c 896c 

  0x000002a8259f2b88: ;   {metadata('java/lang/String')}
  0x000002a8259f2b88: 2428 48ba | 100a 0137 | a802 0000 

  0x000002a8259f2b94: ;   {runtime_call _new_instance_Java}
  0x000002a8259f2b94: c5f8 77e8 

  0x000002a8259f2b98: ; ImmutableOopMap {[40]=Oop [48]=NarrowOop [56]=NarrowOop [76]=NarrowOop [80]=Oop [88]=Oop [96]=Oop [104]=Oop [112]=Oop [160]=Oop [168]=NarrowOop }
                      ;*new {reexecute=0 rethrow=0 return_oop=1}
                      ; - java.lang.StringLatin1::newString@7 (line 756)
                      ; - java.lang.String::substring@41 (line 2828)
                      ; - java.net.URLClassLoader::defineClass@28 (line 489)
                      ; - java.net.URLClassLoader$1::run@43 (line 427)
  0x000002a8259f2b98: e406 1cff 

  0x000002a8259f2b9c: ;   {other}
  0x000002a8259f2b9c: 0f1f 8400 | 0c28 0021 | 4c8b c04c | 8b6c 2428 | 8b44 2438 | 448b 5c24 | 3c44 8b54 | 2448 4c8b 
  0x000002a8259f2bbc: 4c24 504c | 894c 2428 | 488b 7c24 | 6044 8b74 | 244c 4c8b | 4c24 7049 | 8bd8 4c8b | 4424 68e9 
  0x000002a8259f2bdc: 45e9 ffff | 4889 8424 | 9800 0000 | 4889 8c24 | 9000 0000 | 4889 9424 | 8800 0000 | 4889 9c24 
  0x000002a8259f2bfc: 8000 0000 | 4c89 4c24 | 784c 8944 | 2470 4489 | 7424 544c | 8b5c 2428 | 4c89 5c24 | 6044 8954 
  0x000002a8259f2c1c: 2450 448b | 9c24 a800 | 0000 4489 | 5c24 4c44 | 8b54 2430 | 4489 5424 | 484c 8b54 | 2420 4c89 
  0x000002a8259f2c3c: 5424 384c | 896c 2428 | 4c8b 9424 | a000 0000 | 4c89 5424 

  0x000002a8259f2c50: ;   {metadata({type array byte})}
  0x000002a8259f2c50: 3048 baa0 | 2500 37a8 | 0200 0048 | 897c 2468 | 448b 4424 | 5066 6690 

  0x000002a8259f2c68: ;   {runtime_call _new_array_nozero_Java}
  0x000002a8259f2c68: c5f8 77e8 

  0x000002a8259f2c6c: ; ImmutableOopMap {[40]=Oop [48]=Oop [72]=NarrowOop [76]=NarrowOop [84]=NarrowOop [88]=Oop [96]=Oop [104]=Oop [136]=Derived_oop_[104] [112]=Oop [120]=Oop [128]=Oop }
                      ;*newarray {reexecute=0 rethrow=0 return_oop=1}
                      ; - java.util.Arrays::copyOfRangeByte@10 (line 3863)
                      ; - java.util.Arrays::copyOfRange@13 (line 3854)
                      ; - java.lang.StringLatin1::newString@16 (line 756)
                      ; - java.lang.String::substring@41 (line 2828)
                      ; - java.net.URLClassLoader::defineClass@28 (line 489)
                      ; - java.net.URLClassLoader$1::run@43 (line 427)
  0x000002a8259f2c6c: 101d 1cff 

  0x000002a8259f2c70: ;   {other}
  0x000002a8259f2c70: 0f1f 8400 | e028 0022 | 4c8b c04c | 8b54 2430 | 4c89 9424 | a000 0000 | 4c8b 6c24 | 284c 8b54 
  0x000002a8259f2c90: 2438 4c89 | 5424 2044 | 8b5c 2448 | 4489 5c24 | 3044 8b54 | 244c 4489 | 9424 a800 | 0000 448b 
  0x000002a8259f2cb0: 5424 504c | 8b5c 2460 | 4c89 5c24 | 2844 8b74 | 2454 4c8b | 4c24 7848 | 8b9c 2480 | 0000 0048 
  0x000002a8259f2cd0: 8b94 2488 | 0000 0048 | 8b8c 2490 | 0000 0048 | 8b84 2498 | 0000 0049 | 8bf0 4c8b | 4424 70e9 
  0x000002a8259f2cf0: b0e9 ffff | bae4 ffff | ff48 8b6c | 2458 448b | 5c24 3044 | 895c 2428 | 4c89 6c24 | 304c 8b5c 
  0x000002a8259f2d10: 2440 4c89 | 5c24 3844 | 8954 2440 | 8944 244c 

  0x000002a8259f2d20: ;   {runtime_call UncommonTrapBlob}
  0x000002a8259f2d20: c5f8 77e8 

  0x000002a8259f2d24: ; ImmutableOopMap {rbp=Oop [40]=NarrowOop [48]=Oop [76]=NarrowOop [168]=NarrowOop }
                      ;*baload {reexecute=0 rethrow=0 return_oop=0}
                      ; - java.lang.StringLatin1::lastIndexOf@24 (line 290)
                      ; - java.lang.String::lastIndexOf@13 (line 2562)
                      ; - java.lang.String::lastIndexOf@8 (line 2524)
                      ; - java.net.URLClassLoader::defineClass@7 (line 486)
                      ; - java.net.URLClassLoader$1::run@43 (line 427)
  0x000002a8259f2d24: d84d 0fff 

  0x000002a8259f2d28: ;   {other}
  0x000002a8259f2d28: 0f1f 8400 | 9829 0023 | 4c89 6c24 

  0x000002a8259f2d34: ;   {metadata('java/lang/String')}
  0x000002a8259f2d34: 2048 ba10 | 0a01 37a8 | 0200 0048 | 8b6c 2458 

  0x000002a8259f2d44: ;   {runtime_call _new_instance_Java}
  0x000002a8259f2d44: c5f8 77e8 

  0x000002a8259f2d48: ; ImmutableOopMap {rbp=Oop [32]=Oop [88]=Oop }
                      ;*new {reexecute=0 rethrow=0 return_oop=1}
                      ; - java.lang.StringConcatHelper::simpleConcat@17 (line 425)
                      ; - java.lang.String::concat@11 (line 2888)
                      ; - java.net.URLClassLoader$1::run@13 (line 423)
  0x000002a8259f2d48: 3405 1cff 

  0x000002a8259f2d4c: ;   {other}
  0x000002a8259f2d4c: 0f1f 8400 | bc29 0024 | 4c8b 6c24 | 20e9 07f0 | ffff 418b | e8e9 47e1 | ffff 4c89 | 6c24 3889 
  0x000002a8259f2d6c: 4424 4848 | 8bef 4489 | 7424 4c4c | 8944 2450 | 4c89 4c24 | 6048 895c | 2468 4889 | 5424 704c 
  0x000002a8259f2d8c: 8954 2478 

  0x000002a8259f2d90: ;   {metadata({type array byte})}
  0x000002a8259f2d90: 48ba a025 | 0037 a802 | 0000 458b | c366 6690 

  0x000002a8259f2da0: ;   {runtime_call _new_array_nozero_Java}
  0x000002a8259f2da0: c5f8 77e8 

  0x000002a8259f2da4: ; ImmutableOopMap {rbp=Oop [112]=Derived_oop_rbp [40]=Oop [48]=NarrowOop [56]=Oop [72]=NarrowOop [76]=NarrowOop [80]=Oop [88]=Oop [96]=Oop [104]=Oop [160]=Oop [168]=NarrowOop }
                      ;*invokevirtual clone {reexecute=1 rethrow=0 return_oop=1}
                      ; - (reexecute) java.util.Arrays::copyOfRange@18 (line 3856)
                      ; - java.lang.StringLatin1::newString@16 (line 756)
                      ; - java.lang.String::substring@41 (line 2828)
                      ; - java.net.URLClassLoader::defineClass@28 (line 489)
                      ; - java.net.URLClassLoader$1::run@43 (line 427)
  0x000002a8259f2da4: d81b 1cff 

  0x000002a8259f2da8: ;   {other}
  0x000002a8259f2da8: 0f1f 8400 | 182a 0025 | 488b d8e9 | 08e8 ffff 

  0x000002a8259f2db8: ;   {oop(a 'java/io/IoOverNioFileSystem'{0x00000007006ade28})}
  0x000002a8259f2db8: 49ba 28de | 6a00 0700 | 0000 418b | 6a0c 458b 

  0x000002a8259f2dc8: ;   {metadata('java/io/WinNTFileSystem')}
  0x000002a8259f2dc8: 5cec 0841 | 81fb e83e | 3400 0f85 | ec2f 0000 | 498d 14ec | 4c8b 8424 | 8000 0000 

  0x000002a8259f2de4: ;   {oop([B{0x00000007006b2ae8})}
  0x000002a8259f2de4: 48bd e82a | 6b00 0700 | 0000 6690 

  0x000002a8259f2df0: ;   {optimized virtual_call}
  0x000002a8259f2df0: c5f8 77e8 

  0x000002a8259f2df4: ; ImmutableOopMap {rbp=Oop [136]=Derived_oop_rbp [32]=Oop [40]=Oop [48]=NarrowOop [56]=Oop [72]=NarrowOop [76]=NarrowOop [80]=Oop [88]=Oop [96]=Oop [104]=Oop [112]=Oop [128]=Oop [168]=NarrowOop }
                      ;*invokevirtual isInvalid {reexecute=0 rethrow=0 return_oop=0}
                      ; - java.io.IoOverNioFileSystem::isInvalid@61 (line 484)
                      ; - java.io.File::isInvalid@13 (line 199)
                      ; - java.io.FileInputStream::<init>@66 (line 171)
                      ; - jdk.internal.loader.URLClassPath$FileLoader$1::getInputStream@8 (line 1119)
                      ; - jdk.internal.loader.Resource::cachedInputStream@9 (line 77)
                      ; - jdk.internal.loader.Resource::getByteBuffer@1 (line 163)
                      ; - java.net.URLClassLoader::defineClass@132 (line 511)
                      ; - java.net.URLClassLoader$1::run@43 (line 427)
  0x000002a8259f2df4: 88c0 0eff 

  0x000002a8259f2df8: ;   {other}
  0x000002a8259f2df8: 0f1f 8400 | 682a 0026 | 85c0 0f84 | b5f6 ffff | 8be8 ba45 | ffff ff4c | 8b54 2458 | 4c89 5424 
  0x000002a8259f2e18: 204c 8b54 | 2468 4c89 | 5424 584c | 8954 2460 

  0x000002a8259f2e28: ;   {runtime_call UncommonTrapBlob}
  0x000002a8259f2e28: c5f8 77e8 

  0x000002a8259f2e2c: ; ImmutableOopMap {[32]=Oop [48]=NarrowOop [56]=Oop [72]=NarrowOop [76]=NarrowOop [88]=Oop [96]=Oop [112]=Oop [168]=NarrowOop }
                      ;*ifeq {reexecute=1 rethrow=0 return_oop=0}
                      ; - (reexecute) java.io.File::isInvalid@16 (line 199)
                      ; - java.io.FileInputStream::<init>@66 (line 171)
                      ; - jdk.internal.loader.URLClassPath$FileLoader$1::getInputStream@8 (line 1119)
                      ; - jdk.internal.loader.Resource::cachedInputStream@9 (line 77)
                      ; - jdk.internal.loader.Resource::getByteBuffer@1 (line 163)
                      ; - java.net.URLClassLoader::defineClass@132 (line 511)
                      ; - java.net.URLClassLoader$1::run@43 (line 427)
  0x000002a8259f2e2c: d04c 0fff 

  0x000002a8259f2e30: ;   {other}
  0x000002a8259f2e30: 0f1f 8400 | a02a 0027 | 4c8b cd44 | 8b5d 2445 | 85db 0f84 | daf2 ffff | 4d8b 5728 | 498b cb48 
  0x000002a8259f2e50: c1e1 034d | 85d2 0f84 | 6628 0000 | 4d8b 5f38 | 4b89 4c13 | f849 83c2 | f84d 8957 | 284c 8bcd 
  0x000002a8259f2e70: e9ad f2ff | ff4c 8b54 | 2470 458b | 5a28 4585 | db0f 8456 | f2ff ff4d | 8b57 2849 | 8bcb 48c1 
  0x000002a8259f2e90: e103 4d85 | d20f 8447 | 2800 004d | 8b5f 384b | 894c 13f8 | 4983 c2f8 | 4d89 5728 | e92c f2ff 
  0x000002a8259f2eb0: ff45 8b50 | 1045 85d2 | 0f84 bdf1 | ffff 4d8b | 5f28 498b | ca48 c1e1 | 034d 85db | 0f84 3028 
  0x000002a8259f2ed0: 0000 498b | d84d 8b57 | 384b 894c | 1af8 4983 | c3f8 4d89 | 5f28 4c8b | c3e9 8df1 | ffff 4c8b 
  0x000002a8259f2ef0: 5424 7045 | 8b52 1445 | 85d2 0f84 | 19f6 ffff | 4d8b 5f28 | 498b ca48 | c1e1 034d | 85db 0f84 
  0x000002a8259f2f10: 1128 0000 | 4d8b 5738 | 4b89 4c1a | f849 83c3 | f84d 895f | 28e9 eff5 | ffff 660f 

  0x000002a8259f2f2c: ;   {no_reloc}
  0x000002a8259f2f2c: 1f44 0000 | 4b8d 1ccc | 4489 8424 | 9c00 0000 | e998 0200 | 0049 8b87 | b801 0000 | 4c8b d049 
  0x000002a8259f2f4c: 83c2 184d | 3b97 c801 | 0000 0f83 | 0e2d 0000 | 4d89 97b8 | 0100 0041 | 0f18 8200 | 0100 0048 
  0x000002a8259f2f6c: c700 0100 | 0000 4c8b | d049 83c2 

  0x000002a8259f2f78: ;   {metadata('com/jetbrains/internal/IoOverNio$RecursionGuard')}
  0x000002a8259f2f78: 10c7 4008 | c088 2d00 | 4489 600c | c5fd efc0 | c4c1 79d6 | 024c 8bd0 | 4c89 5424 | 784c 8b54 
  0x000002a8259f2f98: 2460 458b | 5a4c 458b | d343 8b6c | dc14 458b | 5cec 0c45 | 8d43 ff45 | 8bc8 4181 | e1d5 9259 
  0x000002a8259f2fb8: 2541 8bc9 | 4585 db0f | 8603 2f00 | 004d 8d1c | ec47 8b44 | 8b10 4585 | c00f 8441 | 1b00 0047 
  0x000002a8259f2fd8: 8b4c c40c | 4b8d 3cc4 

  0x000002a8259f2fe0: ;   {oop(a 'java/lang/ThreadLocal'{0x00000007006b2b48})}
  0x000002a8259f2fe0: 4181 f969 | 650d e074 | 3b45 8bda | 4b8d 14dc 

  0x000002a8259f2ff0: ;   {oop(a 'java/lang/ThreadLocal'{0x00000007006b2b48})}
  0x000002a8259f2ff0: 49b8 482b | 6b00 0700 | 0000 448b 

  0x000002a8259f2ffc: ;   {oop([B{0x00000007006b2ae8})}
  0x000002a8259f2ffc: c948 bde8 | 2a6b 0007 | 0000 0090 

  0x000002a8259f3008: ;   {optimized virtual_call}
  0x000002a8259f3008: c5f8 77e8 

  0x000002a8259f300c: ; ImmutableOopMap {rbp=Oop [136]=Derived_oop_rbp [32]=Oop [40]=Oop [48]=NarrowOop [56]=Oop [72]=NarrowOop [76]=NarrowOop [80]=Oop [88]=Oop [96]=Oop [104]=Oop [112]=Oop [120]=Oop [128]=Oop [168]=NarrowOop }
                      ;*invokevirtual getEntryAfterMiss {reexecute=0 rethrow=0 return_oop=1}
                      ; - java.lang.ThreadLocal$ThreadLocalMap::getEntry@38 (line 504)
                      ; - java.lang.ThreadLocal::get@12 (line 187)
                      ; - java.lang.ThreadLocal::get@4 (line 172)
                      ; - com.jetbrains.internal.IoOverNio$RecursionGuard::create@46 (line 209)
                      ; - java.io.FileInputStream::<init>@92 (line 176)
                      ; - jdk.internal.loader.URLClassPath$FileLoader$1::getInputStream@8 (line 1119)
                      ; - jdk.internal.loader.Resource::cachedInputStream@9 (line 77)
                      ; - jdk.internal.loader.Resource::getByteBuffer@1 (line 163)
                      ; - java.net.URLClassLoader::defineClass@132 (line 511)
                      ; - java.net.URLClassLoader$1::run@43 (line 427)
  0x000002a8259f300c: 70be 0eff 

  0x000002a8259f3010: ;   {other}
  0x000002a8259f3010: 0f1f 8400 | 802c 0028 | 4885 c00f | 8405 1b00 | 0048 8bf8 | 448b 571c | 49c1 e203 | 4d85 d20f 
  0x000002a8259f3030: 840f 1d00 | 0045 8b42 

  0x000002a8259f3038: ;   {metadata('com/jetbrains/internal/IoOverNio$RecursionGuard')}
  0x000002a8259f3038: 0841 81f8 | c088 2d00 | 0f85 462f | 0000 498b | da41 807f | 4000 0f85 | fb1c 0000 | 4c8b 5424 
  0x000002a8259f3058: 784c 8bdb | 4d33 da4c | 8bc3 49c1 | e803 4c8b | 4c24 7845 | 8941 0c49 

  0x000002a8259f3070: ;   {oop(a 'java/lang/Class'{0x0000000700633618} = 'java/io/FileInputStream')}
  0x000002a8259f3070: c1eb 1548 | bf18 3663 | 0007 0000 | 004d 85db | 741f 4885 | db74 1a49 | c1ea 0948 | b900 008a 
  0x000002a8259f3090: 2aa8 0200 | 0049 03ca | 8039 020f | 85f5 1e00 | 0041 807f | 4000 0f85 | df1c 0000 | 4c8b 5424 
  0x000002a8259f30b0: ;   {oop(a 'java/lang/Class'{0x0000000700633618} = 'java/io/FileInputStream')}
  0x000002a8259f30b0: 7841 c742 | 10c3 660c | e04c 8bd7 | 4c8b 5c24 | 784d 33d3 | 49c1 ea15 | 4d85 d274 | 1a49 c1eb 
  0x000002a8259f30d0: 0948 b900 | 008a 2aa8 | 0200 0049 | 03cb 8039 | 020f 850d | 1e00 0041 | 807f 4000 | 0f85 d51c 
  0x000002a8259f30f0: 0000 4c8b | 5424 7845 | 8962 144c | 8b54 2460 | 458b 524c | 4489 9424 | 9000 0000 | 4585 d20f 
  0x000002a8259f3110: 841b 1b00 | 0047 8b5c | d414 4489 | 9c24 9400 | 0000 478b | 54dc 0c44 | 8994 2498 | 0000 0045 
  0x000002a8259f3130: 8d5a ff45 | 8bd3 4181 | e2d5 9259 | 2544 8994 | 249c 0000 | 0044 8b9c | 2498 0000 | 0045 85db 
  0x000002a8259f3150: 0f86 962e | 0000 448b | 9424 9000 | 0000 49c1 | e203 4c89 | 9424 a000 | 0000 4c8b | 5424 784d 
  0x000002a8259f3170: 8bda 49c1 | eb03 4489 | 9c24 ac00 | 0000 448b | 9c24 9400 | 0000 4f8d | 14dc 4c89 | 9424 e000 
  0x000002a8259f3190: 0000 448b | 9424 9c00 | 0000 4c8b | 9c24 e000 | 0000 478b | 5c93 1045 | 85db 7517 | 49ba 0000 
  0x000002a8259f31b0: ;   {no_reloc}
  0x000002a8259f31b0: 8a2a a802 | 0000 4c89 | 9424 1001 | 0000 e997 | 0000 004b | 8d1c dc49 | ba00 008a | 2aa8 0200 
  0x000002a8259f31d0: 004c 8994 | 2410 0100 | 0044 8b53 

  0x000002a8259f31dc: ;   {oop(a 'java/lang/ThreadLocal'{0x00000007006b2b48})}
  0x000002a8259f31dc: 0c41 81fa | 6965 0de0 | 0f84 ba0f | 0000 448b | 5b0c 4585 | db0f 842f | 2c00 0044 | 8b9c 249c 
  0x000002a8259f31fc: 0000 0041 | ffc3 443b | 9c24 9800 | 0000 0f8d | 3415 0000 | 458b c344 | 3b84 2498 | 0000 000f 
  0x000002a8259f321c: 831f 2b00 | 004c 8b94 | 24e0 0000 | 0047 8b4c | 8210 498b | 8f58 0400 

  0x000002a8259f3234: ;   {oop([B{0x00000007006b2ae8})}
  0x000002a8259f3234: 0048 bbe8 | 2a6b 0007 | 0000 004c | 8b9c 24e0 

  0x000002a8259f3244: ; ImmutableOopMap {r11=Oop r9=NarrowOop rbx=Oop [136]=Derived_oop_rbx [32]=Oop [40]=Oop [48]=NarrowOop [56]=Oop [72]=NarrowOop [76]=NarrowOop [80]=Oop [88]=Oop [96]=Oop [104]=Oop [112]=Oop [120]=Oop [128]=Oop [144]=NarrowOop [148]=NarrowOop [160]=Oop [168]=NarrowOop [172]=NarrowOop [224]=Oop }
                      ;*goto {reexecute=1 rethrow=0 return_oop=0}
                      ; - (reexecute) java.lang.ThreadLocal$ThreadLocalMap::set@79 (line 551)
                      ; - java.lang.ThreadLocal::set@13 (line 265)
                      ; - java.lang.ThreadLocal::set@5 (line 251)
                      ; - com.jetbrains.internal.IoOverNio$RecursionGuard::create@62 (line 210)
                      ; - java.io.FileInputStream::<init>@92 (line 176)
                      ; - jdk.internal.loader.URLClassPath$FileLoader$1::getInputStream@8 (line 1119)
                      ; - jdk.internal.loader.Resource::cachedInputStream@9 (line 77)
                      ; - jdk.internal.loader.Resource::getByteBuffer@1 (line 163)
                      ; - java.net.URLClassLoader::defineClass@132 (line 511)
                      ; - java.net.URLClassLoader$1::run@43 (line 427)
                      ;   {poll}
  0x000002a8259f3244: 0000 0085 | 0145 85c9 | 0f85 defc | ffff 4489 | 8424 9c00 | 0000 4d8b | 97b8 0100 | 004d 8bda 
  0x000002a8259f3264: 4983 c320 | 4d3b 9fc8 | 0100 000f | 839c 2a00 | 004d 899f | b801 0000 | 410f 1883 | 0001 0000 
  0x000002a8259f3284: 49c7 0201 | 0000 004d | 8bc2 4983 

  0x000002a8259f3290: ;   {metadata('java/lang/ThreadLocal$ThreadLocalMap$Entry')}
  0x000002a8259f3290: c010 41c7 | 4208 f859 | 3400 c5fd | efc0 62d1 | fe08 7f00 

  0x000002a8259f32a4: ;   {oop(a 'java/lang/ThreadLocal'{0x00000007006b2b48})}
  0x000002a8259f32a4: 41c7 420c | 6965 0de0 | 498b da41 | 807f 4000 | 0f85 6e22 | 0000 4c8b 

  0x000002a8259f32bc: ;   {oop(a 'java/lang/ref/ReferenceQueue$Null'{0x0000000700647358})}
  0x000002a8259f32bc: d341 c742 | 106b 8e0c 

  0x000002a8259f32c4: ;   {oop(a 'java/lang/ref/ReferenceQueue$Null'{0x0000000700647358})}
  0x000002a8259f32c4: e049 ba58 | 7364 0007 | 0000 004c | 8bdb 4d33 | d349 c1ea | 154d 85d2 | 741a 49c1 | eb09 48b9 
  0x000002a8259f32e4: 0000 8a2a | a802 0000 | 4903 cb80 | 3902 0f85 | d722 0000 | f083 4424 | c000 4180 | 7f40 000f 
  0x000002a8259f3304: 8556 2200 | 004c 8bd3 | 448b 8424 | ac00 0000 | 4589 421c | 4c8b 5424 | 784c 8bdb | 4d33 d349 
  0x000002a8259f3324: c1ea 154d | 85d2 741a | 49c1 eb09 | 48b9 0000 | 8a2a a802 | 0000 4903 | cb80 3902 | 0f85 da22 
  0x000002a8259f3344: 0000 448b | 9424 9c00 | 0000 443b | 9424 9800 | 0000 0f83 | e02f 0000 | 448b 9c24 | 9c00 0000 
  0x000002a8259f3364: 4c8b 9424 | e000 0000 | 4b8d 7c9a | 1041 807f | 4000 0f85 | 1d22 0000 | 4c8b d74c | 8bc3 49c1 
  0x000002a8259f3384: e803 4489 | 074c 8bdb | 4d33 da49 | c1eb 154d | 85db 741a | 49c1 ea09 | 48b9 0000 | 8a2a a802 
  0x000002a8259f33a4: 0000 4903 | ca80 3902 | 0f85 bf22 | 0000 448b | 9424 9000 | 0000 478b | 5cd4 0c41 | ffc3 4489 
  0x000002a8259f33c4: ;   {no_reloc}
  0x000002a8259f33c4: 9c24 9400 | 0000 448b | 9424 9000 | 0000 4789 | 5cd4 0c48 | 8b94 24a0 | 0000 0044 | 8b84 249c 
  0x000002a8259f33e4: 0000 0045 

  0x000002a8259f33e8: ;   {oop([B{0x00000007006b2ae8})}
  0x000002a8259f33e8: 8bcb 48bd | e82a 6b00 | 0700 0000 

  0x000002a8259f33f4: ;   {optimized virtual_call}
  0x000002a8259f33f4: c5f8 77e8 

  0x000002a8259f33f8: ; ImmutableOopMap {rbp=Oop [136]=Derived_oop_rbp [32]=Oop [40]=Oop [48]=NarrowOop [56]=Oop [72]=NarrowOop [76]=NarrowOop [80]=Oop [88]=Oop [96]=Oop [104]=Oop [112]=Oop [120]=Oop [128]=Oop [144]=NarrowOop [160]=Oop [168]=NarrowOop }
                      ;*invokevirtual cleanSomeSlots {reexecute=0 rethrow=0 return_oop=0}
                      ; - java.lang.ThreadLocal$ThreadLocalMap::set@113 (line 565)
                      ; - java.lang.ThreadLocal::set@13 (line 265)
                      ; - java.lang.ThreadLocal::set@5 (line 251)
                      ; - com.jetbrains.internal.IoOverNio$RecursionGuard::create@62 (line 210)
                      ; - java.io.FileInputStream::<init>@92 (line 176)
                      ; - jdk.internal.loader.URLClassPath$FileLoader$1::getInputStream@8 (line 1119)
                      ; - jdk.internal.loader.Resource::cachedInputStream@9 (line 77)
                      ; - jdk.internal.loader.Resource::getByteBuffer@1 (line 163)
                      ; - java.net.URLClassLoader::defineClass@132 (line 511)
                      ; - java.net.URLClassLoader$1::run@43 (line 427)
  0x000002a8259f33f8: 84ba 0eff 

  0x000002a8259f33fc: ;   {other}
  0x000002a8259f33fc: 0f1f 8400 | 6c30 002a | 85c0 0f85 | ec33 0000 | 448b 9c24 | 9000 0000 | 478b 54dc | 1044 8b9c 
  0x000002a8259f341c: 2494 0000 | 0045 3bda | 0f8d 4d18 | 0000 448b | 5c24 4c47 | 8b5c dc10 | 4489 9c24 | 9000 0000 
  0x000002a8259f343c: ;   {oop(a 'java/lang/Class'{0x0000000700646020} = 'jdk/internal/misc/VM')}
  0x000002a8259f343c: 49ba 2060 | 6400 0700 | 0000 418b | aa94 0000 | 0083 fd04 | 0f8c 562f | 0000 4c8b | 5424 6045 
  0x000002a8259f345c: 8b52 4c45 | 8bda 438b | 6cd4 1445 | 8b44 ec0c | 4585 c00f | 8683 2a00 | 0045 8b44 | ec10 4585 
  0x000002a8259f347c: c00f 849c | 1600 0047 | 8b4c c40c | 4b8d 3cc4 

  0x000002a8259f348c: ;   {oop(a 'java/lang/ThreadLocal'{0x0000000700660e40})}
  0x000002a8259f348c: 4181 f9c8 | c10c e074 | 374b 8d14 

  0x000002a8259f3498: ;   {oop(a 'java/lang/ThreadLocal'{0x0000000700660e40})}
  0x000002a8259f3498: d449 b840 | 0e66 0007 | 0000 0045 

  0x000002a8259f34a4: ;   {oop([B{0x00000007006b2ae8})}
  0x000002a8259f34a4: 33c9 48bd | e82a 6b00 | 0700 0000 

  0x000002a8259f34b0: ;   {optimized virtual_call}
  0x000002a8259f34b0: c5f8 77e8 

  0x000002a8259f34b4: ; ImmutableOopMap {rbp=Oop [136]=Derived_oop_rbp [32]=Oop [40]=Oop [48]=NarrowOop [56]=Oop [72]=NarrowOop [76]=NarrowOop [80]=Oop [88]=Oop [96]=Oop [104]=Oop [112]=Oop [120]=Oop [128]=Oop [144]=NarrowOop [168]=NarrowOop }
                      ;*invokevirtual getEntryAfterMiss {reexecute=0 rethrow=0 return_oop=1}
                      ; - java.lang.ThreadLocal$ThreadLocalMap::getEntry@38 (line 504)
                      ; - java.lang.ThreadLocal::get@12 (line 187)
                      ; - java.lang.ThreadLocal::get@4 (line 172)
                      ; - com.jetbrains.internal.IoOverNio::isAllowedInThisThread@9 (line 68)
                      ; - java.io.IoOverNioFileSystem::acquireNioFs@16 (line 94)
                      ; - java.io.IoOverNioFileSystem::getNioPath@6 (line 130)
                      ; - java.io.FileInputStream::<init>@104 (line 178)
                      ; - jdk.internal.loader.URLClassPath$FileLoader$1::getInputStream@8 (line 1119)
                      ; - jdk.internal.loader.Resource::cachedInputStream@9 (line 77)
                      ; - jdk.internal.loader.Resource::getByteBuffer@1 (line 163)
                      ; - java.net.URLClassLoader::defineClass@132 (line 511)
                      ; - java.net.URLClassLoader$1::run@43 (line 427)
  0x000002a8259f34b4: c8b9 0eff 

  0x000002a8259f34b8: ;   {other}
  0x000002a8259f34b8: 0f1f 8400 | 2831 002b | 4885 c00f | 8487 1600 | 0048 8bf8 | 448b 571c | 498b c248 | c1e0 0348 
  0x000002a8259f34d8: 85c0 0f85 | 502a 0000 

  0x000002a8259f34e0: ;   {oop(a 'java/lang/Class'{0x0000000700646020} = 'jdk/internal/misc/VM')}
  0x000002a8259f34e0: 49ba 2060 | 6400 0700 | 0000 418b | aa94 0000 | 0083 fd02 | 0f8c 522f | 0000 448b | 9424 9000 
  0x000002a8259f3500: ;   {oop("NUL:"{0x00000007006b2ad0})}
  0x000002a8259f3500: 0000 4181 | fa5a 650d | e00f 8451 | 2900 0045 | 8bda 430f | be6c dc10 

  0x000002a8259f3518: ;   {oop("NUL:"{0x00000007006b2ad0})}
  0x000002a8259f3518: 4181 fb5a | 650d e00f | 843b 2900 | 0085 ed0f | 855f 2f00 | 0047 8b44 | dc14 478b | 5cc4 0c41 
  0x000002a8259f3538: 83fb 040f | 85d4 0000 | 004f 8d1c | c44b 8d7c | c410 488b | b424 8800 | 0000 b904 | 0000 0085 
  0x000002a8259f3558: c90f 849d | 0000 008b | c183 e01f | 83e1 e00f | 844b 0000 | 0048 8d3c | 0f48 8d34 | 0e48 f7d9 
  0x000002a8259f3578: c5fe 6f0c | 0fc5 fe6f | 040e c5f5 | efc8 c4e2 | 7d17 c90f | 8572 0000 | 0048 83c1 | 2075 e185 
  0x000002a8259f3598: c00f 845d | 0000 00c5 | fe6f 4c07 | e0c5 fe6f | 4406 e0c5 | f5ef c8c4 | e27d 17c9 | 754d eb44 
  0x000002a8259f35b8: 8bc8 83e1 | fc74 1948 | 8d3c 0f48 | 8d34 0e48 | f7d9 8b1c | 0f3b 1c0e | 7531 4883 | c104 75f2 
  0x000002a8259f35d8: a802 7412 | 0fb7 1f0f | b70e 3bd9 | 751d 488d | 7f02 488d | 7602 a801 | 740a 0fb6 | 1f0f b60e 
  0x000002a8259f35f8: 3bd9 7507 | b801 0000 | 00eb 0233 | c0c5 f5ef | c9c5 fdef | c085 c00f | 854b 2800 

  0x000002a8259f3614: ;   {no_reloc}
  0x000002a8259f3614: 0045 8bda | 4b8d 14dc | 41b8 0100 | 0000 6690 

  0x000002a8259f3624: ;   {static_call}
  0x000002a8259f3624: c5f8 77e8 

  0x000002a8259f3628: ; ImmutableOopMap {[32]=Oop [40]=Oop [48]=NarrowOop [56]=Oop [72]=NarrowOop [76]=NarrowOop [80]=Oop [88]=Oop [96]=Oop [104]=Oop [112]=Oop [120]=Oop [128]=Oop [168]=NarrowOop }
                      ;*invokestatic parse {reexecute=0 rethrow=0 return_oop=1}
                      ; - sun.nio.fs.WindowsPathParser::parse@2 (line 77)
                      ; - sun.nio.fs.WindowsPath::parse@1 (line 95)
                      ; - sun.nio.fs.WindowsFileSystem::getPath@102 (line 231)
                      ; - java.io.IoOverNioFileSystem::getNioPath@22 (line 137)
                      ; - java.io.FileInputStream::<init>@104 (line 178)
                      ; - jdk.internal.loader.URLClassPath$FileLoader$1::getInputStream@8 (line 1119)
                      ; - jdk.internal.loader.Resource::cachedInputStream@9 (line 77)
                      ; - jdk.internal.loader.Resource::getByteBuffer@1 (line 163)
                      ; - java.net.URLClassLoader::defineClass@132 (line 511)
                      ; - java.net.URLClassLoader$1::run@43 (line 427)
  0x000002a8259f3628: 5432 caff 

  0x000002a8259f362c: ;   {other}
  0x000002a8259f362c: 0f1f 8400 | 9c32 002c | 488b e849 | 8b87 b801 | 0000 4c8b | d049 83c2 | 304d 3b97 | c801 0000 
  0x000002a8259f364c: 0f83 4326 | 0000 4d89 | 97b8 0100 | 0041 0f18 | 8200 0100 | 0048 c700 | 0100 0000 | 4c8b d049 
  0x000002a8259f366c: ;   {metadata('sun/nio/fs/WindowsPath')}
  0x000002a8259f366c: 83c2 10c7 | 4008 58f5 | 8300 4489 | 600c c5fd | efc0 62d1 | fe28 7f02 | 4c8b d04c | 8bdd 418b 
  0x000002a8259f368c: ;   {oop(a 'sun/nio/fs/WindowsFileSystem'{0x0000000700653ac8})}
  0x000002a8259f368c: 5b0c 41c7 | 4210 59a7 | 0ce0 4c89 | 9424 8800 | 0000 418b | 7314 418b | 7b10 488b | ef48 c1e5 
  0x000002a8259f36ac: 034c 8bee | 49c1 e503 | 4c8b f349 

  0x000002a8259f36b8: ;   {oop(a 'sun/nio/fs/WindowsFileSystem'{0x0000000700653ac8})}
  0x000002a8259f36b8: c1e6 0349 | bbc8 3a65 | 0007 0000 | 004d 33da | 49c1 eb15 | 4d85 db74 | 1a49 c1ea | 0948 b900 
  0x000002a8259f36d8: 008a 2aa8 | 0200 0049 | 03ca 8039 | 020f 855a | 1800 0041 | 807f 4000 | 0f85 4c17 | 0000 4c8b 
  0x000002a8259f36f8: 9424 8800 | 0000 4189 | 5a14 4d8b | d64c 8b9c | 2488 0000 | 004d 33d3 | 49c1 ea15 | 4d85 d274 
  0x000002a8259f3718: 1e85 db74 | 1a49 c1eb | 0948 b900 | 008a 2aa8 | 0200 0049 | 03cb 8039 | 020f 8501 | 1900 0041 
  0x000002a8259f3738: 807f 4000 | 0f85 c116 | 0000 4c8b | 9424 8800 | 0000 4189 | 7a18 4c8b | d54c 8b9c | 2488 0000 
  0x000002a8259f3758: 004d 33d3 | 49c1 ea15 | 4d85 d274 | 1e85 ff74 | 1a49 c1eb | 0948 b900 | 008a 2aa8 | 0200 0049 
  0x000002a8259f3778: 03cb 8039 | 020f 8564 | 1800 0041 | 807f 4000 | 0f85 f316 | 0000 4c8b | 8424 8800 | 0000 4189 
  0x000002a8259f3798: 701c 4d8b | d54d 8bd8 | 4d33 d349 | c1ea 154d | 85d2 741e | 85f6 741a | 49c1 eb09 | 48b9 0000 
  0x000002a8259f37b8: ;   {no_reloc}
  0x000002a8259f37b8: 8a2a a802 | 0000 4903 | cb80 3902 | 0f85 bf18 | 0000 418b 

  0x000002a8259f37cc: ;   {oop(a 'sun/nio/fs/WindowsPathType'{0x0000000700653cd0})}
  0x000002a8259f37cc: 6814 81fd | 9aa7 0ce0 | 0f85 f811 | 0000 458b | 5018 478b | 4cd4 1443 | 8b4c cc0c | 85c9 0f86 
  0x000002a8259f37ec: 6429 0000 | 418b d94d | 8bc8 430f | be6c d410 | c462 52f7 | d941 83c3 | fe45 85db | 7c17 85ed 
  0x000002a8259f380c: 0f85 a62f | 0000 448b | d343 807c | d410 5c0f | 840f 1000 | 004d 8bd0 | 458b 5810 | 4585 db0f 
  0x000002a8259f382c: 8447 2800 | 0047 3b64 | dc0c 0f84 | a828 0000 | 4c89 8424 | 8800 0000 | 4d8b 9780 | 0300 004d 
  0x000002a8259f384c: ;   {oop(a 'sun/nio/fs/NativeBuffers$1'{0x0000000700647348})}
  0x000002a8259f384c: 8b02 48ba | 4873 6400 | 0700 0000 

  0x000002a8259f3858: ;   {optimized virtual_call}
  0x000002a8259f3858: c5f8 77e8 

  0x000002a8259f385c: ; ImmutableOopMap {[32]=Oop [40]=Oop [48]=NarrowOop [56]=Oop [72]=NarrowOop [76]=NarrowOop [80]=Oop [88]=Oop [96]=Oop [104]=Oop [112]=Oop [120]=Oop [128]=Oop [136]=Oop [168]=NarrowOop }
                      ;*invokevirtual get {reexecute=0 rethrow=0 return_oop=1}
                      ; - java.lang.ThreadLocal::getCarrierThreadLocal@25 (line 181)
                      ; - java.lang.System$2::getCarrierThreadLocal@1 (line 2613)
                      ; - jdk.internal.misc.CarrierThreadLocal::get@4 (line 39)
                      ; - sun.nio.fs.NativeBuffers::getNativeBufferFromCache@3 (line 74)
                      ; - sun.nio.fs.NativeBuffers::getNativeBuffer@1 (line 93)
                      ; - sun.nio.fs.WindowsFileAttributes::get@10 (line 297)
                      ; - sun.nio.fs.WindowsFileAttributeViews$Basic::readAttributes@15 (line 51)
                      ; - sun.nio.fs.WindowsFileAttributeViews$Basic::readAttributes@1 (line 38)
                      ; - sun.nio.fs.WindowsFileSystemProvider::readAttributes@57 (line 197)
                      ; - java.nio.file.Files::readAttributes@7 (line 1854)
                      ; - java.io.IoOverNioFileSystem::getNioPath@66 (line 166)
                      ; - java.io.FileInputStream::<init>@104 (line 178)
                      ; - jdk.internal.loader.URLClassPath$FileLoader$1::getInputStream@8 (line 1119)
                      ; - jdk.internal.loader.Resource::cachedInputStream@9 (line 77)
                      ; - jdk.internal.loader.Resource::getByteBuffer@1 (line 163)
                      ; - java.net.URLClassLoader::defineClass@132 (line 511)
                      ; - java.net.URLClassLoader$1::run@43 (line 427)
  0x000002a8259f385c: 8023 bdff 

  0x000002a8259f3860: ;   {other}
  0x000002a8259f3860: 0f1f 8400 | d034 002d | 4885 c074 | 5a44 8b50 

  0x000002a8259f3870: ;   {metadata('sun/nio/fs/NativeBuffer'[])}
  0x000002a8259f3870: 0841 81fa | 082c 0402 | 0f85 2e48 | 0000 4c8b | d049 8bda | 458b 520c | 4585 d20f | 8633 2900 
  0x000002a8259f3890: 0044 8b5b | 1045 85db | 0f85 8800 | 0000 4183 | fa01 0f86 | 2129 0000 | 448b 5b14 | 4585 db75 
  0x000002a8259f38b0: 5541 83fa | 020f 86d9 | 3100 004c | 8bd3 458b | 5218 4585 | d275 28ba | 2400 0000 

  0x000002a8259f38cc: ;   {static_call}
  0x000002a8259f38cc: c5f8 77e8 

  0x000002a8259f38d0: ; ImmutableOopMap {[32]=Oop [40]=Oop [48]=NarrowOop [56]=Oop [72]=NarrowOop [76]=NarrowOop [80]=Oop [88]=Oop [96]=Oop [104]=Oop [112]=Oop [120]=Oop [128]=Oop [136]=Oop [168]=NarrowOop }
                      ;*invokestatic allocNativeBuffer {reexecute=0 rethrow=0 return_oop=1}
                      ; - sun.nio.fs.NativeBuffers::getNativeBuffer@17 (line 98)
                      ; - sun.nio.fs.WindowsFileAttributes::get@10 (line 297)
                      ; - sun.nio.fs.WindowsFileAttributeViews$Basic::readAttributes@15 (line 51)
                      ; - sun.nio.fs.WindowsFileAttributeViews$Basic::readAttributes@1 (line 38)
                      ; - sun.nio.fs.WindowsFileSystemProvider::readAttributes@57 (line 197)
                      ; - java.nio.file.Files::readAttributes@7 (line 1854)
                      ; - java.io.IoOverNioFileSystem::getNioPath@66 (line 166)
                      ; - java.io.FileInputStream::<init>@104 (line 178)
                      ; - jdk.internal.loader.URLClassPath$FileLoader$1::getInputStream@8 (line 1119)
                      ; - jdk.internal.loader.Resource::cachedInputStream@9 (line 77)
                      ; - jdk.internal.loader.Resource::getByteBuffer@1 (line 163)
                      ; - java.net.URLClassLoader::defineClass@132 (line 511)
                      ; - java.net.URLClassLoader$1::run@43 (line 427)
  0x000002a8259f38d0: acbf 0eff 

  0x000002a8259f38d4: ;   {other}
  0x000002a8259f38d4: 0f1f 8400 | 4435 002e | 4885 c00f | 84db 3200 | 0048 8984 | 2408 0100 | 00eb 7047 | 8b5c d40c 
  0x000002a8259f38f4: 4183 fb24 | 7ccd 4b8d | 3cd4 41ba | 0800 0000 | eb15 478b | 44dc 0c41 | 83f8 247c | a04b 8d3c 
  0x000002a8259f3914: dc41 ba04 | 0000 004c | 8bdb 4d03 | da49 8bdb | eb13 478b | 44dc 0c41 | 83f8 240f | 8c69 ffff 
  0x000002a8259f3934: ff4b 8d3c | dc41 807f | 4000 0f85 | 9c17 0000 | 4180 7f40 | 000f 85c8 | 1700 0044 | 8967 1c44 
  0x000002a8259f3954: 8963 1048 | 89bc 2408 | 0100 004c | 8b94 2488 | 0000 0041 | 8b6a 144c | 8b94 2408 | 0100 004d 
  0x000002a8259f3974: 8b52 104c | 8994 2490 

  0x000002a8259f397c: ;   {oop(a 'sun/nio/fs/WindowsPathType'{0x0000000700653cd0})}
  0x000002a8259f397c: 0000 0081 | fd9a a70c | e00f 85bd | 1000 004c | 8b94 2488 | 0000 0045 | 8b52 1c47 | 8b44 d414 
  0x000002a8259f399c: ; implicit exception: dispatches to 0x000002a8259f8a80
  0x000002a8259f399c: 478b 5cc4 | 0c47 0fbe | 4cd4 10c4 | 4232 f7db | 4c8b 8424 | 0801 0000 | 49c1 e803 | 4489 8424 
  0x000002a8259f39bc: 9800 0000 | 4181 fbf7 | 0000 000f | 8fc8 1200 | 0049 8bd2 | 48c1 e203 | 4c8b 8424 | 9000 0000 
  0x000002a8259f39dc: ;   {static_call}
  0x000002a8259f39dc: c5f8 77e8 

  0x000002a8259f39e0: ; ImmutableOopMap {[32]=Oop [40]=Oop [48]=NarrowOop [56]=Oop [72]=NarrowOop [76]=NarrowOop [80]=Oop [88]=Oop [96]=Oop [104]=Oop [112]=Oop [120]=Oop [128]=Oop [136]=Oop [152]=NarrowOop [168]=NarrowOop [264]=Oop }
                      ;*invokestatic GetFileAttributesEx {reexecute=0 rethrow=0 return_oop=0}
                      ; - sun.nio.fs.WindowsFileAttributes::get@26 (line 299)
                      ; - sun.nio.fs.WindowsFileAttributeViews$Basic::readAttributes@15 (line 51)
                      ; - sun.nio.fs.WindowsFileAttributeViews$Basic::readAttributes@1 (line 38)
                      ; - sun.nio.fs.WindowsFileSystemProvider::readAttributes@57 (line 197)
                      ; - java.nio.file.Files::readAttributes@7 (line 1854)
                      ; - java.io.IoOverNioFileSystem::getNioPath@66 (line 166)
                      ; - java.io.FileInputStream::<init>@104 (line 178)
                      ; - jdk.internal.loader.URLClassPath$FileLoader$1::getInputStream@8 (line 1119)
                      ; - jdk.internal.loader.Resource::cachedInputStream@9 (line 77)
                      ; - jdk.internal.loader.Resource::getByteBuffer@1 (line 163)
                      ; - java.net.URLClassLoader::defineClass@132 (line 511)
                      ; - java.net.URLClassLoader$1::run@43 (line 427)
  0x000002a8259f39e0: 5c99 b9ff 

  0x000002a8259f39e4: ;   {other}
  0x000002a8259f39e4: 0f1f 8400 | 5436 002f | 4c8b 9424 | 9000 0000 | 41bb 0004 | 0000 4585 | 1a0f 85a8 | 1e00 0049 
  0x000002a8259f3a04: 8b87 b801 | 0000 458b | 0241 8be8 | 4c8b c049 | 83c0 404d | 8b5a 044c | 899c 2490 | 0000 0045 
  0x000002a8259f3a24: 8b4a 204d | 8b5a 0c4c | 899c 24a0 | 0000 004d | 8b5a 144c | 899c 24b0 | 0000 004d | 6352 1c49 
  0x000002a8259f3a44: c1e2 204d | 03d1 4c89 | 9424 b800 | 0000 4d3b | 87c8 0100 | 000f 8392 | 2200 004d | 8987 b801 
  0x000002a8259f3a64: 0000 410f | 1880 0001 | 0000 48c7 | 0001 0000 | 004c 8bd0 | 4983 c210 

  0x000002a8259f3a7c: ;   {metadata('sun/nio/fs/WindowsFileAttributes')}
  0x000002a8259f3a7c: c740 0878 | c983 0044 | 8960 0cc5 | fdef c062 | d1fe 287f | 0262 d1fe | 087f 4202 | 4c8b d04c 
  0x000002a8259f3a9c: 8994 24c0 | 0000 0041 | 896a 0c4c | 8b9c 24b8 | 0000 004d | 895a 284c | 8b9c 24b0 | 0000 004d 
  0x000002a8259f3abc: 895a 204c | 8b9c 24a0 | 0000 004d | 895a 184c | 8b9c 2490 | 0000 004d 

  0x000002a8259f3ad4: ;   {oop(a 'sun/nio/fs/NativeBuffers$1'{0x0000000700647348})}
  0x000002a8259f3ad4: 895a 1048 | ba48 7364 | 0007 0000 | 0066 6690 

  0x000002a8259f3ae4: ;   {optimized virtual_call}
  0x000002a8259f3ae4: c5f8 77e8 

  0x000002a8259f3ae8: ; ImmutableOopMap {[32]=Oop [40]=Oop [48]=NarrowOop [56]=Oop [72]=NarrowOop [76]=NarrowOop [80]=Oop [88]=Oop [96]=Oop [104]=Oop [112]=Oop [120]=Oop [128]=Oop [136]=Oop [152]=NarrowOop [168]=NarrowOop [192]=Oop [264]=Oop }
                      ;*invokevirtual getCarrierThreadLocal {reexecute=0 rethrow=0 return_oop=1}
                      ; - java.lang.System$2::getCarrierThreadLocal@1 (line 2613)
                      ; - jdk.internal.misc.CarrierThreadLocal::get@4 (line 39)
                      ; - sun.nio.fs.NativeBuffers::releaseNativeBuffer@3 (line 108)
                      ; - sun.nio.fs.NativeBuffer::release@1 (line 70)
                      ; - sun.nio.fs.NativeBuffer::close@1 (line 66)
                      ; - sun.nio.fs.WindowsFileAttributes::get@62 (line 306)
                      ; - sun.nio.fs.WindowsFileAttributeViews$Basic::readAttributes@15 (line 51)
                      ; - sun.nio.fs.WindowsFileAttributeViews$Basic::readAttributes@1 (line 38)
                      ; - sun.nio.fs.WindowsFileSystemProvider::readAttributes@57 (line 197)
                      ; - java.nio.file.Files::readAttributes@7 (line 1854)
                      ; - java.io.IoOverNioFileSystem::getNioPath@66 (line 166)
                      ; - java.io.FileInputStream::<init>@104 (line 178)
                      ; - jdk.internal.loader.URLClassPath$FileLoader$1::getInputStream@8 (line 1119)
                      ; - jdk.internal.loader.Resource::cachedInputStream@9 (line 77)
                      ; - jdk.internal.loader.Resource::getByteBuffer@1 (line 163)
                      ; - java.net.URLClassLoader::defineClass@132 (line 511)
                      ; - java.net.URLClassLoader$1::run@43 (line 427)
  0x000002a8259f3ae8: f452 8dff 

  0x000002a8259f3aec: ;   {other}
  0x000002a8259f3aec: 0f1f 8400 | 5c37 0030 | 4885 c00f | 84fb 1600 | 0044 8b58 

  0x000002a8259f3b00: ;   {metadata('sun/nio/fs/NativeBuffer'[])}
  0x000002a8259f3b00: 0841 81fb | 082c 0402 | 0f85 1e46 | 0000 4c8b | d04d 8bca | 458b 5a0c | 4183 fb02 | 0f86 8e27 
  0x000002a8259f3b20: 0000 458b | 5a10 4585 | db0f 8485 | 0000 0041 | 8b4a 1485 | c974 6f41 | 8b52 1885 | d274 5f4c 
  0x000002a8259f3b40: 8b94 2408 | 0100 0045 | 8b52 0c41 | 8bfa 478b | 44dc 0c41 | 8bd8 453b | c20f 8cfa | 3000 0045 
  0x000002a8259f3b60: 8b54 cc0c | 418b da44 | 3bd7 0f8c | f230 0000 | 458b 5cd4 | 0c41 8bdb | 443b df0f | 8ced 3000 
  0x000002a8259f3b80: 0048 8b94 | 2408 0100 | 0066 6690 

  0x000002a8259f3b8c: ;   {optimized virtual_call}
  0x000002a8259f3b8c: c5f8 77e8 

  0x000002a8259f3b90: ; ImmutableOopMap {[32]=Oop [40]=Oop [48]=NarrowOop [56]=Oop [72]=NarrowOop [76]=NarrowOop [80]=Oop [88]=Oop [96]=Oop [104]=Oop [112]=Oop [120]=Oop [128]=Oop [136]=Oop [168]=NarrowOop [192]=Oop }
                      ;*invokevirtual free {reexecute=0 rethrow=0 return_oop=0}
                      ; - sun.nio.fs.NativeBuffers::releaseNativeBuffer@93 (line 133)
                      ; - sun.nio.fs.NativeBuffer::release@1 (line 70)
                      ; - sun.nio.fs.NativeBuffer::close@1 (line 66)
                      ; - sun.nio.fs.WindowsFileAttributes::get@62 (line 306)
                      ; - sun.nio.fs.WindowsFileAttributeViews$Basic::readAttributes@15 (line 51)
                      ; - sun.nio.fs.WindowsFileAttributeViews$Basic::readAttributes@1 (line 38)
                      ; - sun.nio.fs.WindowsFileSystemProvider::readAttributes@57 (line 197)
                      ; - java.nio.file.Files::readAttributes@7 (line 1854)
                      ; - java.io.IoOverNioFileSystem::getNioPath@66 (line 166)
                      ; - java.io.FileInputStream::<init>@104 (line 178)
                      ; - jdk.internal.loader.URLClassPath$FileLoader$1::getInputStream@8 (line 1119)
                      ; - jdk.internal.loader.Resource::cachedInputStream@9 (line 77)
                      ; - jdk.internal.loader.Resource::getByteBuffer@1 (line 163)
                      ; - java.net.URLClassLoader::defineClass@132 (line 511)
                      ; - java.net.URLClassLoader$1::run@43 (line 427)
  0x000002a8259f3b90: ecb2 0eff 

  0x000002a8259f3b94: ;   {other}
  0x000002a8259f3b94: 0f1f 8400 | 0438 0031 | eb64 41ba | 0800 0000 | eb06 41ba | 0400 0000 | 498b d949 | 03da eb03 
  0x000002a8259f3bb4: 498b da48 | 83c3 1041 | 807f 4000 | 0f85 d417 | 0000 448b | 9c24 9800 | 0000 4489 | 1b4c 8b94 
  0x000002a8259f3bd4: 2408 0100 | 004c 8bdb | 4d33 d349 | c1ea 154d | 85d2 741a | 49c1 eb09 | 48b9 0000 | 8a2a a802 
  0x000002a8259f3bf4: 0000 4903 | cb80 3902 | 0f85 ce17 | 0000 4c8b | 8424 c000 | 0000 418b | 6830 81fd | 0c00 00a0 
  0x000002a8259f3c14: 0f84 e329 | 0000 418b | 680c 40f6 | c510 0f85 | 2c26 0000 | 81e5 4004 | 0000 85ed | 0f85 762a 
  0x000002a8259f3c34: 0000 488b | 5c24 70c6 | 430d 0149 | 8b87 b801 | 0000 488b | bc24 8800 | 0000 448b | 4f10 4c8b 
  0x000002a8259f3c54: d049 83c2 | 184d 3b97 | c801 0000 | 0f83 4f20 | 0000 4d89 | 97b8 0100 | 0041 0f18 | 8200 0100 
  0x000002a8259f3c74: 0048 c700 | 0100 0000 

  0x000002a8259f3c7c: ;   {metadata('java/util/ImmutableCollections$Set12')}
  0x000002a8259f3c7c: c740 08d0 | bd27 0044 

  0x000002a8259f3c84: ;   {oop(a 'java/nio/file/StandardOpenOption'{0x00000007005e4f80})}
  0x000002a8259f3c84: 8960 14c7 | 400c f0c9 

  0x000002a8259f3c8c: ;   {oop(a 'java/lang/Object'{0x000000070064bea8})}
  0x000002a8259f3c8c: 0be0 c740 | 10d5 970c | e04c 8bd8 | 488b 7424 | 608b 4e4c | 8b6b 2485 | c90f 8491 | 2900 004c 
  0x000002a8259f3cac: 899c 2498 | 0000 0044 | 898c 2490 | 0000 0048 | 89bc 2488 | 0000 0048 | 895c 2470 | 498d 14cc 
  0x000002a8259f3ccc: ;   {oop(a 'java/lang/ThreadLocal'{0x00000007006b2b48})}
  0x000002a8259f3ccc: 49b8 482b | 6b00 0700 | 0000 6690 

  0x000002a8259f3cd8: ;   {optimized virtual_call}
  0x000002a8259f3cd8: c5f8 77e8 

  0x000002a8259f3cdc: ; ImmutableOopMap {rbp=NarrowOop [32]=Oop [40]=Oop [48]=NarrowOop [56]=Oop [72]=NarrowOop [76]=NarrowOop [80]=Oop [88]=Oop [96]=Oop [104]=Oop [112]=Oop [120]=Oop [128]=Oop [136]=Oop [144]=NarrowOop [152]=Oop [168]=NarrowOop }
                      ;*invokevirtual getEntry {reexecute=0 rethrow=0 return_oop=1}
                      ; - java.lang.ThreadLocal::get@12 (line 187)
                      ; - java.lang.ThreadLocal::get@4 (line 172)
                      ; - com.jetbrains.internal.IoOverNio$RecursionGuard::ensureActive@3 (line 221)
                      ; - com.jetbrains.internal.IoOverNio$ParentForFileChannelImplHolder::set@0 (line 172)
                      ; - java.io.IoOverNioFileSystem::initializeStreamUsingNio@1 (line 343)
                      ; - java.io.FileInputStream::<init>@151 (line 181)
                      ; - jdk.internal.loader.URLClassPath$FileLoader$1::getInputStream@8 (line 1119)
                      ; - jdk.internal.loader.Resource::cachedInputStream@9 (line 77)
                      ; - jdk.internal.loader.Resource::getByteBuffer@1 (line 163)
                      ; - java.net.URLClassLoader::defineClass@132 (line 511)
                      ; - java.net.URLClassLoader$1::run@43 (line 427)
  0x000002a8259f3cdc: e0a4 bcff 

  0x000002a8259f3ce0: ;   {other}
  0x000002a8259f3ce0: 0f1f 8400 | 5039 0032 | 4885 c00f | 84fd 0d00 | 0044 8b50 | 1c4d 8bc2 | 49c1 e003 | 4d85 c00f 
  0x000002a8259f3d00: 84d7 2900 

  0x000002a8259f3d04: ;   {oop(a 'java/lang/ThreadLocal'{0x0000000700960848})}
  0x000002a8259f3d04: 0048 ba48 | 0896 0007 | 0000 004c | 8b44 2470 

  0x000002a8259f3d14: ;   {optimized virtual_call}
  0x000002a8259f3d14: c5f8 77e8 

  0x000002a8259f3d18: ; ImmutableOopMap {rbp=NarrowOop [32]=Oop [40]=Oop [48]=NarrowOop [56]=Oop [72]=NarrowOop [76]=NarrowOop [80]=Oop [88]=Oop [104]=Oop [112]=Oop [120]=Oop [128]=Oop [136]=Oop [144]=NarrowOop [152]=Oop [168]=NarrowOop }
                      ;*invokevirtual set {reexecute=0 rethrow=0 return_oop=0}
                      ; - com.jetbrains.internal.IoOverNio$ParentForFileChannelImplHolder::set@7 (line 173)
                      ; - java.io.IoOverNioFileSystem::initializeStreamUsingNio@1 (line 343)
                      ; - java.io.FileInputStream::<init>@151 (line 181)
                      ; - jdk.internal.loader.URLClassPath$FileLoader$1::getInputStream@8 (line 1119)
                      ; - jdk.internal.loader.Resource::cachedInputStream@9 (line 77)
                      ; - jdk.internal.loader.Resource::getByteBuffer@1 (line 163)
                      ; - java.net.URLClassLoader::defineClass@132 (line 511)
                      ; - java.net.URLClassLoader$1::run@43 (line 427)
  0x000002a8259f3d18: 045d d3ff 

  0x000002a8259f3d1c: ;   {other}
  0x000002a8259f3d1c: 0f1f 8400 | 8c39 0033 | 488b cd48 | c1e1 0344 | 8b94 2490 | 0000 004d | 8bc2 49c1 | e003 488b 
  0x000002a8259f3d3c: 5424 704c | 8b8c 2480 | 0000 0048 | 8bbc 2488 | 0000 0048 | 8bb4 2498 | 0000 0090 

  0x000002a8259f3d58: ;   {static_call}
  0x000002a8259f3d58: c5f8 77e8 

  0x000002a8259f3d5c: ; ImmutableOopMap {[32]=Oop [40]=Oop [48]=NarrowOop [56]=Oop [72]=NarrowOop [76]=NarrowOop [80]=Oop [88]=Oop [104]=Oop [112]=Oop [120]=Oop [128]=Oop [168]=NarrowOop }
                      ;*invokestatic initializeStreamsUsingNio0 {reexecute=0 rethrow=0 return_oop=1}
                      ; - java.io.IoOverNioFileSystem::initializeStreamUsingNio@12 (line 344)
                      ; - java.io.FileInputStream::<init>@151 (line 181)
                      ; - jdk.internal.loader.URLClassPath$FileLoader$1::getInputStream@8 (line 1119)
                      ; - jdk.internal.loader.Resource::cachedInputStream@9 (line 77)
                      ; - jdk.internal.loader.Resource::getByteBuffer@1 (line 163)
                      ; - java.net.URLClassLoader::defineClass@132 (line 511)
                      ; - java.net.URLClassLoader$1::run@43 (line 427)
  0x000002a8259f3d5c: a055 dff7 

  0x000002a8259f3d60: ;   {other}
  0x000002a8259f3d60: 0f1f 8400 | d039 0034 | 488b e890 

  0x000002a8259f3d6c: ;   {static_call}
  0x000002a8259f3d6c: c5f8 77e8 

  0x000002a8259f3d70: ; ImmutableOopMap {rbp=Oop [32]=Oop [40]=Oop [48]=NarrowOop [56]=Oop [72]=NarrowOop [76]=NarrowOop [80]=Oop [88]=Oop [104]=Oop [112]=Oop [120]=Oop [128]=Oop [168]=NarrowOop }
                      ;*invokestatic remove {reexecute=0 rethrow=0 return_oop=0}
                      ; - java.io.IoOverNioFileSystem::initializeStreamUsingNio@17 (line 346)
                      ; - java.io.FileInputStream::<init>@151 (line 181)
                      ; - jdk.internal.loader.URLClassPath$FileLoader$1::getInputStream@8 (line 1119)
                      ; - jdk.internal.loader.Resource::cachedInputStream@9 (line 77)
                      ; - jdk.internal.loader.Resource::getByteBuffer@1 (line 163)
                      ; - java.net.URLClassLoader::defineClass@132 (line 511)
                      ; - java.net.URLClassLoader$1::run@43 (line 427)
  0x000002a8259f3d70: 2551 0000 

  0x000002a8259f3d74: ;   {other}
  0x000002a8259f3d74: 0f1f 8400 | e439 0035 | 4c8b cd41 | 8b71 1041 | 807f 4000 | 0f85 2e14 | 0000 4c8b | 4424 7041 
  0x000002a8259f3d94: 8970 184d | 8bd0 4c8b | de49 c1e3 | 034d 33da | 49c1 eb15 | 4d85 db74 | 1e85 f674 | 1a49 c1ea 
  0x000002a8259f3db4: 0948 b900 | 008a 2aa8 | 0200 0049 | 03ca 8039 | 020f 85be | 1400 00f0 | 8344 24c0 | 0041 807f 
  0x000002a8259f3dd4: 4000 0f85 | a913 0000 | 458b 590c | 4589 5810 | 4d8b d049 | 8bcb 48c1 | e103 4933 | ca48 c1e9 
  0x000002a8259f3df4: 1548 85c9 | 741f 4585 | db74 1a49 | c1ea 0948 | b900 008a | 2aa8 0200 | 0049 03ca | 8039 020f 
  0x000002a8259f3e14: 85cd 1400 | 0041 807f | 4000 0f85 | 2a13 0000 | 458b 5114 | 4589 5028 | 4d8b d84d | 8bca 49c1 
  0x000002a8259f3e34: e103 4d33 | cb49 c1e9 | 154d 85c9 | 741f 4585 | d274 1a49 | c1eb 0948 | b900 008a | 2aa8 0200 
  0x000002a8259f3e54: 0049 03cb | 8039 020f | 85e2 1400 | 004c 8944 

  0x000002a8259f3e64: ;   {oop(a 'com/jetbrains/internal/IoOverNio$Debug'{0x0000000700660dd8})}
  0x000002a8259f3e64: 2470 48ba | d80d 6600 | 0700 0000 

  0x000002a8259f3e70: ;   {optimized virtual_call}
  0x000002a8259f3e70: c5f8 77e8 

  0x000002a8259f3e74: ; ImmutableOopMap {[32]=Oop [40]=Oop [48]=NarrowOop [56]=Oop [72]=NarrowOop [76]=NarrowOop [80]=Oop [88]=Oop [104]=Oop [112]=Oop [120]=Oop [128]=Oop [168]=NarrowOop }
                      ;*invokevirtual writeTraces {reexecute=0 rethrow=0 return_oop=0}
                      ; - java.io.FileInputStream::<init>@228 (line 193)
                      ; - jdk.internal.loader.URLClassPath$FileLoader$1::getInputStream@8 (line 1119)
                      ; - jdk.internal.loader.Resource::cachedInputStream@9 (line 77)
                      ; - jdk.internal.loader.Resource::getByteBuffer@1 (line 163)
                      ; - java.net.URLClassLoader::defineClass@132 (line 511)
                      ; - java.net.URLClassLoader$1::run@43 (line 427)
  0x000002a8259f3e74: a823 d0f7 

  0x000002a8259f3e78: ;   {other}
  0x000002a8259f3e78: 0f1f 8400 | e83a 0036 | 85c0 0f85 | c428 0000 | 488b 5424 | 7866 6690 

  0x000002a8259f3e90: ;   {optimized virtual_call}
  0x000002a8259f3e90: c5f8 77e8 

  0x000002a8259f3e94: ; ImmutableOopMap {[32]=Oop [40]=Oop [48]=NarrowOop [56]=Oop [72]=NarrowOop [80]=Oop [88]=Oop [104]=Oop [112]=Oop [168]=NarrowOop }
                      ;*invokevirtual close {reexecute=0 rethrow=0 return_oop=0}
                      ; - java.io.FileInputStream::<init>@258 (line 196)
                      ; - jdk.internal.loader.URLClassPath$FileLoader$1::getInputStream@8 (line 1119)
                      ; - jdk.internal.loader.Resource::cachedInputStream@9 (line 77)
                      ; - jdk.internal.loader.Resource::getByteBuffer@1 (line 163)
                      ; - java.net.URLClassLoader::defineClass@132 (line 511)
                      ; - java.net.URLClassLoader$1::run@43 (line 427)
  0x000002a8259f3e94: 0822 ddf7 

  0x000002a8259f3e98: ;   {other}
  0x000002a8259f3e98: 0f1f 8400 | 083b 0037 | 488b 5c24 | 704c 8b84 | 2410 0100 | 00e9 bbdb | ffff 895c | 2454 4889 
  0x000002a8259f3eb8: 5424 6848 | 897c 2460 | 4489 5424 | 504c 894c | 2448 4c89 | 4424 3844 | 8974 2434 | 4d8b 5758 
  0x000002a8259f3ed8: 4d8b 5f48 | f083 4424 | c000 8039 | 0074 3244 | 8821 4d85 | db74 0f4b | 894c 1af8 | 4983 c3f8 
  0x000002a8259f3ef8: 4d89 5f48 | eb1b 498b | d7c5 f877 | 49ba 000d | a3b1 fe7f | 0000 41ff 

  0x000002a8259f3f10: ;   {other}
  0x000002a8259f3f10: d20f 1f84 | 0000 0000 | 0044 8b74 | 2434 4c8b | 4c24 4844 | 8b54 2450 | 488b 7c24 | 6048 8b54 
  0x000002a8259f3f30: 2468 8b5c | 2454 4c8b | 4424 38e9 | 33e0 ffff | 498b d94d | 8b57 484d | 8b5f 58f0 | 8344 24c0 
  0x000002a8259f3f50: 0080 3900 | 7432 4488 | 214d 85d2 | 740f 4b89 | 4c13 f849 | 83c2 f84d | 8957 48eb | 1b49 8bd7 
  0x000002a8259f3f70: c5f8 7749 | ba00 0da3 | b1fe 7f00 | 0041 ffd2 

  0x000002a8259f3f80: ;   {other}
  0x000002a8259f3f80: 0f1f 8400 | 0000 0000 | 4c8b cbe9 | c4e1 ffff | 4d8b 5748 | 4d8b 5f58 | f083 4424 | c000 8039 
  0x000002a8259f3fa0: 000f 8425 | e1ff ff44 | 8821 4d85 | d275 2049 | 8bd7 c5f8 | 7749 ba00 | 0da3 b1fe | 7f00 0041 
  0x000002a8259f3fc0: ;   {other}
  0x000002a8259f3fc0: ffd2 0f1f | 8400 0000 | 0000 e9fd | e0ff ff4b | 894c 13f8 | 4983 c2f8 | 4d89 5748 | e9eb e0ff 
  0x000002a8259f3fe0: ff4d 8b57 | 484d 8b5f | 58f0 8344 | 24c0 0080 | 3900 0f84 | 1ce1 ffff | 4488 214d | 85d2 7520 
  0x000002a8259f4000: 498b d7c5 | f877 49ba | 000d a3b1 | fe7f 0000 

  0x000002a8259f4010: ;   {other}
  0x000002a8259f4010: 41ff d20f | 1f84 0000 | 0000 00e9 | f4e0 ffff | 4b89 4c13 | f849 83c2 | f84d 8957 | 48e9 e2e0 
  0x000002a8259f4030: ffff 4d8b | 5748 4d8b | 5f58 f083 | 4424 c000 | 8039 000f | 8415 e5ff | ff44 8821 | 4d85 d275 
  0x000002a8259f4050: 2049 8bd7 | c5f8 7749 | ba00 0da3 | b1fe 7f00 | 0041 ffd2 

  0x000002a8259f4064: ;   {other}
  0x000002a8259f4064: 0f1f 8400 | 0000 0000 | e9ed e4ff | ff4b 894c | 13f8 4983 | c2f8 4d89 | 5748 e9db | e4ff ff44 
  0x000002a8259f4084: 8b5c 244c | 478b 5cdc | 1445 85db | 0f84 32e4 | ffff 4d8b | 5728 498b | cb48 c1e1 | 034d 85d2 
  0x000002a8259f40a4: 0f84 1a17 | 0000 4d8b | 5f38 4b89 | 4c13 f849 | 83c2 f84d | 8957 28e9 | 08e4 ffff | 4d8b 5748 
  0x000002a8259f40c4: 4d8b 5f58 | f083 4424 | c000 8039 | 000f 8437 | e4ff ff44 | 8821 4d85 | d275 2049 | 8bd7 c5f8 
  0x000002a8259f40e4: 7749 ba00 | 0da3 b1fe | 7f00 0041 

  0x000002a8259f40f0: ;   {other}
  0x000002a8259f40f0: ffd2 0f1f | 8400 0000 | 0000 e90f | e4ff ff4b | 894c 13f8 | 4983 c2f8 | 4d89 5748 | e9fd e3ff 
  0x000002a8259f4110: ffba f6ff | ffff 488b | 6c24 5848 | 8944 2420 

  0x000002a8259f4120: ;   {runtime_call UncommonTrapBlob}
  0x000002a8259f4120: c5f8 77e8 

  0x000002a8259f4124: ; ImmutableOopMap {rbp=Oop [32]=Oop }
                      ;*invokevirtual getResource {reexecute=0 rethrow=0 return_oop=0}
                      ; - java.net.URLClassLoader$1::run@26 (line 424)
  0x000002a8259f4124: d839 0fff 

  0x000002a8259f4128: ;   {other}
  0x000002a8259f4128: 0f1f 8400 | 983d 0038 | ba76 ffff | ff48 8b6c | 2458 894c | 2424 895c | 2428 4489 | 4c24 2c90 
  0x000002a8259f4148: ;   {runtime_call UncommonTrapBlob}
  0x000002a8259f4148: c5f8 77e8 

  0x000002a8259f414c: ; ImmutableOopMap {rbp=Oop [40]=NarrowOop [44]=NarrowOop }
                      ;*if_icmpge {reexecute=1 rethrow=0 return_oop=0}
                      ; - (reexecute) java.lang.StringLatin1::replace@19 (line 301)
                      ; - java.lang.String::replace@18 (line 2922)
                      ; - java.net.URLClassLoader$1::run@8 (line 423)
  0x000002a8259f414c: b039 0fff 

  0x000002a8259f4150: ;   {other}
  0x000002a8259f4150: 0f1f 8400 | c03d 0039 | 4863 fbe9 | e1d0 ffff | bacc ffff | ff4c 8954 | 2428 4889 | 7424 3044 
  0x000002a8259f4170: 894c 2440 

  0x000002a8259f4174: ;   {runtime_call UncommonTrapBlob}
  0x000002a8259f4174: c5f8 77e8 

  0x000002a8259f4178: ; ImmutableOopMap {rbp=Oop [40]=Oop [88]=Oop }
                      ;*invokestatic arraycopy {reexecute=0 rethrow=0 return_oop=0}
                      ; - java.lang.String::getBytes@22 (line 4715)
                      ; - java.lang.StringConcatHelper::prepend@21 (line 324)
                      ; - java.lang.StringConcatHelper::simpleConcat@71 (line 438)
                      ; - java.lang.String::concat@11 (line 2888)
                      ; - java.net.URLClassLoader$1::run@13 (line 423)
  0x000002a8259f4178: 8439 0fff 

  0x000002a8259f417c: ;   {other}
  0x000002a8259f417c: 0f1f 8400 | ec3d 003a | bacc ffff | ff4c 895c | 2428 894c | 2438 6690 

  0x000002a8259f4194: ;   {runtime_call UncommonTrapBlob}
  0x000002a8259f4194: c5f8 77e8 

  0x000002a8259f4198: ; ImmutableOopMap {rbp=Oop [40]=Oop [88]=Oop }
                      ;*invokestatic arraycopy {reexecute=0 rethrow=0 return_oop=0}
                      ; - java.lang.String::getBytes@22 (line 4715)
                      ; - java.lang.StringConcatHelper::prepend@21 (line 324)
                      ; - java.lang.StringConcatHelper::simpleConcat@81 (line 439)
                      ; - java.lang.String::concat@11 (line 2888)
                      ; - java.net.URLClassLoader$1::run@13 (line 423)
  0x000002a8259f4198: 6439 0fff 

  0x000002a8259f419c: ;   {other}
  0x000002a8259f419c: 0f1f 8400 | 0c3e 003b | 4180 7f40 | 000f 85c5 | 1600 0044 | 8b94 24ac | 0000 0044 | 8953 1c4c 
  0x000002a8259f41bc: 8b54 2478 | 4c8b db4d | 33d3 49c1 | ea15 4d85 | d20f 8457 | f2ff ff49 | c1eb 0948 | b900 008a 
  0x000002a8259f41dc: 2aa8 0200 | 0049 03cb | 8039 020f | 843d f2ff | ff4d 8b57 | 484d 8b5f | 58f0 8344 | 24c0 0080 
  0x000002a8259f41fc: 3900 0f84 | 26f2 ffff | 4488 214d | 85d2 7520 | 498b d7c5 | f877 49ba | 000d a3b1 | fe7f 0000 
  0x000002a8259f421c: ;   {other}
  0x000002a8259f421c: 41ff d20f | 1f84 0000 | 0000 00e9 | fef1 ffff | 4b89 4c13 | f849 83c2 | f84d 8957 | 48e9 ecf1 
  0x000002a8259f423c: ffff ba76 | ffff ff4c | 895c 2430 | 894c 2438 | 895c 243c | 4489 4c24 | 4066 6690 

  0x000002a8259f4258: ;   {runtime_call UncommonTrapBlob}
  0x000002a8259f4258: c5f8 77e8 

  0x000002a8259f425c: ; ImmutableOopMap {[48]=Oop [60]=NarrowOop [64]=NarrowOop [88]=Oop }
                      ;*if_icmpge {reexecute=1 rethrow=0 return_oop=0}
                      ; - (reexecute) java.lang.StringLatin1::replace@82 (line 312)
                      ; - java.lang.String::replace@18 (line 2922)
                      ; - java.net.URLClassLoader$1::run@8 (line 423)
  0x000002a8259f425c: a038 0fff 

  0x000002a8259f4260: ;   {other}
  0x000002a8259f4260: 0f1f 8400 | d03e 003c | 33ed 4585 | db40 0f94 | c5ba 45ff | ffff 895c | 2428 6690 

  0x000002a8259f427c: ;   {runtime_call UncommonTrapBlob}
  0x000002a8259f427c: c5f8 77e8 

  0x000002a8259f4280: ; ImmutableOopMap {[40]=NarrowOop [88]=Oop }
                      ;*ifeq {reexecute=1 rethrow=0 return_oop=0}
                      ; - (reexecute) java.lang.String::replace@9 (line 2922)
                      ; - java.net.URLClassLoader$1::run@8 (line 423)
  0x000002a8259f4280: 7c38 0fff 

  0x000002a8259f4284: ;   {other}
  0x000002a8259f4284: 0f1f 8400 | f43e 003d | ba76 ffff | ff89 4c24 | 284c 895c | 2430 895c | 2438 4489 | 4c24 3c90 
  0x000002a8259f42a4: ;   {runtime_call UncommonTrapBlob}
  0x000002a8259f42a4: c5f8 77e8 

  0x000002a8259f42a8: ; ImmutableOopMap {[48]=Oop [56]=NarrowOop [60]=NarrowOop [88]=Oop }
                      ;*if_icmpge {reexecute=1 rethrow=0 return_oop=0}
                      ; - (reexecute) java.lang.StringLatin1::replace@61 (line 309)
                      ; - java.lang.String::replace@18 (line 2922)
                      ; - java.net.URLClassLoader$1::run@8 (line 423)
  0x000002a8259f42a8: 5438 0fff 

  0x000002a8259f42ac: ;   {other}
  0x000002a8259f42ac: 0f1f 8400 | 1c3f 003e | b801 0000 | 00e9 2dcd | ffff ba45 | ffff ff48 | 8b6c 2458 | 4c89 5424 
  0x000002a8259f42cc: 2044 894c | 2428 6690 

  0x000002a8259f42d4: ;   {runtime_call UncommonTrapBlob}
  0x000002a8259f42d4: c5f8 77e8 

  0x000002a8259f42d8: ; ImmutableOopMap {rbp=Oop [32]=Oop }
                      ;*iflt {reexecute=1 rethrow=0 return_oop=0}
                      ; - (reexecute) java.lang.StringConcatHelper::checkOverflow@2 (line 65)
                      ; - java.lang.StringConcatHelper::mix@23 (line 127)
                      ; - java.lang.StringConcatHelper::simpleConcat@46 (line 433)
                      ; - java.lang.String::concat@11 (line 2888)
                      ; - java.net.URLClassLoader$1::run@13 (line 423)
  0x000002a8259f42d8: 2438 0fff 

  0x000002a8259f42dc: ;   {other}
  0x000002a8259f42dc: 0f1f 8400 | 4c3f 003f | ba45 ffff | ff4c 8954 | 2428 6690 

  0x000002a8259f42f0: ;   {runtime_call UncommonTrapBlob}
  0x000002a8259f42f0: c5f8 77e8 

  0x000002a8259f42f4: ; ImmutableOopMap {[40]=Oop [88]=Oop }
                      ;*iflt {reexecute=1 rethrow=0 return_oop=0}
                      ; - (reexecute) java.lang.StringConcatHelper::checkOverflow@2 (line 65)
                      ; - java.lang.StringConcatHelper::mix@23 (line 127)
                      ; - java.lang.StringConcatHelper::simpleConcat@54 (line 434)
                      ; - java.lang.String::concat@11 (line 2888)
                      ; - java.net.URLClassLoader$1::run@13 (line 423)
  0x000002a8259f42f4: 0838 0fff 

  0x000002a8259f42f8: ;   {other}
  0x000002a8259f42f8: 0f1f 8400 | 683f 0040 | ba45 ffff | ff4c 8954 | 2428 4489 | 4424 3890 

  0x000002a8259f4310: ;   {runtime_call UncommonTrapBlob}
  0x000002a8259f4310: c5f8 77e8 

  0x000002a8259f4314: ; ImmutableOopMap {rbp=Oop [40]=Oop [88]=Oop }
                      ;*if_icmpne {reexecute=1 rethrow=0 return_oop=0}
                      ; - (reexecute) java.lang.String::getBytes@5 (line 4714)
                      ; - java.lang.StringConcatHelper::prepend@21 (line 324)
                      ; - java.lang.StringConcatHelper::simpleConcat@81 (line 439)
                      ; - java.lang.String::concat@11 (line 2888)
                      ; - java.net.URLClassLoader$1::run@13 (line 423)
  0x000002a8259f4314: e837 0fff 

  0x000002a8259f4318: ;   {other}
  0x000002a8259f4318: 0f1f 8400 | 883f 0041 | ba45 ffff | ff48 8b6c | 2458 4c89 | 5424 2048 | 8974 2428 | 4489 4424 
  0x000002a8259f4338: 3066 6690 

  0x000002a8259f433c: ;   {runtime_call UncommonTrapBlob}
  0x000002a8259f433c: c5f8 77e8 

  0x000002a8259f4340: ; ImmutableOopMap {rbp=Oop [32]=Oop }
                      ;*if_icmpne {reexecute=1 rethrow=0 return_oop=0}
                      ; - (reexecute) java.lang.StringConcatHelper::mix@13 (line 124)
                      ; - java.lang.StringConcatHelper::simpleConcat@46 (line 433)
                      ; - java.lang.String::concat@11 (line 2888)
                      ; - java.net.URLClassLoader$1::run@13 (line 423)
  0x000002a8259f4340: bc37 0fff 

  0x000002a8259f4344: ;   {other}
  0x000002a8259f4344: 0f1f 8400 | b43f 0042 | ba45 ffff | ff48 8b6c | 2458 4c89 | 5424 2048 | 8944 2428 | 895c 2430 
  0x000002a8259f4364: ;   {runtime_call UncommonTrapBlob}
  0x000002a8259f4364: c5f8 77e8 

  0x000002a8259f4368: ; ImmutableOopMap {rbp=Oop [32]=Oop }
                      ;*ifge {reexecute=1 rethrow=0 return_oop=0}
                      ; - (reexecute) java.lang.StringConcatHelper::newArray@13 (line 508)
                      ; - java.lang.StringConcatHelper::simpleConcat@61 (line 435)
                      ; - java.lang.String::concat@11 (line 2888)
                      ; - java.net.URLClassLoader$1::run@13 (line 423)
  0x000002a8259f4368: 9437 0fff 

  0x000002a8259f436c: ;   {other}
  0x000002a8259f436c: 0f1f 8400 | dc3f 0043 | baf6 ffff | ff48 8b6c | 2458 4889 | 4424 2890 

  0x000002a8259f4384: ;   {runtime_call UncommonTrapBlob}
  0x000002a8259f4384: c5f8 77e8 

  0x000002a8259f4388: ; ImmutableOopMap {rbp=Oop [40]=Oop [168]=NarrowOop }
                      ;*invokevirtual defineClass {reexecute=0 rethrow=0 return_oop=0}
                      ; - java.net.URLClassLoader$1::run@43 (line 427)
  0x000002a8259f4388: 7437 0fff 

  0x000002a8259f438c: ;   {other}
  0x000002a8259f438c: 0f1f 8400 | fc3f 0044 | ba45 ffff | ff4c 896c | 2438 4489 | 7424 4890 

  0x000002a8259f43a4: ;   {runtime_call UncommonTrapBlob}
  0x000002a8259f43a4: c5f8 77e8 

  0x000002a8259f43a8: ; ImmutableOopMap {rbp=NarrowOop [48]=NarrowOop [56]=Oop [72]=NarrowOop [88]=Oop [168]=NarrowOop }
                      ;*ifeq {reexecute=1 rethrow=0 return_oop=0}
                      ; - (reexecute) jdk.internal.loader.Resource::getByteBuffer@9 (line 164)
                      ; - java.net.URLClassLoader::defineClass@132 (line 511)
                      ; - java.net.URLClassLoader$1::run@43 (line 427)
  0x000002a8259f43a8: 5437 0fff 

  0x000002a8259f43ac: ;   {other}
  0x000002a8259f43ac: 0f1f 8400 | 1c40 0045 | 4c89 4c24 | 604c 8944 | 2450 4489 | 7424 484c | 8b54 2428 | 4c89 5424 
  0x000002a8259f43cc: 384c 896c | 2428 488b | 6c24 5849 | 8bd5 4c8d | 8424 2001 | 0000 6690 

  0x000002a8259f43e4: ;   {runtime_call _complete_monitor_locking_Java}
  0x000002a8259f43e4: c5f8 77e8 

  0x000002a8259f43e8: ; ImmutableOopMap {rbp=Oop [40]=Oop [48]=NarrowOop [56]=Oop [72]=NarrowOop [80]=Oop [96]=Oop [160]=Oop [168]=NarrowOop }
                      ;*synchronization entry
                      ; - jdk.internal.loader.Resource::cachedInputStream@-1 (line 76)
                      ; - jdk.internal.loader.Resource::getByteBuffer@1 (line 163)
                      ; - java.net.URLClassLoader::defineClass@132 (line 511)
                      ; - java.net.URLClassLoader$1::run@43 (line 427)
  0x000002a8259f43e8: 945e 1cff 

  0x000002a8259f43ec: ;   {other}
  0x000002a8259f43ec: 0f1f 8400 | 5c40 0046 | 4889 6c24 | 584c 8b6c | 2428 4c8b | 5424 384c | 8954 2428 | 448b 7424 
  0x000002a8259f440c: 484c 8b4c | 2460 4c8b | 4424 50e9 | dad5 ffff | baf6 ffff | ff48 8b6c | 2458 4c89 | 6c24 2044 
  0x000002a8259f442c: 8b44 2430 | 4489 4424 | 284c 8b5c | 2440 4c89 | 5c24 304c | 8954 2438 | 4489 7424 | 4066 6690 
  0x000002a8259f444c: ;   {runtime_call UncommonTrapBlob}
  0x000002a8259f444c: c5f8 77e8 

  0x000002a8259f4450: ; ImmutableOopMap {rbp=Oop [32]=Oop [40]=NarrowOop [56]=Oop [64]=NarrowOop [144]=Oop [168]=NarrowOop }
                      ;*invokevirtual ensureInitialization {reexecute=0 rethrow=0 return_oop=0}
                      ; - java.util.jar.JavaUtilJarAccessImpl::ensureInitialization@1 (line 42)
                      ; - jdk.internal.loader.URLClassPath$JarLoader$2::getManifest@10 (line 852)
                      ; - java.net.URLClassLoader::defineClass@34 (line 491)
                      ; - java.net.URLClassLoader$1::run@43 (line 427)
  0x000002a8259f4450: ac36 0fff 

  0x000002a8259f4454: ;   {other}
  0x000002a8259f4454: 0f1f 8400 | c440 0047 | 4489 5424 | 504c 894c | 2448 4c89 | 4424 3844 | 8974 2434 | 498b cd48 
  0x000002a8259f4474: 8d94 2420 | 0100 004d | 8bc7 c5f8 | 7749 baf0 | 31e5 b1fe | 7f00 0041 

  0x000002a8259f448c: ;   {other}
  0x000002a8259f448c: ffd2 0f1f | 8400 0000 | 0000 448b | 7424 344c | 8b4c 2448 | 448b 5424 | 504c 8b44 | 2438 e9b6 
  0x000002a8259f44ac: d6ff ffba | deff ffff | 4c8b 4424 | 584c 8944 | 2420 4c89 | 6c24 284c | 8b44 2440 | 4c89 4424 
  0x000002a8259f44cc: 3844 8974 | 2448 4c89 | 5424 5844 | 895c 244c 

  0x000002a8259f44dc: ;   {runtime_call UncommonTrapBlob}
  0x000002a8259f44dc: c5f8 77e8 

  0x000002a8259f44e0: ; ImmutableOopMap {rbp=NarrowOop [32]=Oop [40]=Oop [48]=NarrowOop [72]=NarrowOop [76]=NarrowOop [88]=Oop [144]=Oop [168]=NarrowOop }
                      ;*invokeinterface ensureInitialization {reexecute=0 rethrow=0 return_oop=0}
                      ; - jdk.internal.loader.URLClassPath$JarLoader$2::getManifest@10 (line 852)
                      ; - java.net.URLClassLoader::defineClass@34 (line 491)
                      ; - java.net.URLClassLoader$1::run@43 (line 427)
  0x000002a8259f44e0: 1c36 0fff 

  0x000002a8259f44e4: ;   {other}
  0x000002a8259f44e4: 0f1f 8400 | 5441 0048 | 4889 4c24 | 704c 8954 | 2468 4c89 | 4c24 604c | 8944 2450 | 4489 7424 
  0x000002a8259f4504: 3c4c 8b54 | 2428 4c89 | 5424 4844 | 8b5c 2430 | 4489 5c24 | 384c 896c | 2430 4c8b | 5424 584c 
  0x000002a8259f4524: 8954 2428 | 488b d14c | 8d84 2420 | 0100 004c | 8b54 2468 | 4c89 5424 | 5866 6690 

  0x000002a8259f4540: ;   {runtime_call _complete_monitor_locking_Java}
  0x000002a8259f4540: c5f8 77e8 

  0x000002a8259f4544: ; ImmutableOopMap {rbp=NarrowOop [40]=Oop [48]=Oop [56]=NarrowOop [60]=NarrowOop [72]=Oop [80]=Oop [88]=Oop [96]=Oop [104]=Oop [112]=Oop [144]=Oop [160]=Oop [168]=NarrowOop }
                      ;*synchronization entry
                      ; - java.util.jar.JarFile::ensureInitialization@-1 (line 1064)
                      ; - java.util.jar.JavaUtilJarAccessImpl::ensureInitialization@1 (line 42)
                      ; - jdk.internal.loader.URLClassPath$JarLoader$2::getManifest@10 (line 852)
                      ; - java.net.URLClassLoader::defineClass@34 (line 491)
                      ; - java.net.URLClassLoader$1::run@43 (line 427)
  0x000002a8259f4544: 385d 1cff 

  0x000002a8259f4548: ;   {other}
  0x000002a8259f4548: 0f1f 8400 | b841 0049 | 4c8b 5424 | 284c 8954 | 2458 4c8b | 6c24 3044 | 8b54 2438 | 4489 5424 
  0x000002a8259f4568: 304c 8b54 | 2448 4c89 | 5424 2844 | 8b74 243c | 4c8b 5424 | 6848 8b4c | 2470 e988 | d2ff ff49 
  0x000002a8259f4588: 8bcb 488d | 9424 2001 | 0000 4d8b | c7c5 f877 | 49ba f031 | e5b1 fe7f | 0000 41ff 

  0x000002a8259f45a4: ;   {other}
  0x000002a8259f45a4: d20f 1f84 | 0000 0000 | 00e9 31d3 | ffff bade | ffff ff4c | 8b54 2438 | 4c89 5424 | 284c 8b54 
  0x000002a8259f45c4: 2440 4c89 | 5424 3890 

  0x000002a8259f45cc: ;   {runtime_call UncommonTrapBlob}
  0x000002a8259f45cc: c5f8 77e8 

  0x000002a8259f45d0: ; ImmutableOopMap {rbp=NarrowOop [40]=Oop [48]=NarrowOop [72]=NarrowOop [88]=Oop [104]=Oop [144]=Oop [168]=NarrowOop }
                      ;*invokevirtual getManifest {reexecute=0 rethrow=0 return_oop=0}
                      ; - jdk.internal.loader.URLClassPath$JarLoader$2::getManifest@22 (line 853)
                      ; - java.net.URLClassLoader::defineClass@34 (line 491)
                      ; - java.net.URLClassLoader$1::run@43 (line 427)
  0x000002a8259f45d0: 2c35 0fff 

  0x000002a8259f45d4: ;   {other}
  0x000002a8259f45d4: 0f1f 8400 | 4442 004a | 4889 7c24 | 6844 8954 | 2460 4c89 | 4c24 504c | 8944 2448 | 4489 7424 
  0x000002a8259f45f4: 3444 8b5c | 2430 4489 | 5c24 204c | 896c 2438 

  0x000002a8259f4604: ;   {metadata('java/io/FileInputStream')}
  0x000002a8259f4604: 48ba 4044 | 0137 a802 | 0000 6690 

  0x000002a8259f4610: ;   {runtime_call _new_instance_Java}
  0x000002a8259f4610: c5f8 77e8 

  0x000002a8259f4614: ; ImmutableOopMap {[32]=NarrowOop [40]=Oop [52]=NarrowOop [56]=Oop [72]=Oop [80]=Oop [88]=Oop [104]=Oop [160]=Oop [168]=NarrowOop }
                      ;*new {reexecute=0 rethrow=0 return_oop=1}
                      ; - jdk.internal.loader.URLClassPath$FileLoader$1::getInputStream@0 (line 1119)
                      ; - jdk.internal.loader.Resource::cachedInputStream@9 (line 77)
                      ; - jdk.internal.loader.Resource::getByteBuffer@1 (line 163)
                      ; - java.net.URLClassLoader::defineClass@132 (line 511)
                      ; - java.net.URLClassLoader$1::run@43 (line 427)
  0x000002a8259f4614: 68ec 1bff 

  0x000002a8259f4618: ;   {other}
  0x000002a8259f4618: 0f1f 8400 | 8842 004b | 4c8b 6c24 | 3844 8b54 | 2420 4489 | 5424 3044 | 8b74 2434 | 4c8b 4c24 
  0x000002a8259f4638: 5044 8b54 | 2460 488b | 7c24 684c | 8b44 2448 | e9ad d8ff | ff89 5c24 | 6448 8954 | 2470 4889 
  0x000002a8259f4658: 7c24 6844 | 8954 2460 | 4c89 4c24 | 504c 8944 | 2448 4489 | 7424 3444 | 8b54 2430 | 4489 5424 
  0x000002a8259f4678: 204c 896c 

  0x000002a8259f467c: ;   {metadata('java/lang/Object')}
  0x000002a8259f467c: 2438 48ba | f00e 0037 | a802 0000 

  0x000002a8259f4688: ;   {runtime_call _new_instance_Java}
  0x000002a8259f4688: c5f8 77e8 

  0x000002a8259f468c: ; ImmutableOopMap {[32]=NarrowOop [40]=Oop [52]=NarrowOop [56]=Oop [72]=Oop [80]=Oop [88]=Oop [100]=NarrowOop [104]=Oop [112]=Oop [160]=Oop [168]=NarrowOop }
                      ;*new {reexecute=0 rethrow=0 return_oop=1}
                      ; - java.io.FileInputStream::<init>@5 (line 85)
                      ; - jdk.internal.loader.URLClassPath$FileLoader$1::getInputStream@8 (line 1119)
                      ; - jdk.internal.loader.Resource::cachedInputStream@9 (line 77)
                      ; - jdk.internal.loader.Resource::getByteBuffer@1 (line 163)
                      ; - java.net.URLClassLoader::defineClass@132 (line 511)
                      ; - java.net.URLClassLoader$1::run@43 (line 427)
  0x000002a8259f468c: f0eb 1bff 

  0x000002a8259f4690: ;   {other}
  0x000002a8259f4690: 0f1f 8400 | 0043 004c | 4c8b 6c24 | 3844 8b5c | 2420 4489 | 5c24 3044 | 8b74 2434 | 4c8b 4c24 
  0x000002a8259f46b0: 5044 8b54 | 2460 488b | 7c24 6848 | 8b54 2470 | 8b5c 2464 | 4c8b 4424 | 48e9 6ed8 | ffff 895c 
  0x000002a8259f46d0: 244c 488b | ea48 897c | 2468 4489 | 5424 344c | 894c 2450 | 4c89 4424 | 2044 8974 | 2448 4c89 
  0x000002a8259f46f0: 6c24 384c | 8b94 24a0 | 0000 004c | 8954 2460 

  0x000002a8259f4700: ;   {metadata('java/io/NioChannelCleanable')}
  0x000002a8259f4700: 48ba 0075 | 2d37 a802 | 0000 6690 

  0x000002a8259f470c: ;   {runtime_call _new_instance_Java}
  0x000002a8259f470c: c5f8 77e8 

  0x000002a8259f4710: ; ImmutableOopMap {rbp=Oop [32]=Oop [40]=Oop [48]=NarrowOop [56]=Oop [72]=NarrowOop [76]=NarrowOop [80]=Oop [88]=Oop [96]=Oop [104]=Oop [168]=NarrowOop }
                      ;*new {reexecute=0 rethrow=0 return_oop=1}
                      ; - java.io.FileInputStream::<init>@16 (line 95)
                      ; - jdk.internal.loader.URLClassPath$FileLoader$1::getInputStream@8 (line 1119)
                      ; - jdk.internal.loader.Resource::cachedInputStream@9 (line 77)
                      ; - jdk.internal.loader.Resource::getByteBuffer@1 (line 163)
                      ; - java.net.URLClassLoader::defineClass@132 (line 511)
                      ; - java.net.URLClassLoader$1::run@43 (line 427)
  0x000002a8259f4710: 6ceb 1bff 

  0x000002a8259f4714: ;   {other}
  0x000002a8259f4714: 0f1f 8400 | 8443 004d | e9d1 d8ff 

  0x000002a8259f4720: ;   {metadata('java/lang/ref/WeakReference')}
  0x000002a8259f4720: ff48 baa8 | 8604 37a8 | 0200 0090 

  0x000002a8259f472c: ;   {runtime_call _new_instance_Java}
  0x000002a8259f472c: c5f8 77e8 

  0x000002a8259f4730: ; ImmutableOopMap {rbp=Oop [32]=Oop [40]=Oop [48]=NarrowOop [56]=Oop [72]=NarrowOop [76]=NarrowOop [80]=Oop [88]=Oop [96]=Oop [104]=Oop [112]=Oop [168]=NarrowOop }
                      ;*new {reexecute=0 rethrow=0 return_oop=1}
                      ; - java.io.NioChannelCleanable::<init>@9 (line 45)
                      ; - java.io.FileInputStream::<init>@21 (line 95)
                      ; - jdk.internal.loader.URLClassPath$FileLoader$1::getInputStream@8 (line 1119)
                      ; - jdk.internal.loader.Resource::cachedInputStream@9 (line 77)
                      ; - jdk.internal.loader.Resource::getByteBuffer@1 (line 163)
                      ; - java.net.URLClassLoader::defineClass@132 (line 511)
                      ; - java.net.URLClassLoader$1::run@43 (line 427)
  0x000002a8259f4730: 4ceb 1bff 

  0x000002a8259f4734: ;   {other}
  0x000002a8259f4734: 0f1f 8400 | a443 004e | 4c8b d0e9 | 29d9 ffff | 4533 c0e9 | c7ea ffff | 4963 cae9 | d1ce ffff 
  0x000002a8259f4754: 4883 c1fe | 498b fb48 | 33c0 4883 | f908 7f10 | 48ff c978 | 5648 8904 | cf48 ffc9 | 7df7 eb4b 
  0x000002a8259f4774: c5fd efc0 | e90d 0000 | 00c5 fe7f | 07c5 fe7f | 4720 4883 | c740 4883 | e908 7ded | 4883 c104 
  0x000002a8259f4794: 7c0c c5fe | 7f07 4883 | c720 4883 | e904 4883 | c104 7e17 | 48c7 c0ff | ffff ffc4 | e2f0 f5c0 
  0x000002a8259f47b4: c4e1 fb92 | f862 f1fe | 2f7f 07e9 | 3dcf ffff | bacc ffff | ff48 8b6c | 2458 448b | 4424 3044 
  0x000002a8259f47d4: 8944 2428 | 4c89 6c24 | 304c 8b5c | 2440 4c89 | 5c24 3844 | 8954 2440 | 4489 7424 | 4848 895c 
  0x000002a8259f47f4: 2458 8944 | 244c 6690 

  0x000002a8259f47fc: ;   {runtime_call UncommonTrapBlob}
  0x000002a8259f47fc: c5f8 77e8 

  0x000002a8259f4800: ; ImmutableOopMap {rbp=Oop [40]=NarrowOop [48]=Oop [72]=NarrowOop [76]=NarrowOop [88]=Oop [168]=NarrowOop }
                      ;*newarray {reexecute=1 rethrow=0 return_oop=0}
                      ; - (reexecute) java.util.Arrays::copyOfRangeByte@10 (line 3863)
                      ; - java.util.Arrays::copyOfRange@13 (line 3854)
                      ; - java.lang.StringLatin1::newString@16 (line 756)
                      ; - java.lang.String::substring@41 (line 2828)
                      ; - java.net.URLClassLoader::defineClass@28 (line 489)
                      ; - java.net.URLClassLoader$1::run@43 (line 427)
  0x000002a8259f4800: fc32 0fff 

  0x000002a8259f4804: ;   {other}
  0x000002a8259f4804: 0f1f 8400 | 7444 004f | baf6 ffff | ff4c 896c | 2438 4489 | 7424 4848 | 895c 2450 

  0x000002a8259f4820: ;   {runtime_call UncommonTrapBlob}
  0x000002a8259f4820: c5f8 77e8 

  0x000002a8259f4824: ; ImmutableOopMap {rbp=NarrowOop [48]=NarrowOop [56]=Oop [72]=NarrowOop [80]=Oop [88]=Oop [168]=NarrowOop }
                      ;*invokevirtual getInputStream {reexecute=0 rethrow=0 return_oop=0}
                      ; - jdk.internal.loader.URLClassPath$JarLoader$2::getInputStream@11 (line 848)
                      ; - jdk.internal.loader.Resource::cachedInputStream@9 (line 77)
                      ; - jdk.internal.loader.Resource::getByteBuffer@1 (line 163)
                      ; - java.net.URLClassLoader::defineClass@132 (line 511)
                      ; - java.net.URLClassLoader$1::run@43 (line 427)
  0x000002a8259f4824: d832 0fff 

  0x000002a8259f4828: ;   {other}
  0x000002a8259f4828: 0f1f 8400 | 9844 0050 | 83f9 010f | 868c 2200 | 0043 807c | d411 5c0f | 85dc efff | ffba 45ff 
  0x000002a8259f4848: ffff 488b | 6c24 584c | 8b54 2438 | 448b 5c24 | 3044 895c | 2428 4c89 | 5424 304c | 8b54 2440 
  0x000002a8259f4868: 4c89 5424 | 3844 8b54 | 2448 4489 | 5424 404c | 8b54 2468 | 4c89 5424 | 584c 8954 | 2460 448b 
  0x000002a8259f4888: 5c24 4c44 | 895c 2444 | 4c8b 5424 | 784c 8954 | 2448 4c89 | 8424 8000 | 0000 6690 

  0x000002a8259f48a4: ;   {runtime_call UncommonTrapBlob}
  0x000002a8259f48a4: c5f8 77e8 

  0x000002a8259f48a8: ; ImmutableOopMap {rbp=Oop [40]=NarrowOop [48]=Oop [64]=NarrowOop [68]=NarrowOop [72]=Oop [88]=Oop [96]=Oop [112]=Oop [128]=Oop [168]=NarrowOop }
                      ;*ifeq {reexecute=1 rethrow=0 return_oop=0}
                      ; - (reexecute) java.io.IoOverNioFileSystem::isWindowsPipe@25 (line 187)
                      ; - java.io.IoOverNioFileSystem::getNioPath@43 (line 146)
                      ; - java.io.FileInputStream::<init>@104 (line 178)
                      ; - jdk.internal.loader.URLClassPath$FileLoader$1::getInputStream@8 (line 1119)
                      ; - jdk.internal.loader.Resource::cachedInputStream@9 (line 77)
                      ; - jdk.internal.loader.Resource::getByteBuffer@1 (line 163)
                      ; - java.net.URLClassLoader::defineClass@132 (line 511)
                      ; - java.net.URLClassLoader$1::run@43 (line 427)
  0x000002a8259f48a8: 5432 0fff 

  0x000002a8259f48ac: ;   {other}
  0x000002a8259f48ac: 0f1f 8400 | 1c45 0051 | 33ed 4585 | d240 0f94 | c5ba 45ff | ffff 4c89 | 6c24 3844 | 8b94 24a8 
  0x000002a8259f48cc: 0000 0044 | 8954 2448 | 4489 4c24 | 4c66 6690 

  0x000002a8259f48dc: ;   {runtime_call UncommonTrapBlob}
  0x000002a8259f48dc: c5f8 77e8 

  0x000002a8259f48e0: ; ImmutableOopMap {[48]=NarrowOop [56]=Oop [72]=NarrowOop [88]=Oop [168]=NarrowOop }
                      ;*ifeq {reexecute=1 rethrow=0 return_oop=0}
                      ; - (reexecute) java.lang.String::lastIndexOf@4 (line 2562)
                      ; - java.lang.String::lastIndexOf@8 (line 2524)
                      ; - java.net.URLClassLoader::defineClass@7 (line 486)
                      ; - java.net.URLClassLoader$1::run@43 (line 427)
  0x000002a8259f48e0: 1c32 0fff 

  0x000002a8259f48e4: ;   {other}
  0x000002a8259f48e4: 0f1f 8400 | 5445 0052 | ba45 ffff | ff4c 8b5c | 2458 4c89 | 5c24 204c | 896c 2438 | 4489 5424 
  0x000002a8259f4904: 4844 8954 | 244c 448b | 9424 a800 | 0000 4489 | 7424 5444 | 8954 2458 

  0x000002a8259f491c: ;   {runtime_call UncommonTrapBlob}
  0x000002a8259f491c: c5f8 77e8 

  0x000002a8259f4920: ; ImmutableOopMap {[32]=Oop [48]=NarrowOop [56]=Oop [84]=NarrowOop [88]=NarrowOop [168]=NarrowOop }
                      ;*if_icmpgt {reexecute=1 rethrow=0 return_oop=0}
                      ; - (reexecute) jdk.internal.util.Preconditions::checkFromToIndex@6 (line 348)
                      ; - java.lang.String::checkBoundsBeginEnd@6 (line 4855)
                      ; - java.lang.String::substring@8 (line 2823)
                      ; - java.net.URLClassLoader::defineClass@28 (line 489)
                      ; - java.net.URLClassLoader$1::run@43 (line 427)
  0x000002a8259f4920: dc31 0fff 

  0x000002a8259f4924: ;   {other}
  0x000002a8259f4924: 0f1f 8400 | 9445 0053 | ba45 ffff | ff4c 8b5c | 2458 4c89 | 5c24 204c | 896c 2438 | 4489 5424 
  0x000002a8259f4944: 4844 8954 | 244c 448b | 9424 a800 | 0000 4489 | 7424 5444 | 8954 2458 

  0x000002a8259f495c: ;   {runtime_call UncommonTrapBlob}
  0x000002a8259f495c: c5f8 77e8 

  0x000002a8259f4960: ; ImmutableOopMap {[32]=Oop [48]=NarrowOop [56]=Oop [84]=NarrowOop [88]=NarrowOop [168]=NarrowOop }
                      ;*if_icmple {reexecute=1 rethrow=0 return_oop=0}
                      ; - (reexecute) jdk.internal.util.Preconditions::checkFromToIndex@11 (line 348)
                      ; - java.lang.String::checkBoundsBeginEnd@6 (line 4855)
                      ; - java.lang.String::substring@8 (line 2823)
                      ; - java.net.URLClassLoader::defineClass@28 (line 489)
                      ; - java.net.URLClassLoader$1::run@43 (line 427)
  0x000002a8259f4960: 9c31 0fff 

  0x000002a8259f4964: ;   {other}
  0x000002a8259f4964: 0f1f 8400 | d445 0054 | 4889 7424 | 6848 895c | 2460 4c89 | 4c24 504c | 8944 2448 | 4489 7424 
  0x000002a8259f4984: 344c 8b54 | 2428 4c89 | 5424 3849 | 8bd7 c5f8 | 7749 ba20 | 0da3 b1fe | 7f00 0041 

  0x000002a8259f49a0: ;   {other}
  0x000002a8259f49a0: ffd2 0f1f | 8400 0000 | 0000 4c8b | 5424 384c | 8954 2428 | 448b 7424 | 344c 8b4c | 2450 488b 
  0x000002a8259f49c0: 5c24 6048 | 8b74 2468 | 4c8b 4424 | 48e9 3acd 

  0x000002a8259f49d0: ;   {oop(a 'sun/nio/fs/WindowsPathType'{0x000000070067abe8})}
  0x000002a8259f49d0: ffff 81fd | 7df5 0ce0 | 0f84 5e21 | 0000 ba45 | ffff ff48 | 8b6c 2458 | 4c8b 5424 | 3844 8b5c 
  0x000002a8259f49f0: 2430 4489 | 5c24 284c | 8954 2430 | 4c8b 5424 | 404c 8954 | 2438 448b | 5424 4844 | 8954 2440 
  0x000002a8259f4a10: 4c8b 5424 | 684c 8954 | 2458 4c89 | 5424 6044 | 8b5c 244c | 4489 5c24 | 444c 8b54 | 2478 4c89 
  0x000002a8259f4a30: 5424 484c | 8944 2478 

  0x000002a8259f4a38: ;   {runtime_call UncommonTrapBlob}
  0x000002a8259f4a38: c5f8 77e8 

  0x000002a8259f4a3c: ; ImmutableOopMap {rbp=Oop [40]=NarrowOop [48]=Oop [64]=NarrowOop [68]=NarrowOop [72]=Oop [88]=Oop [96]=Oop [112]=Oop [120]=Oop [168]=NarrowOop }
                      ;*ifeq {reexecute=1 rethrow=0 return_oop=0}
                      ; - (reexecute) java.io.IoOverNioFileSystem::isWindowsPipe@6 (line 186)
                      ; - java.io.IoOverNioFileSystem::getNioPath@43 (line 146)
                      ; - java.io.FileInputStream::<init>@104 (line 178)
                      ; - jdk.internal.loader.URLClassPath$FileLoader$1::getInputStream@8 (line 1119)
                      ; - jdk.internal.loader.Resource::cachedInputStream@9 (line 77)
                      ; - jdk.internal.loader.Resource::getByteBuffer@1 (line 163)
                      ; - java.net.URLClassLoader::defineClass@132 (line 511)
                      ; - java.net.URLClassLoader$1::run@43 (line 427)
  0x000002a8259f4a3c: c030 0fff 

  0x000002a8259f4a40: ;   {other}
  0x000002a8259f4a40: 0f1f 8400 | b046 0055 

  0x000002a8259f4a48: ;   {oop(a 'sun/nio/fs/WindowsPathType'{0x000000070067abe8})}
  0x000002a8259f4a48: 81fd 7df5 | 0ce0 0f84 | 2021 0000 | ba45 ffff | ff48 8b6c | 2458 4c8b | 5424 3844 | 8b5c 2430 
  0x000002a8259f4a68: 4489 5c24 | 284c 8954 | 2430 4c8b | 5424 404c | 8954 2438 | 448b 5c24 | 4844 895c | 2440 4c8b 
  0x000002a8259f4a88: 5424 684c | 8954 2458 | 4c89 5424 | 6044 8b54 | 244c 4489 | 5424 444c | 8b54 2478 | 4c89 5424 
  0x000002a8259f4aa8: 484c 8b94 | 2488 0000 | 004c 8954 | 2478 6690 

  0x000002a8259f4ab8: ;   {runtime_call UncommonTrapBlob}
  0x000002a8259f4ab8: c5f8 77e8 

  0x000002a8259f4abc: ; ImmutableOopMap {rbp=Oop [40]=NarrowOop [48]=Oop [64]=NarrowOop [68]=NarrowOop [72]=Oop [88]=Oop [96]=Oop [112]=Oop [120]=Oop [168]=NarrowOop [264]=Oop }
                      ;*ifeq {reexecute=1 rethrow=0 return_oop=0}
                      ; - (reexecute) sun.nio.fs.WindowsPath::getPathForWin32Calls@8 (line 190)
                      ; - sun.nio.fs.WindowsPath::getPathForWin32Calls@2 (line 180)
                      ; - sun.nio.fs.WindowsFileAttributes::get@21 (line 299)
                      ; - sun.nio.fs.WindowsFileAttributeViews$Basic::readAttributes@15 (line 51)
                      ; - sun.nio.fs.WindowsFileAttributeViews$Basic::readAttributes@1 (line 38)
                      ; - sun.nio.fs.WindowsFileSystemProvider::readAttributes@57 (line 197)
                      ; - java.nio.file.Files::readAttributes@7 (line 1854)
                      ; - java.io.IoOverNioFileSystem::getNioPath@66 (line 166)
                      ; - java.io.FileInputStream::<init>@104 (line 178)
                      ; - jdk.internal.loader.URLClassPath$FileLoader$1::getInputStream@8 (line 1119)
                      ; - jdk.internal.loader.Resource::cachedInputStream@9 (line 77)
                      ; - jdk.internal.loader.Resource::getByteBuffer@1 (line 163)
                      ; - java.net.URLClassLoader::defineClass@132 (line 511)
                      ; - java.net.URLClassLoader$1::run@43 (line 427)
  0x000002a8259f4abc: 4030 0fff 

  0x000002a8259f4ac0: ;   {other}
  0x000002a8259f4ac0: 0f1f 8400 | 3047 0056 | 498b f049 | 8bd7 c5f8 | 7749 ba20 | 0da3 b1fe | 7f00 0041 

  0x000002a8259f4adc: ;   {other}
  0x000002a8259f4adc: ffd2 0f1f | 8400 0000 | 0000 4c8b | c6e9 8fcf 

  0x000002a8259f4aec: ;   {oop(a 'java/lang/ThreadLocal'{0x00000007006b2b48})}
  0x000002a8259f4aec: ffff 48ba | 482b 6b00 | 0700 0000 | 4c8b 4424 | 6066 6690 

  0x000002a8259f4b00: ;   {optimized virtual_call}
  0x000002a8259f4b00: c5f8 77e8 

  0x000002a8259f4b04: ; ImmutableOopMap {rbp=NarrowOop [32]=Oop [40]=Oop [48]=NarrowOop [56]=Oop [72]=NarrowOop [76]=NarrowOop [80]=Oop [88]=Oop [104]=Oop [112]=Oop [120]=Oop [128]=Oop [136]=Oop [144]=NarrowOop [152]=Oop [168]=NarrowOop }
                      ;*invokevirtual setInitialValue {reexecute=0 rethrow=0 return_oop=1}
                      ; - java.lang.ThreadLocal::get@31 (line 194)
                      ; - java.lang.ThreadLocal::get@4 (line 172)
                      ; - com.jetbrains.internal.IoOverNio$RecursionGuard::ensureActive@3 (line 221)
                      ; - com.jetbrains.internal.IoOverNio$ParentForFileChannelImplHolder::set@0 (line 172)
                      ; - java.io.IoOverNioFileSystem::initializeStreamUsingNio@1 (line 343)
                      ; - java.io.FileInputStream::<init>@151 (line 181)
                      ; - jdk.internal.loader.URLClassPath$FileLoader$1::getInputStream@8 (line 1119)
                      ; - jdk.internal.loader.Resource::cachedInputStream@9 (line 77)
                      ; - jdk.internal.loader.Resource::getByteBuffer@1 (line 163)
                      ; - java.net.URLClassLoader::defineClass@132 (line 511)
                      ; - java.net.URLClassLoader$1::run@43 (line 427)
  0x000002a8259f4b04: 78a3 0eff 

  0x000002a8259f4b08: ;   {other}
  0x000002a8259f4b08: 0f1f 8400 | 7847 0057 | 4c8b c0e9 | e4f1 ffff | 33ff e9ca | e4ff ff33 | ffe9 6fe9 

  0x000002a8259f4b24: ;   {oop(a 'java/lang/ThreadLocal'{0x00000007006b2b48})}
  0x000002a8259f4b24: ffff 48ba | 482b 6b00 | 0700 0000 | 4c8b 4424 | 6066 6690 

  0x000002a8259f4b38: ;   {optimized virtual_call}
  0x000002a8259f4b38: c5f8 77e8 

  0x000002a8259f4b3c: ; ImmutableOopMap {rbp=Oop [136]=Derived_oop_rbp [32]=Oop [40]=Oop [48]=NarrowOop [56]=Oop [72]=NarrowOop [76]=NarrowOop [80]=Oop [88]=Oop [96]=Oop [104]=Oop [112]=Oop [120]=Oop [128]=Oop [168]=NarrowOop }
                      ;*invokevirtual setInitialValue {reexecute=0 rethrow=0 return_oop=1}
                      ; - java.lang.ThreadLocal::get@31 (line 194)
                      ; - java.lang.ThreadLocal::get@4 (line 172)
                      ; - com.jetbrains.internal.IoOverNio$RecursionGuard::create@46 (line 209)
                      ; - java.io.FileInputStream::<init>@92 (line 176)
                      ; - jdk.internal.loader.URLClassPath$FileLoader$1::getInputStream@8 (line 1119)
                      ; - jdk.internal.loader.Resource::cachedInputStream@9 (line 77)
                      ; - jdk.internal.loader.Resource::getByteBuffer@1 (line 163)
                      ; - java.net.URLClassLoader::defineClass@132 (line 511)
                      ; - java.net.URLClassLoader$1::run@43 (line 427)
  0x000002a8259f4b3c: 40a3 0eff 

  0x000002a8259f4b40: ;   {other}
  0x000002a8259f4b40: 0f1f 8400 | b047 0058 | 4c8b d0e9 | dce4 ffff 

  0x000002a8259f4b50: ;   {oop(a 'java/lang/ThreadLocal'{0x0000000700660e40})}
  0x000002a8259f4b50: 48ba 400e | 6600 0700 | 0000 4c8b | 4424 6090 

  0x000002a8259f4b60: ;   {optimized virtual_call}
  0x000002a8259f4b60: c5f8 77e8 

  0x000002a8259f4b64: ; ImmutableOopMap {rbp=Oop [136]=Derived_oop_rbp [32]=Oop [40]=Oop [48]=NarrowOop [56]=Oop [72]=NarrowOop [76]=NarrowOop [80]=Oop [88]=Oop [96]=Oop [104]=Oop [112]=Oop [120]=Oop [128]=Oop [144]=NarrowOop [168]=NarrowOop }
                      ;*invokevirtual setInitialValue {reexecute=0 rethrow=0 return_oop=1}
                      ; - java.lang.ThreadLocal::get@31 (line 194)
                      ; - java.lang.ThreadLocal::get@4 (line 172)
                      ; - com.jetbrains.internal.IoOverNio::isAllowedInThisThread@9 (line 68)
                      ; - java.io.IoOverNioFileSystem::acquireNioFs@16 (line 94)
                      ; - java.io.IoOverNioFileSystem::getNioPath@6 (line 130)
                      ; - java.io.FileInputStream::<init>@104 (line 178)
                      ; - jdk.internal.loader.URLClassPath$FileLoader$1::getInputStream@8 (line 1119)
                      ; - jdk.internal.loader.Resource::cachedInputStream@9 (line 77)
                      ; - jdk.internal.loader.Resource::getByteBuffer@1 (line 163)
                      ; - java.net.URLClassLoader::defineClass@132 (line 511)
                      ; - java.net.URLClassLoader$1::run@43 (line 427)
  0x000002a8259f4b64: 18a3 0eff 

  0x000002a8259f4b68: ;   {other}
  0x000002a8259f4b68: 0f1f 8400 | d847 0059 | e962 e9ff | ffba c6ff | ffff 448b | 4424 3044 | 8944 2428 | 4c8b 5424 
  0x000002a8259f4b88: 404c 8954 | 2430 4c89 | 5c24 3844 | 8b5c 2448 | 4489 5c24 | 4066 6690 

  0x000002a8259f4ba0: ;   {runtime_call UncommonTrapBlob}
  0x000002a8259f4ba0: c5f8 77e8 

  0x000002a8259f4ba4: ; ImmutableOopMap {[40]=NarrowOop [56]=Oop [64]=NarrowOop [80]=Oop [88]=Oop [168]=NarrowOop }
                      ;*invokevirtual getCodeSigners {reexecute=0 rethrow=0 return_oop=0}
                      ; - java.net.URLClassLoader::defineClass@185 (line 521)
                      ; - java.net.URLClassLoader$1::run@43 (line 427)
  0x000002a8259f4ba4: 582f 0fff 

  0x000002a8259f4ba8: ;   {other}
  0x000002a8259f4ba8: 0f1f 8400 | 1848 005a | bac6 ffff | ff48 8b6c | 2458 448b | 4424 3044 | 8944 2428 | 4c89 6c24 
  0x000002a8259f4bc8: 304c 8b5c | 2440 4c89 | 5c24 3844 | 8954 242c | 4c89 6c24 | 4066 6690 

  0x000002a8259f4be0: ;   {runtime_call UncommonTrapBlob}
  0x000002a8259f4be0: c5f8 77e8 

  0x000002a8259f4be4: ; ImmutableOopMap {rbp=Oop [40]=NarrowOop [48]=Oop [64]=Oop [168]=NarrowOop }
                      ;*invokevirtual getCodeSourceURL {reexecute=0 rethrow=0 return_oop=0}
                      ; - java.net.URLClassLoader::defineClass@13 (line 487)
                      ; - java.net.URLClassLoader$1::run@43 (line 427)
  0x000002a8259f4be4: 182f 0fff 

  0x000002a8259f4be8: ;   {other}
  0x000002a8259f4be8: 0f1f 8400 | 5848 005b | bac6 ffff | ff48 8b6c | 2458 448b | 5c24 3044 | 895c 2428 | 4c89 6c24 
  0x000002a8259f4c08: 304c 8b54 | 2440 4c89 | 5424 384c | 896c 2440 | 4489 7424 | 4866 6690 

  0x000002a8259f4c20: ;   {runtime_call UncommonTrapBlob}
  0x000002a8259f4c20: c5f8 77e8 

  0x000002a8259f4c24: ; ImmutableOopMap {rbp=Oop [40]=NarrowOop [48]=Oop [64]=Oop [72]=NarrowOop [144]=Oop [168]=NarrowOop }
                      ;*invokevirtual getManifest {reexecute=0 rethrow=0 return_oop=0}
                      ; - java.net.URLClassLoader::defineClass@34 (line 491)
                      ; - java.net.URLClassLoader$1::run@43 (line 427)
  0x000002a8259f4c24: d82e 0fff 

  0x000002a8259f4c28: ;   {other}
  0x000002a8259f4c28: 0f1f 8400 | 9848 005c 

  0x000002a8259f4c30: ;   {oop(a 'java/lang/ThreadLocal'{0x00000007006b2b48})}
  0x000002a8259f4c30: 48ba 482b | 6b00 0700 | 0000 4c8b | 4424 604c | 8b4c 2478 

  0x000002a8259f4c44: ;   {oop([B{0x00000007006b2ae8})}
  0x000002a8259f4c44: 48bd e82a | 6b00 0700 | 0000 6690 

  0x000002a8259f4c50: ;   {optimized virtual_call}
  0x000002a8259f4c50: c5f8 77e8 

  0x000002a8259f4c54: ; ImmutableOopMap {rbp=Oop [136]=Derived_oop_rbp [32]=Oop [40]=Oop [48]=NarrowOop [56]=Oop [72]=NarrowOop [76]=NarrowOop [80]=Oop [88]=Oop [96]=Oop [104]=Oop [112]=Oop [120]=Oop [128]=Oop [168]=NarrowOop }
                      ;*invokevirtual createMap {reexecute=0 rethrow=0 return_oop=0}
                      ; - java.lang.ThreadLocal::set@22 (line 267)
                      ; - java.lang.ThreadLocal::set@5 (line 251)
                      ; - com.jetbrains.internal.IoOverNio$RecursionGuard::create@62 (line 210)
                      ; - java.io.FileInputStream::<init>@92 (line 176)
                      ; - jdk.internal.loader.URLClassPath$FileLoader$1::getInputStream@8 (line 1119)
                      ; - jdk.internal.loader.Resource::cachedInputStream@9 (line 77)
                      ; - jdk.internal.loader.Resource::getByteBuffer@1 (line 163)
                      ; - java.net.URLClassLoader::defineClass@132 (line 511)
                      ; - java.net.URLClassLoader$1::run@43 (line 427)
  0x000002a8259f4c54: 28a2 0eff 

  0x000002a8259f4c58: ;   {other}
  0x000002a8259f4c58: 0f1f 8400 | c848 005d | 49ba 0000 | 8a2a a802 | 0000 4c89 | 9424 1001 | 0000 e9b3 | e7ff ff48 
  0x000002a8259f4c78: 8b94 24a0 | 0000 0090 

  0x000002a8259f4c80: ;   {optimized virtual_call}
  0x000002a8259f4c80: c5f8 77e8 

  0x000002a8259f4c84: ; ImmutableOopMap {rbp=Oop [136]=Derived_oop_rbp [32]=Oop [40]=Oop [48]=NarrowOop [56]=Oop [72]=NarrowOop [76]=NarrowOop [80]=Oop [88]=Oop [96]=Oop [104]=Oop [112]=Oop [120]=Oop [128]=Oop [168]=NarrowOop }
                      ;*invokevirtual rehash {reexecute=0 rethrow=0 return_oop=0}
                      ; - java.lang.ThreadLocal$ThreadLocalMap::set@129 (line 566)
                      ; - java.lang.ThreadLocal::set@13 (line 265)
                      ; - java.lang.ThreadLocal::set@5 (line 251)
                      ; - com.jetbrains.internal.IoOverNio$RecursionGuard::create@62 (line 210)
                      ; - java.io.FileInputStream::<init>@92 (line 176)
                      ; - jdk.internal.loader.URLClassPath$FileLoader$1::getInputStream@8 (line 1119)
                      ; - jdk.internal.loader.Resource::cachedInputStream@9 (line 77)
                      ; - jdk.internal.loader.Resource::getByteBuffer@1 (line 163)
                      ; - java.net.URLClassLoader::defineClass@132 (line 511)
                      ; - java.net.URLClassLoader$1::run@43 (line 427)
  0x000002a8259f4c84: f8a1 0eff 

  0x000002a8259f4c88: ;   {other}
  0x000002a8259f4c88: 0f1f 8400 | f848 005e | e995 e7ff | ff4c 8b94 | 2488 0000 | 0045 8b52 | 2045 85d2 | 0f84 880c 
  0x000002a8259f4ca8: 0000 438b | 6cd4 0c41 | 807f 4000 | 0f85 3a11 | 0000 458b 

  0x000002a8259f4cbc: ;   {metadata('java/lang/String')}
  0x000002a8259f4cbc: 5cec 0841 | 81fb 100a | 0100 0f85 | 5420 0000 | 498d 14ec | e9ff ecff | ffba c6ff | ffff 488b 
  0x000002a8259f4cdc: 6c24 5844 | 8b54 2430 | 4489 5424 | 284c 896c | 2430 4c8b | 5424 404c | 8954 2438 | 4c89 6c24 
  0x000002a8259f4cfc: 4044 8974 | 2460 6690 

  0x000002a8259f4d04: ;   {runtime_call UncommonTrapBlob}
  0x000002a8259f4d04: c5f8 77e8 

  0x000002a8259f4d08: ; ImmutableOopMap {rbp=Oop [40]=NarrowOop [48]=Oop [64]=Oop [96]=NarrowOop [168]=NarrowOop }
                      ;*invokevirtual getInputStream {reexecute=0 rethrow=0 return_oop=0}
                      ; - jdk.internal.loader.Resource::cachedInputStream@9 (line 77)
                      ; - jdk.internal.loader.Resource::getByteBuffer@1 (line 163)
                      ; - java.net.URLClassLoader::defineClass@132 (line 511)
                      ; - java.net.URLClassLoader$1::run@43 (line 427)
  0x000002a8259f4d08: f42d 0fff 

  0x000002a8259f4d0c: ;   {other}
  0x000002a8259f4d0c: 0f1f 8400 | 7c49 005f | bae4 ffff | ff4c 8b54 | 2458 4c89 | 5424 2044 | 899c 2480 | 0000 0044 
  0x000002a8259f4d2c: 898c 2488 | 0000 0090 

  0x000002a8259f4d34: ;   {runtime_call UncommonTrapBlob}
  0x000002a8259f4d34: c5f8 77e8 

  0x000002a8259f4d38: ; ImmutableOopMap {rbp=NarrowOop [32]=Oop [48]=NarrowOop [56]=Oop [72]=NarrowOop [76]=NarrowOop [96]=Oop [104]=Oop [112]=Oop [128]=NarrowOop [168]=NarrowOop }
                      ;*aaload {reexecute=0 rethrow=0 return_oop=0}
                      ; - java.lang.ThreadLocal$ThreadLocalMap::getEntry@18 (line 500)
                      ; - java.lang.ThreadLocal::get@12 (line 187)
                      ; - java.lang.ThreadLocal::get@4 (line 172)
                      ; - com.jetbrains.internal.IoOverNio$RecursionGuard::create@5 (line 203)
                      ; - java.io.FileInputStream::<init>@92 (line 176)
                      ; - jdk.internal.loader.URLClassPath$FileLoader$1::getInputStream@8 (line 1119)
                      ; - jdk.internal.loader.Resource::cachedInputStream@9 (line 77)
                      ; - jdk.internal.loader.Resource::getByteBuffer@1 (line 163)
                      ; - java.net.URLClassLoader::defineClass@132 (line 511)
                      ; - java.net.URLClassLoader$1::run@43 (line 427)
  0x000002a8259f4d38: c42d 0fff 

  0x000002a8259f4d3c: ;   {other}
  0x000002a8259f4d3c: 0f1f 8400 | ac49 0060 | 4533 d249 | 8bda e9fa | e2ff ff4c | 8b54 2478 | 458b 520c | 4585 d20f 
  0x000002a8259f4d5c: 84f3 e2ff | ff4d 8b5f | 2849 8bca | 48c1 e103 | 4d85 db0f | 84b7 1600 | 004d 8b57 | 384b 894c 
  0x000002a8259f4d7c: 1af8 4983 | c3f8 4d89 | 5f28 e9c9 | e2ff ff4c | 8b54 2478 | 458b 5a10 | 4585 db0f | 840f e3ff 
  0x000002a8259f4d9c: ff4d 8b57 | 2849 8bcb | 48c1 e103 | 4d85 d20f | 843b 1600 | 004d 8b5f | 384b 894c | 13f8 4983 
  0x000002a8259f4dbc: c2f8 4d89 | 5728 e9e5 | e2ff ff4c | 8b54 2478 | 458b 5a14 | 4585 db0f | 8419 e3ff | ff4d 8b57 
  0x000002a8259f4ddc: 2849 8bcb | 48c1 e103 | 4d85 d20f | 841f 1600 | 004d 8b5f | 384b 894c | 13f8 4983 | c2f8 4d89 
  0x000002a8259f4dfc: 5728 e9ef | e2ff ff4c | 8b94 2488 | 0000 0045 | 8b52 1845 | 85d2 0f84 | 2ae9 ffff | 4d8b 5f28 
  0x000002a8259f4e1c: 498b ca48 | c1e1 034d | 85db 0f84 | b016 0000 | 4d8b 5738 | 4b89 4c1a | f849 83c3 

  0x000002a8259f4e38: ;   {no_reloc}
  0x000002a8259f4e38: f84d 895f | 28e9 00e9 | ffff 4c8b | 9424 8800 | 0000 458b | 5a14 4585 | db0f 849f | e8ff ff4d 
  0x000002a8259f4e58: 8b57 2849 | 8bcb 48c1 | e103 4d85 | d20f 8491 | 1600 004d | 8b5f 384b | 894c 13f8 | 4983 c2f8 
  0x000002a8259f4e78: 4d89 5728 | e975 e8ff | ff4c 8b84 | 2488 0000 | 0045 8b58 | 1c45 85db | 0f84 00e9 | ffff 498b 
  0x000002a8259f4e98: d84d 8b57 | 2849 8bcb | 48c1 e103 | 4d85 d20f | 840f 1600 | 004d 8b5f | 384b 894c | 13f8 4983 
  0x000002a8259f4eb8: c2f8 4d89 | 5728 4c8b | c3e9 d0e8 | ffff bade | ffff ff4c | 8b54 2458 | 4c89 5424 | 204c 8b54 
  0x000002a8259f4ed8: 2468 4c89 | 5424 584c | 8954 2460 

  0x000002a8259f4ee4: ;   {runtime_call UncommonTrapBlob}
  0x000002a8259f4ee4: c5f8 77e8 

  0x000002a8259f4ee8: ; ImmutableOopMap {rbp=Oop [32]=Oop [48]=NarrowOop [56]=Oop [72]=NarrowOop [76]=NarrowOop [88]=Oop [96]=Oop [112]=Oop [168]=NarrowOop }
                      ;*checkcast {reexecute=0 rethrow=0 return_oop=0}
                      ; - com.jetbrains.internal.IoOverNio$RecursionGuard::create@8 (line 203)
                      ; - java.io.FileInputStream::<init>@92 (line 176)
                      ; - jdk.internal.loader.URLClassPath$FileLoader$1::getInputStream@8 (line 1119)
                      ; - jdk.internal.loader.Resource::cachedInputStream@9 (line 77)
                      ; - jdk.internal.loader.Resource::getByteBuffer@1 (line 163)
                      ; - java.net.URLClassLoader::defineClass@132 (line 511)
                      ; - java.net.URLClassLoader$1::run@43 (line 427)
  0x000002a8259f4ee8: 142c 0fff 

  0x000002a8259f4eec: ;   {other}
  0x000002a8259f4eec: 0f1f 8400 | 5c4b 0061 | 4d8b 5748 | 4d8b 5f58 | f083 4424 | c000 8039 | 000f 84dc | e1ff ff44 
  0x000002a8259f4f0c: 8821 4d85 | d275 2049 | 8bd7 c5f8 | 7749 ba00 | 0da3 b1fe | 7f00 0041 

  0x000002a8259f4f24: ;   {other}
  0x000002a8259f4f24: ffd2 0f1f | 8400 0000 | 0000 e9b4 | e1ff ff4b | 894c 13f8 | 4983 c2f8 | 4d89 5748 | e9a2 e1ff 
  0x000002a8259f4f44: ff4d 8b57 | 484d 8b5f | 58f0 8344 | 24c0 0080 | 3900 0f84 | 8fe7 ffff | 4488 214d | 85d2 7520 
  0x000002a8259f4f64: 498b d7c5 | f877 49ba | 000d a3b1 | fe7f 0000 

  0x000002a8259f4f74: ;   {other}
  0x000002a8259f4f74: 41ff d20f | 1f84 0000 | 0000 00e9 | 67e7 ffff | 4b89 4c13 | f849 83c2 | f84d 8957 | 48e9 55e7 
  0x000002a8259f4f94: ffff 4d8b | 5748 4d8b | 5f58 f083 | 4424 c000 | 8039 000f | 84f4 e0ff | ff44 8821 | 4d85 d275 
  0x000002a8259f4fb4: 2049 8bd7 | c5f8 7749 | ba00 0da3 | b1fe 7f00 | 0041 ffd2 

  0x000002a8259f4fc8: ;   {other}
  0x000002a8259f4fc8: 0f1f 8400 | 0000 0000 | e9cc e0ff | ff4b 894c | 13f8 4983 | c2f8 4d89 | 5748 e9ba | e0ff ff4d 
  0x000002a8259f4fe8: 8b57 484d | 8b5f 58f0 | 8344 24c0 | 0080 3900 | 0f84 85e7 | ffff 4488 | 214d 85d2 | 7520 498b 
  0x000002a8259f5008: d7c5 f877 | 49ba 000d | a3b1 fe7f | 0000 41ff 

  0x000002a8259f5018: ;   {other}
  0x000002a8259f5018: d20f 1f84 | 0000 0000 | 00e9 5de7 | ffff 4b89 | 4c13 f849 | 83c2 f84d | 8957 48e9 | 4be7 ffff 
  0x000002a8259f5038: 4d8b 5748 | 4d8b 5f58 | f083 4424 | c000 8039 | 000f 84e8 | e6ff ff44 | 8821 4d85 | d275 2049 
  0x000002a8259f5058: 8bd7 c5f8 | 7749 ba00 | 0da3 b1fe | 7f00 0041 

  0x000002a8259f5068: ;   {other}
  0x000002a8259f5068: ffd2 0f1f | 8400 0000 | 0000 e9c0 | e6ff ff4b | 894c 13f8 | 4983 c2f8 | 4d89 5748 | e9ae e6ff 
  0x000002a8259f5088: ff4d 8b57 | 484d 8b5f | 58f0 8344 | 24c0 0080 | 3900 0f84 | 2ae7 ffff | 4488 214d | 85d2 7526 
  0x000002a8259f50a8: 498b d849 | 8bd7 c5f8 | 7749 ba00 | 0da3 b1fe | 7f00 0041 

  0x000002a8259f50bc: ;   {other}
  0x000002a8259f50bc: ffd2 0f1f | 8400 0000 | 0000 4c8b | c3e9 fce6 | ffff 4b89 | 4c13 f849 | 83c2 f84d | 8957 48e9 
  0x000002a8259f50dc: eae6 ffff | 448b 5b10 | 4585 db0f | 8457 e8ff | ff4d 8b57 | 2849 8bcb | 48c1 e103 | 4d85 d20f 
  0x000002a8259f50fc: 841b 1400 | 004d 8b5f | 384b 894c | 13f8 4983 | c2f8 4d89 | 5728 e92d | e8ff ff44 | 8b5f 1c45 
  0x000002a8259f511c: 85db 0f84 | 2be8 ffff | 4d8b 5728 | 498b cb48 | c1e1 034d | 85d2 0f84 | 0414 0000 | 4d8b 5f38 
  0x000002a8259f513c: 4b89 4c13 | f849 83c2 | f84d 8957 | 28e9 01e8 | ffff 458b | 5828 4585 | db0f 84c9 | ecff ff4d 
  0x000002a8259f515c: 8b57 2849 | 8bcb 48c1 | e103 4d85 | d20f 84ed | 1300 004d | 8b5f 384b | 894c 13f8 | 4983 c2f8 
  0x000002a8259f517c: 4d89 5728 | e99f ecff | ff45 8b50 | 1045 85d2 | 0f84 4aec | ffff 4d8b | 5f28 498b | ca48 c1e1 
  0x000002a8259f519c: 034d 85db | 0f84 e213 | 0000 4d8b | 5738 4b89 | 4c1a f849 | 83c3 f84d | 895f 28e9 | 20ec ffff 
  0x000002a8259f51bc: ;   {no_reloc}
  0x000002a8259f51bc: 4c8b 4424 | 7045 8b50 | 1845 85d2 | 0f84 c5eb | ffff 4d8b | 5f28 498b | ca48 c1e1 | 034d 85db 
  0x000002a8259f51dc: 0f84 d213 | 0000 4d8b | 5738 4b89 | 4c1a f849 | 83c3 f84d | 895f 28e9 | 9beb ffff | 498b 87b8 
  0x000002a8259f51fc: 0100 004c | 8bd0 4983 | c220 4d3b | 97c8 0100 | 000f 838c | 1800 004d | 8997 b801 | 0000 410f 
  0x000002a8259f521c: 1882 0001 | 0000 48c7 | 0001 0000 | 0041 0f18 | 8240 0100 

  0x000002a8259f5230: ;   {metadata('sun/nio/fs/NativeBuffer'[])}
  0x000002a8259f5230: 00c7 4008 | 082c 0402 | 410f 1882 | 8001 0000 | c740 0c03 | 0000 004c | 8bd0 4983 | c210 c5fd 
  0x000002a8259f5250: efc0 62d1 | fe08 7f02 | 4c8b c044 | 8b94 2498 | 0000 0045 

  0x000002a8259f5264: ;   {oop(a 'sun/nio/fs/NativeBuffers$1'{0x0000000700647348})}
  0x000002a8259f5264: 8950 1048 | ba48 7364 | 0007 0000 | 0066 6690 

  0x000002a8259f5274: ;   {optimized virtual_call}
  0x000002a8259f5274: c5f8 77e8 

  0x000002a8259f5278: ; ImmutableOopMap {[32]=Oop [40]=Oop [48]=NarrowOop [56]=Oop [72]=NarrowOop [76]=NarrowOop [80]=Oop [88]=Oop [96]=Oop [104]=Oop [112]=Oop [120]=Oop [128]=Oop [136]=Oop [168]=NarrowOop [192]=Oop }
                      ;*invokevirtual set {reexecute=0 rethrow=0 return_oop=0}
                      ; - sun.nio.fs.NativeBuffers::releaseNativeBuffer@27 (line 112)
                      ; - sun.nio.fs.NativeBuffer::release@1 (line 70)
                      ; - sun.nio.fs.NativeBuffer::close@1 (line 66)
                      ; - sun.nio.fs.WindowsFileAttributes::get@62 (line 306)
                      ; - sun.nio.fs.WindowsFileAttributeViews$Basic::readAttributes@15 (line 51)
                      ; - sun.nio.fs.WindowsFileAttributeViews$Basic::readAttributes@1 (line 38)
                      ; - sun.nio.fs.WindowsFileSystemProvider::readAttributes@57 (line 197)
                      ; - java.nio.file.Files::readAttributes@7 (line 1854)
                      ; - java.io.IoOverNioFileSystem::getNioPath@66 (line 166)
                      ; - java.io.FileInputStream::<init>@104 (line 178)
                      ; - jdk.internal.loader.URLClassPath$FileLoader$1::getInputStream@8 (line 1119)
                      ; - jdk.internal.loader.Resource::cachedInputStream@9 (line 77)
                      ; - jdk.internal.loader.Resource::getByteBuffer@1 (line 163)
                      ; - java.net.URLClassLoader::defineClass@132 (line 511)
                      ; - java.net.URLClassLoader$1::run@43 (line 427)
  0x000002a8259f5278: 049c 0eff 

  0x000002a8259f527c: ;   {other}
  0x000002a8259f527c: 0f1f 8400 | ec4e 0062 | e979 e9ff | ff4d 8b57 | 484d 8b5f | 58f0 8344 | 24c0 0080 | 3900 0f84 
  0x000002a8259f529c: 2beb ffff | 4488 214d | 85d2 752c | 498b f949 | 8bd8 498b | d7c5 f877 | 49ba 000d | a3b1 fe7f 
  0x000002a8259f52bc: 0000 41ff 

  0x000002a8259f52c0: ;   {other}
  0x000002a8259f52c0: d20f 1f84 | 0000 0000 | 004c 8bc3 | 4c8b cfe9 | f7ea ffff | 4b89 4c13 | f849 83c2 | f84d 8957 
  0x000002a8259f52e0: 48e9 e5ea | ffff 4d8b | 5748 4d8b | 5f58 f083 | 4424 c000 | 8039 000f | 841c ebff | ff44 8821 
  0x000002a8259f5300: 4d85 d275 | 2c49 8bf9 | 498b d849 | 8bd7 c5f8 | 7749 ba00 | 0da3 b1fe | 7f00 0041 

  0x000002a8259f531c: ;   {other}
  0x000002a8259f531c: ffd2 0f1f | 8400 0000 | 0000 4c8b | c34c 8bcf | e9e8 eaff | ff4b 894c | 13f8 4983 | c2f8 4d89 
  0x000002a8259f533c: 5748 e9d6 | eaff ff4d | 8b57 484d | 8b5f 58f0 | 8344 24c0 | 0080 3900 | 0f84 07eb | ffff 4488 
  0x000002a8259f535c: 214d 85d2 | 7526 498b | d849 8bd7 | c5f8 7749 | ba00 0da3 | b1fe 7f00 | 0041 ffd2 

  0x000002a8259f5378: ;   {other}
  0x000002a8259f5378: 0f1f 8400 | 0000 0000 | 4c8b c3e9 | d9ea ffff | 4b89 4c13 | f849 83c2 | f84d 8957 | 48e9 c7ea 
  0x000002a8259f5398: ffff 448b | 1b45 85db | 0f84 20e8 | ffff 4d8b | 5728 498b | cb48 c1e1 | 034d 85d2 | 0f84 2312 
  0x000002a8259f53b8: 0000 4d8b | 5f38 4b89 | 4c13 f849 | 83c2 f84d | 8957 28e9 | f6e7 ffff | 4d8b 5748 | 4d8b 5f58 
  0x000002a8259f53d8: f083 4424 | c000 8039 | 000f 841b | e8ff ff44 | 8821 4d85 | d275 2049 | 8bd7 c5f8 | 7749 ba00 
  0x000002a8259f53f8: 0da3 b1fe | 7f00 0041 

  0x000002a8259f5400: ;   {other}
  0x000002a8259f5400: ffd2 0f1f | 8400 0000 | 0000 e9f3 | e7ff ff4b | 894c 13f8 | 4983 c2f8 | 4d89 5748 | e9e1 e7ff 
  0x000002a8259f5420: ffba 45ff | ffff 488b | 6c24 5844 | 8b54 2430 | 4489 5424 | 284c 8b54 | 2438 4c89 | 5424 304c 
  0x000002a8259f5440: 8b54 2440 | 4c89 5424 | 3844 8b54 | 2448 4489 | 5424 404c | 8b54 2468 | 4c89 5424 | 584c 8954 
  0x000002a8259f5460: 2460 6690 

  0x000002a8259f5464: ;   {runtime_call UncommonTrapBlob}
  0x000002a8259f5464: c5f8 77e8 

  0x000002a8259f5468: ; ImmutableOopMap {rbp=Oop [40]=NarrowOop [48]=Oop [64]=NarrowOop [76]=NarrowOop [88]=Oop [96]=Oop [112]=Oop [168]=NarrowOop }
                      ;*ifeq {reexecute=1 rethrow=0 return_oop=0}
                      ; - (reexecute) java.io.IoOverNioFileSystem::acquireNioFs@46 (line 100)
                      ; - java.io.IoOverNioFileSystem::isInvalid@4 (line 472)
                      ; - java.io.File::isInvalid@13 (line 199)
                      ; - java.io.FileInputStream::<init>@66 (line 171)
                      ; - jdk.internal.loader.URLClassPath$FileLoader$1::getInputStream@8 (line 1119)
                      ; - jdk.internal.loader.Resource::cachedInputStream@9 (line 77)
                      ; - jdk.internal.loader.Resource::getByteBuffer@1 (line 163)
                      ; - java.net.URLClassLoader::defineClass@132 (line 511)
                      ; - java.net.URLClassLoader$1::run@43 (line 427)
  0x000002a8259f5468: 9426 0fff 

  0x000002a8259f546c: ;   {other}
  0x000002a8259f546c: 0f1f 8400 | dc50 0063 | bd01 0000 | 00eb 028b | e8ba 45ff | ffff 4c8b | 5424 584c | 8954 2420 
  0x000002a8259f548c: 4c8b 5424 | 684c 8954 | 2458 4c89 | 5424 6090 

  0x000002a8259f549c: ;   {runtime_call UncommonTrapBlob}
  0x000002a8259f549c: c5f8 77e8 

  0x000002a8259f54a0: ; ImmutableOopMap {[32]=Oop [48]=NarrowOop [56]=Oop [72]=NarrowOop [76]=NarrowOop [88]=Oop [96]=Oop [112]=Oop [168]=NarrowOop }
                      ;*ifeq {reexecute=1 rethrow=0 return_oop=0}
                      ; - (reexecute) java.io.IoOverNioFileSystem::isInvalid@33 (line 474)
                      ; - java.io.File::isInvalid@13 (line 199)
                      ; - java.io.FileInputStream::<init>@66 (line 171)
                      ; - jdk.internal.loader.URLClassPath$FileLoader$1::getInputStream@8 (line 1119)
                      ; - jdk.internal.loader.Resource::cachedInputStream@9 (line 77)
                      ; - jdk.internal.loader.Resource::getByteBuffer@1 (line 163)
                      ; - java.net.URLClassLoader::defineClass@132 (line 511)
                      ; - java.net.URLClassLoader$1::run@43 (line 427)
  0x000002a8259f54a0: 5c26 0fff 

  0x000002a8259f54a4: ;   {other}
  0x000002a8259f54a4: 0f1f 8400 | 1451 0064 | baf6 ffff | ff48 8b6c | 2458 448b | 5424 3044 | 8954 2428 | 4c8b 5424 
  0x000002a8259f54c4: 384c 8954 | 2430 4c8b | 5424 404c | 8954 2438 | 448b 5424 | 4844 8954 | 2440 4c8b | 5424 684c 
  0x000002a8259f54e4: 8954 2458 | 4c89 5424 | 6066 6690 

  0x000002a8259f54f0: ;   {runtime_call UncommonTrapBlob}
  0x000002a8259f54f0: c5f8 77e8 

  0x000002a8259f54f4: ; ImmutableOopMap {rbp=Oop [40]=NarrowOop [48]=Oop [64]=NarrowOop [76]=NarrowOop [88]=Oop [96]=Oop [112]=Oop [168]=NarrowOop }
                      ;*invokevirtual type {reexecute=0 rethrow=0 return_oop=0}
                      ; - sun.nio.fs.WindowsPath::parse@11 (line 96)
                      ; - sun.nio.fs.WindowsFileSystem::getPath@102 (line 231)
                      ; - java.io.IoOverNioFileSystem::isInvalid@47 (line 478)
                      ; - java.io.File::isInvalid@13 (line 199)
                      ; - java.io.FileInputStream::<init>@66 (line 171)
                      ; - jdk.internal.loader.URLClassPath$FileLoader$1::getInputStream@8 (line 1119)
                      ; - jdk.internal.loader.Resource::cachedInputStream@9 (line 77)
                      ; - jdk.internal.loader.Resource::getByteBuffer@1 (line 163)
                      ; - java.net.URLClassLoader::defineClass@132 (line 511)
                      ; - java.net.URLClassLoader$1::run@43 (line 427)
  0x000002a8259f54f4: 0826 0fff 

  0x000002a8259f54f8: ;   {other}
  0x000002a8259f54f8: 0f1f 8400 | 6851 0065 | bae4 ffff | ff4c 8b5c | 2458 4c89 | 5c24 2044 | 8994 248c | 0000 0090 
  0x000002a8259f5518: ;   {runtime_call UncommonTrapBlob}
  0x000002a8259f5518: c5f8 77e8 

  0x000002a8259f551c: ; ImmutableOopMap {rbp=NarrowOop [32]=Oop [48]=NarrowOop [56]=Oop [72]=NarrowOop [76]=NarrowOop [96]=Oop [104]=Oop [112]=Oop [120]=NarrowOop [140]=NarrowOop [168]=NarrowOop }
                      ;*aaload {reexecute=0 rethrow=0 return_oop=0}
                      ; - java.lang.ThreadLocal$ThreadLocalMap::getEntry@18 (line 500)
                      ; - java.lang.ThreadLocal::get@12 (line 187)
                      ; - java.lang.ThreadLocal::get@4 (line 172)
                      ; - com.jetbrains.internal.IoOverNio::isAllowedInThisThread@9 (line 68)
                      ; - java.io.IoOverNioFileSystem::acquireNioFs@16 (line 94)
                      ; - java.io.IoOverNioFileSystem::isInvalid@4 (line 472)
                      ; - java.io.File::isInvalid@13 (line 199)
                      ; - java.io.FileInputStream::<init>@66 (line 171)
                      ; - jdk.internal.loader.URLClassPath$FileLoader$1::getInputStream@8 (line 1119)
                      ; - jdk.internal.loader.Resource::cachedInputStream@9 (line 77)
                      ; - jdk.internal.loader.Resource::getByteBuffer@1 (line 163)
                      ; - java.net.URLClassLoader::defineClass@132 (line 511)
                      ; - java.net.URLClassLoader$1::run@43 (line 427)
  0x000002a8259f551c: e025 0fff 

  0x000002a8259f5520: ;   {other}
  0x000002a8259f5520: 0f1f 8400 | 9051 0066 | 458b 5210 | 4585 d20f | 8485 ddff | ff4d 8b5f | 2849 8bca | 48c1 e103 
  0x000002a8259f5540: 4d85 db0f | 841b 1300 | 004d 8b57 | 384b 894c | 1af8 4983 | c3f8 4d89 | 5f28 e95b | ddff ff4c 
  0x000002a8259f5560: 8bd3 458b | 5a1c 4585 | db0f 849a | ddff ff4d | 8b57 2849 | 8bcb 48c1 | e103 4d85 | d20f 8401 
  0x000002a8259f5580: 1300 004d | 8b5f 384b | 894c 13f8 | 4983 c2f8 | 4d89 5728 | e970 ddff | ff44 8b17 | 4585 d20f 
  0x000002a8259f55a0: 84d7 ddff | ff4d 8b5f | 2849 8bca | 48c1 e103 | 4d85 db0f | 84eb 1200 | 004d 8b57 | 384b 894c 
  0x000002a8259f55c0: 1af8 4983 | c3f8 4d89 | 5f28 e9ad | ddff ff4d | 8b57 484d | 8b5f 58f0 | 8344 24c0 | 0080 3900 
  0x000002a8259f55e0: 0f84 12dd | ffff 4488 | 214d 85d2 | 7520 498b | d7c5 f877 | 49ba 000d | a3b1 fe7f | 0000 41ff 
  0x000002a8259f5600: ;   {other}
  0x000002a8259f5600: d20f 1f84 | 0000 0000 | 00e9 eadc | ffff 4b89 | 4c13 f849 | 83c2 f84d | 8957 48e9 | d8dc ffff 
  0x000002a8259f5620: 4d8b 5748 | 4d8b 5f58 | f083 4424 | c000 8039 | 000f 840f | ddff ff44 | 8821 4d85 | d275 2049 
  0x000002a8259f5640: 8bd7 c5f8 | 7749 ba00 | 0da3 b1fe | 7f00 0041 

  0x000002a8259f5650: ;   {other}
  0x000002a8259f5650: ffd2 0f1f | 8400 0000 | 0000 e9e7 | dcff ff4b | 894c 13f8 | 4983 c2f8 | 4d89 5748 | e9d5 dcff 
  0x000002a8259f5670: ff4d 8b57 | 484d 8b5f | 58f0 8344 | 24c0 0080 | 3900 0f84 | 2add ffff | 4488 214d | 85d2 7520 
  0x000002a8259f5690: 498b d7c5 | f877 49ba | 000d a3b1 | fe7f 0000 

  0x000002a8259f56a0: ;   {other}
  0x000002a8259f56a0: 41ff d20f | 1f84 0000 | 0000 00e9 | 02dd ffff | 4b89 4c13 | f849 83c2 | f84d 8957 | 48e9 f0dc 
  0x000002a8259f56c0: ffff 498b | d7c5 f877 | 49ba 200d | a3b1 fe7f | 0000 41ff 

  0x000002a8259f56d4: ;   {other}
  0x000002a8259f56d4: d20f 1f84 | 0000 0000 | 00e9 8bd7 | ffff 498b | d7c5 f877 | 49ba 200d | a3b1 fe7f | 0000 41ff 
  0x000002a8259f56f4: ;   {other}
  0x000002a8259f56f4: d20f 1f84 | 0000 0000 | 00e9 dbc9 | ffff 498b | d849 8bd7 | c5f8 7749 | ba20 0da3 | b1fe 7f00 
  0x000002a8259f5714: 0041 ffd2 

  0x000002a8259f5718: ;   {other}
  0x000002a8259f5718: 0f1f 8400 | 0000 0000 | e9c1 d7ff | ff49 8bd7 | c5f8 7749 | ba20 0da3 | b1fe 7f00 | 0041 ffd2 
  0x000002a8259f5738: ;   {other}
  0x000002a8259f5738: 0f1f 8400 | 0000 0000 | e9d4 cdff | ffba 45ff | ffff 488b | 6c24 5844 | 8b54 2430 | 4489 5424 
  0x000002a8259f5758: 284c 8b54 | 2438 4c89 | 5424 304c | 8b54 2440 | 4c89 5424 | 3844 8b54 | 2448 4489 | 5424 404c 
  0x000002a8259f5778: 894c 2460 | 4489 5c24 | 4466 6690 

  0x000002a8259f5784: ;   {runtime_call UncommonTrapBlob}
  0x000002a8259f5784: c5f8 77e8 

  0x000002a8259f5788: ; ImmutableOopMap {rbp=Oop [40]=NarrowOop [48]=Oop [64]=NarrowOop [68]=NarrowOop [96]=Oop [104]=Oop [168]=NarrowOop }
                      ;*ifnonnull {reexecute=1 rethrow=0 return_oop=0}
                      ; - (reexecute) java.io.FileInputStream::<init>@54 (line 168)
                      ; - jdk.internal.loader.URLClassPath$FileLoader$1::getInputStream@8 (line 1119)
                      ; - jdk.internal.loader.Resource::cachedInputStream@9 (line 77)
                      ; - jdk.internal.loader.Resource::getByteBuffer@1 (line 163)
                      ; - java.net.URLClassLoader::defineClass@132 (line 511)
                      ; - java.net.URLClassLoader$1::run@43 (line 427)
  0x000002a8259f5788: 7423 0fff 

  0x000002a8259f578c: ;   {other}
  0x000002a8259f578c: 0f1f 8400 | fc53 0067 | ba45 ffff | ff4c 8b54 | 2458 4c89 | 5424 204c | 8b54 2468 | 4c89 5424 
  0x000002a8259f57ac: 584c 8954 | 2460 6690 

  0x000002a8259f57b4: ;   {runtime_call UncommonTrapBlob}
  0x000002a8259f57b4: c5f8 77e8 

  0x000002a8259f57b8: ; ImmutableOopMap {[32]=Oop [48]=NarrowOop [56]=Oop [72]=NarrowOop [76]=NarrowOop [88]=Oop [96]=Oop [112]=Oop [120]=NarrowOop [168]=NarrowOop }
                      ;*if_icmplt {reexecute=1 rethrow=0 return_oop=0}
                      ; - (reexecute) jdk.internal.misc.VM::isBooted@4 (line 110)
                      ; - java.io.IoOverNioFileSystem::acquireNioFs@0 (line 86)
                      ; - java.io.IoOverNioFileSystem::isInvalid@4 (line 472)
                      ; - java.io.File::isInvalid@13 (line 199)
                      ; - java.io.FileInputStream::<init>@66 (line 171)
                      ; - jdk.internal.loader.URLClassPath$FileLoader$1::getInputStream@8 (line 1119)
                      ; - jdk.internal.loader.Resource::cachedInputStream@9 (line 77)
                      ; - jdk.internal.loader.Resource::getByteBuffer@1 (line 163)
                      ; - java.net.URLClassLoader::defineClass@132 (line 511)
                      ; - java.net.URLClassLoader$1::run@43 (line 427)
  0x000002a8259f57b8: 4423 0fff 

  0x000002a8259f57bc: ;   {other}
  0x000002a8259f57bc: 0f1f 8400 | 2c54 0068 | 498b d7c5 | f877 49ba | 200d a3b1 | fe7f 0000 

  0x000002a8259f57d4: ;   {other}
  0x000002a8259f57d4: 41ff d20f | 1f84 0000 | 0000 00e9 | e4cc ffff | ba45 ffff | ff4c 8b54 | 2458 4c89 | 5424 204c 
  0x000002a8259f57f4: 8b54 2468 | 4c89 5424 | 584c 8954 | 2460 6690 

  0x000002a8259f5804: ;   {runtime_call UncommonTrapBlob}
  0x000002a8259f5804: c5f8 77e8 

  0x000002a8259f5808: ; ImmutableOopMap {[32]=Oop [48]=NarrowOop [56]=Oop [72]=NarrowOop [76]=NarrowOop [88]=Oop [96]=Oop [112]=Oop [120]=NarrowOop [168]=NarrowOop }
                      ;*if_icmplt {reexecute=1 rethrow=0 return_oop=0}
                      ; - (reexecute) jdk.internal.misc.VM::isModuleSystemInited@4 (line 91)
                      ; - java.nio.file.FileSystems::getDefault@0 (line 193)
                      ; - java.io.IoOverNioFileSystem::acquireNioFs@24 (line 98)
                      ; - java.io.IoOverNioFileSystem::isInvalid@4 (line 472)
                      ; - java.io.File::isInvalid@13 (line 199)
                      ; - java.io.FileInputStream::<init>@66 (line 171)
                      ; - jdk.internal.loader.URLClassPath$FileLoader$1::getInputStream@8 (line 1119)
                      ; - jdk.internal.loader.Resource::cachedInputStream@9 (line 77)
                      ; - jdk.internal.loader.Resource::getByteBuffer@1 (line 163)
                      ; - java.net.URLClassLoader::defineClass@132 (line 511)
                      ; - java.net.URLClassLoader$1::run@43 (line 427)
  0x000002a8259f5808: f422 0fff 

  0x000002a8259f580c: ;   {other}
  0x000002a8259f580c: 0f1f 8400 | 7c54 0069 | ba45 ffff | ff4c 8b54 | 2458 4c89 | 5424 204c | 8b54 2468 | 4c89 5424 
  0x000002a8259f582c: 584c 8954 | 2460 6690 

  0x000002a8259f5834: ;   {runtime_call UncommonTrapBlob}
  0x000002a8259f5834: c5f8 77e8 

  0x000002a8259f5838: ; ImmutableOopMap {[32]=Oop [48]=NarrowOop [56]=Oop [72]=NarrowOop [76]=NarrowOop [88]=Oop [96]=Oop [112]=Oop [168]=NarrowOop }
                      ;*if_icmpne {reexecute=1 rethrow=0 return_oop=0}
                      ; - (reexecute) java.lang.String::equals@33 (line 1850)
                      ; - java.util.Objects::equals@11 (line 64)
                      ; - java.io.IoOverNioFileSystem::acquireNioFs@43 (line 100)
                      ; - java.io.IoOverNioFileSystem::isInvalid@4 (line 472)
                      ; - java.io.File::isInvalid@13 (line 199)
                      ; - java.io.FileInputStream::<init>@66 (line 171)
                      ; - jdk.internal.loader.URLClassPath$FileLoader$1::getInputStream@8 (line 1119)
                      ; - jdk.internal.loader.Resource::cachedInputStream@9 (line 77)
                      ; - jdk.internal.loader.Resource::getByteBuffer@1 (line 163)
                      ; - java.net.URLClassLoader::defineClass@132 (line 511)
                      ; - java.net.URLClassLoader$1::run@43 (line 427)
  0x000002a8259f5838: c422 0fff 

  0x000002a8259f583c: ;   {other}
  0x000002a8259f583c: 0f1f 8400 | ac54 006a | ba45 ffff | ff4c 8b54 | 2458 4c89 | 5424 204c | 8b54 2468 | 4c89 5424 
  0x000002a8259f585c: 584c 8954 | 2460 6690 

  0x000002a8259f5864: ;   {runtime_call UncommonTrapBlob}
  0x000002a8259f5864: c5f8 77e8 

  0x000002a8259f5868: ; ImmutableOopMap {[32]=Oop [48]=NarrowOop [56]=Oop [72]=NarrowOop [76]=NarrowOop [88]=Oop [96]=Oop [112]=Oop [168]=NarrowOop }
                      ;*if_icmpne {reexecute=1 rethrow=0 return_oop=0}
                      ; - (reexecute) java.lang.String::equals@33 (line 1850)
                      ; - java.io.IoOverNioFileSystem::isInvalid@30 (line 474)
                      ; - java.io.File::isInvalid@13 (line 199)
                      ; - java.io.FileInputStream::<init>@66 (line 171)
                      ; - jdk.internal.loader.URLClassPath$FileLoader$1::getInputStream@8 (line 1119)
                      ; - jdk.internal.loader.Resource::cachedInputStream@9 (line 77)
                      ; - jdk.internal.loader.Resource::getByteBuffer@1 (line 163)
                      ; - java.net.URLClassLoader::defineClass@132 (line 511)
                      ; - java.net.URLClassLoader$1::run@43 (line 427)
  0x000002a8259f5868: 9422 0fff 

  0x000002a8259f586c: ;   {other}
  0x000002a8259f586c: 0f1f 8400 | dc54 006b | 448b 531c | 4585 d20f | 842e e9ff | ff4d 8b5f | 2849 8bca | 48c1 e103 
  0x000002a8259f588c: 4d85 db0f | 84df 1100 | 004d 8b57 | 384b 894c | 1af8 4983 | c3f8 4d89 | 5f28 e904 | e9ff ff48 
  0x000002a8259f58ac: 8b94 2408 | 0100 0090 

  0x000002a8259f58b4: ;   {optimized virtual_call}
  0x000002a8259f58b4: c5f8 77e8 

  0x000002a8259f58b8: ; ImmutableOopMap {[32]=Oop [40]=Oop [48]=NarrowOop [56]=Oop [72]=NarrowOop [76]=NarrowOop [80]=Oop [88]=Oop [96]=Oop [104]=Oop [112]=Oop [120]=Oop [128]=Oop [136]=Oop [168]=NarrowOop }
                      ;*invokevirtual close {reexecute=0 rethrow=0 return_oop=0}
                      ; - sun.nio.fs.WindowsFileAttributes::get@73 (line 306)
                      ; - sun.nio.fs.WindowsFileAttributeViews$Basic::readAttributes@15 (line 51)
                      ; - sun.nio.fs.WindowsFileAttributeViews$Basic::readAttributes@1 (line 38)
                      ; - sun.nio.fs.WindowsFileSystemProvider::readAttributes@57 (line 197)
                      ; - java.nio.file.Files::readAttributes@7 (line 1854)
                      ; - java.io.IoOverNioFileSystem::getNioPath@66 (line 166)
                      ; - java.io.FileInputStream::<init>@104 (line 178)
                      ; - jdk.internal.loader.URLClassPath$FileLoader$1::getInputStream@8 (line 1119)
                      ; - jdk.internal.loader.Resource::cachedInputStream@9 (line 77)
                      ; - jdk.internal.loader.Resource::getByteBuffer@1 (line 163)
                      ; - java.net.URLClassLoader::defineClass@132 (line 511)
                      ; - java.net.URLClassLoader$1::run@43 (line 427)
  0x000002a8259f58b8: c495 0eff 

  0x000002a8259f58bc: ;   {other}
  0x000002a8259f58bc: 0f1f 8400 | 2c55 006c | 488b 9424 | 8800 0000 | 4533 c090 

  0x000002a8259f58d0: ;   {optimized virtual_call}
  0x000002a8259f58d0: c5f8 77e8 

  0x000002a8259f58d4: ; ImmutableOopMap {[32]=Oop [40]=Oop [48]=NarrowOop [56]=Oop [72]=NarrowOop [76]=NarrowOop [80]=Oop [88]=Oop [96]=Oop [104]=Oop [112]=Oop [120]=Oop [128]=Oop [136]=Oop [168]=NarrowOop }
                      ;*invokevirtual openForReadAttributeAccess {reexecute=0 rethrow=0 return_oop=0}
                      ; - sun.nio.fs.WindowsFileAttributes::get@249 (line 337)
                      ; - sun.nio.fs.WindowsFileAttributeViews$Basic::readAttributes@15 (line 51)
                      ; - sun.nio.fs.WindowsFileAttributeViews$Basic::readAttributes@1 (line 38)
                      ; - sun.nio.fs.WindowsFileSystemProvider::readAttributes@57 (line 197)
                      ; - java.nio.file.Files::readAttributes@7 (line 1854)
                      ; - java.io.IoOverNioFileSystem::getNioPath@66 (line 166)
                      ; - java.io.FileInputStream::<init>@104 (line 178)
                      ; - jdk.internal.loader.URLClassPath$FileLoader$1::getInputStream@8 (line 1119)
                      ; - jdk.internal.loader.Resource::cachedInputStream@9 (line 77)
                      ; - jdk.internal.loader.Resource::getByteBuffer@1 (line 163)
                      ; - java.net.URLClassLoader::defineClass@132 (line 511)
                      ; - java.net.URLClassLoader$1::run@43 (line 427)
  0x000002a8259f58d4: a895 0eff 

  0x000002a8259f58d8: ;   {other}
  0x000002a8259f58d8: 0f1f 8400 | 4855 006d | 488b e848 | 8bd0 6690 

  0x000002a8259f58e8: ;   {static_call}
  0x000002a8259f58e8: c5f8 77e8 

  0x000002a8259f58ec: ; ImmutableOopMap {[32]=Oop [40]=Oop [48]=NarrowOop [56]=Oop [72]=NarrowOop [76]=NarrowOop [80]=Oop [88]=Oop [96]=Oop [104]=Oop [112]=Oop [120]=Oop [128]=Oop [136]=Oop [168]=NarrowOop }
                      ;*invokestatic readAttributes {reexecute=0 rethrow=0 return_oop=1}
                      ; - sun.nio.fs.WindowsFileAttributes::get@254 (line 339)
                      ; - sun.nio.fs.WindowsFileAttributeViews$Basic::readAttributes@15 (line 51)
                      ; - sun.nio.fs.WindowsFileAttributeViews$Basic::readAttributes@1 (line 38)
                      ; - sun.nio.fs.WindowsFileSystemProvider::readAttributes@57 (line 197)
                      ; - java.nio.file.Files::readAttributes@7 (line 1854)
                      ; - java.io.IoOverNioFileSystem::getNioPath@66 (line 166)
                      ; - java.io.FileInputStream::<init>@104 (line 178)
                      ; - jdk.internal.loader.URLClassPath$FileLoader$1::getInputStream@8 (line 1119)
                      ; - jdk.internal.loader.Resource::cachedInputStream@9 (line 77)
                      ; - jdk.internal.loader.Resource::getByteBuffer@1 (line 163)
                      ; - java.net.URLClassLoader::defineClass@132 (line 511)
                      ; - java.net.URLClassLoader$1::run@43 (line 427)
  0x000002a8259f58ec: 909f 0eff 

  0x000002a8259f58f0: ;   {other}
  0x000002a8259f58f0: 0f1f 8400 | 6055 006e | 4889 8424 | 9000 0000 | 488b d590 

  0x000002a8259f5904: ;   {static_call}
  0x000002a8259f5904: c5f8 77e8 

  0x000002a8259f5908: ; ImmutableOopMap {[32]=Oop [40]=Oop [48]=NarrowOop [56]=Oop [72]=NarrowOop [76]=NarrowOop [80]=Oop [88]=Oop [96]=Oop [104]=Oop [112]=Oop [120]=Oop [128]=Oop [136]=Oop [144]=Oop [168]=NarrowOop }
                      ;*invokestatic CloseHandle {reexecute=0 rethrow=0 return_oop=0}
                      ; - sun.nio.fs.WindowsFileAttributes::get@260 (line 341)
                      ; - sun.nio.fs.WindowsFileAttributeViews$Basic::readAttributes@15 (line 51)
                      ; - sun.nio.fs.WindowsFileAttributeViews$Basic::readAttributes@1 (line 38)
                      ; - sun.nio.fs.WindowsFileSystemProvider::readAttributes@57 (line 197)
                      ; - java.nio.file.Files::readAttributes@7 (line 1854)
                      ; - java.io.IoOverNioFileSystem::getNioPath@66 (line 166)
                      ; - java.io.FileInputStream::<init>@104 (line 178)
                      ; - jdk.internal.loader.URLClassPath$FileLoader$1::getInputStream@8 (line 1119)
                      ; - jdk.internal.loader.Resource::cachedInputStream@9 (line 77)
                      ; - jdk.internal.loader.Resource::getByteBuffer@1 (line 163)
                      ; - java.net.URLClassLoader::defineClass@132 (line 511)
                      ; - java.net.URLClassLoader$1::run@43 (line 427)
  0x000002a8259f5908: 749f 0eff 

  0x000002a8259f590c: ;   {other}
  0x000002a8259f590c: 0f1f 8400 | 7c55 006f | 4c8b 9424 | 9000 0000 | 4d85 d20f | 845b 1900 | 004c 8994 | 24c0 0000 
  0x000002a8259f592c: 00e9 d0e2 | ffff 488b | 9424 8800 | 0000 6690 

  0x000002a8259f593c: ;   {optimized virtual_call}
  0x000002a8259f593c: c5f8 77e8 

  0x000002a8259f5940: ; ImmutableOopMap {[32]=Oop [40]=Oop [48]=NarrowOop [56]=Oop [72]=NarrowOop [76]=NarrowOop [80]=Oop [88]=Oop [96]=Oop [104]=Oop [112]=Oop [120]=Oop [128]=Oop [136]=Oop [152]=NarrowOop [168]=NarrowOop [264]=Oop }
                      ;*invokevirtual getAbsolutePath {reexecute=0 rethrow=0 return_oop=1}
                      ; - sun.nio.fs.WindowsPath::getPathForWin32Calls@57 (line 203)
                      ; - sun.nio.fs.WindowsPath::getPathForWin32Calls@2 (line 180)
                      ; - sun.nio.fs.WindowsFileAttributes::get@21 (line 299)
                      ; - sun.nio.fs.WindowsFileAttributeViews$Basic::readAttributes@15 (line 51)
                      ; - sun.nio.fs.WindowsFileAttributeViews$Basic::readAttributes@1 (line 38)
                      ; - sun.nio.fs.WindowsFileSystemProvider::readAttributes@57 (line 197)
                      ; - java.nio.file.Files::readAttributes@7 (line 1854)
                      ; - java.io.IoOverNioFileSystem::getNioPath@66 (line 166)
                      ; - java.io.FileInputStream::<init>@104 (line 178)
                      ; - jdk.internal.loader.URLClassPath$FileLoader$1::getInputStream@8 (line 1119)
                      ; - jdk.internal.loader.Resource::cachedInputStream@9 (line 77)
                      ; - jdk.internal.loader.Resource::getByteBuffer@1 (line 163)
                      ; - java.net.URLClassLoader::defineClass@132 (line 511)
                      ; - java.net.URLClassLoader$1::run@43 (line 427)
  0x000002a8259f5940: 3c95 0eff 

  0x000002a8259f5944: ;   {other}
  0x000002a8259f5944: 0f1f 8400 | b455 0070 | 488b e848 | 85c0 0f84 | a823 0000 | 488b d090 

  0x000002a8259f595c: ;   {optimized virtual_call}
  0x000002a8259f595c: c5f8 77e8 

  0x000002a8259f5960: ; ImmutableOopMap {rbp=Oop [32]=Oop [40]=Oop [48]=NarrowOop [56]=Oop [72]=NarrowOop [76]=NarrowOop [80]=Oop [88]=Oop [96]=Oop [104]=Oop [112]=Oop [120]=Oop [128]=Oop [136]=Oop [152]=NarrowOop [168]=NarrowOop [264]=Oop }
                      ;*invokevirtual length {reexecute=0 rethrow=0 return_oop=0}
                      ; - sun.nio.fs.WindowsPath::getPathForWin32Calls@62 (line 210)
                      ; - sun.nio.fs.WindowsPath::getPathForWin32Calls@2 (line 180)
                      ; - sun.nio.fs.WindowsFileAttributes::get@21 (line 299)
                      ; - sun.nio.fs.WindowsFileAttributeViews$Basic::readAttributes@15 (line 51)
                      ; - sun.nio.fs.WindowsFileAttributeViews$Basic::readAttributes@1 (line 38)
                      ; - sun.nio.fs.WindowsFileSystemProvider::readAttributes@57 (line 197)
                      ; - java.nio.file.Files::readAttributes@7 (line 1854)
                      ; - java.io.IoOverNioFileSystem::getNioPath@66 (line 166)
                      ; - java.io.FileInputStream::<init>@104 (line 178)
                      ; - jdk.internal.loader.URLClassPath$FileLoader$1::getInputStream@8 (line 1119)
                      ; - jdk.internal.loader.Resource::cachedInputStream@9 (line 77)
                      ; - jdk.internal.loader.Resource::getByteBuffer@1 (line 163)
                      ; - java.net.URLClassLoader::defineClass@132 (line 511)
                      ; - java.net.URLClassLoader$1::run@43 (line 427)
  0x000002a8259f5960: 1c95 0eff 

  0x000002a8259f5964: ;   {other}
  0x000002a8259f5964: 0f1f 8400 | d455 0071 | 3df7 0000 | 007e 4c48 | 8bd5 6690 

  0x000002a8259f5978: ;   {optimized virtual_call}
  0x000002a8259f5978: c5f8 77e8 

  0x000002a8259f597c: ; ImmutableOopMap {rbp=Oop [32]=Oop [40]=Oop [48]=NarrowOop [56]=Oop [72]=NarrowOop [76]=NarrowOop [80]=Oop [88]=Oop [96]=Oop [104]=Oop [112]=Oop [120]=Oop [128]=Oop [136]=Oop [152]=NarrowOop [168]=NarrowOop [264]=Oop }
                      ;*invokevirtual length {reexecute=0 rethrow=0 return_oop=0}
                      ; - sun.nio.fs.WindowsPath::getPathForWin32Calls@76 (line 211)
                      ; - sun.nio.fs.WindowsPath::getPathForWin32Calls@2 (line 180)
                      ; - sun.nio.fs.WindowsFileAttributes::get@21 (line 299)
                      ; - sun.nio.fs.WindowsFileAttributeViews$Basic::readAttributes@15 (line 51)
                      ; - sun.nio.fs.WindowsFileAttributeViews$Basic::readAttributes@1 (line 38)
                      ; - sun.nio.fs.WindowsFileSystemProvider::readAttributes@57 (line 197)
                      ; - java.nio.file.Files::readAttributes@7 (line 1854)
                      ; - java.io.IoOverNioFileSystem::getNioPath@66 (line 166)
                      ; - java.io.FileInputStream::<init>@104 (line 178)
                      ; - jdk.internal.loader.URLClassPath$FileLoader$1::getInputStream@8 (line 1119)
                      ; - jdk.internal.loader.Resource::cachedInputStream@9 (line 77)
                      ; - jdk.internal.loader.Resource::getByteBuffer@1 (line 163)
                      ; - java.net.URLClassLoader::defineClass@132 (line 511)
                      ; - java.net.URLClassLoader$1::run@43 (line 427)
  0x000002a8259f597c: 0095 0eff 

  0x000002a8259f5980: ;   {other}
  0x000002a8259f5980: 0f1f 8400 | f055 0072 | 3d00 7d00 | 000f 8f2d | 2400 0048 | 8bd5 6690 

  0x000002a8259f5998: ;   {static_call}
  0x000002a8259f5998: c5f8 77e8 

  0x000002a8259f599c: ; ImmutableOopMap {[32]=Oop [40]=Oop [48]=NarrowOop [56]=Oop [72]=NarrowOop [76]=NarrowOop [80]=Oop [88]=Oop [96]=Oop [104]=Oop [112]=Oop [120]=Oop [128]=Oop [136]=Oop [152]=NarrowOop [168]=NarrowOop [264]=Oop }
                      ;*invokestatic GetFullPathName {reexecute=0 rethrow=0 return_oop=1}
                      ; - sun.nio.fs.WindowsPath::getPathForWin32Calls@96 (line 215)
                      ; - sun.nio.fs.WindowsPath::getPathForWin32Calls@2 (line 180)
                      ; - sun.nio.fs.WindowsFileAttributes::get@21 (line 299)
                      ; - sun.nio.fs.WindowsFileAttributeViews$Basic::readAttributes@15 (line 51)
                      ; - sun.nio.fs.WindowsFileAttributeViews$Basic::readAttributes@1 (line 38)
                      ; - sun.nio.fs.WindowsFileSystemProvider::readAttributes@57 (line 197)
                      ; - java.nio.file.Files::readAttributes@7 (line 1854)
                      ; - java.io.IoOverNioFileSystem::getNioPath@66 (line 166)
                      ; - java.io.FileInputStream::<init>@104 (line 178)
                      ; - jdk.internal.loader.URLClassPath$FileLoader$1::getInputStream@8 (line 1119)
                      ; - jdk.internal.loader.Resource::cachedInputStream@9 (line 77)
                      ; - jdk.internal.loader.Resource::getByteBuffer@1 (line 163)
                      ; - java.net.URLClassLoader::defineClass@132 (line 511)
                      ; - java.net.URLClassLoader$1::run@43 (line 427)
  0x000002a8259f599c: e09e 0eff 

  0x000002a8259f59a0: ;   {other}
  0x000002a8259f59a0: 0f1f 8400 | 1056 0073 | 488b d090 

  0x000002a8259f59ac: ;   {static_call}
  0x000002a8259f59ac: c5f8 77e8 

  0x000002a8259f59b0: ; ImmutableOopMap {[32]=Oop [40]=Oop [48]=NarrowOop [56]=Oop [72]=NarrowOop [76]=NarrowOop [80]=Oop [88]=Oop [96]=Oop [104]=Oop [112]=Oop [120]=Oop [128]=Oop [136]=Oop [152]=NarrowOop [168]=NarrowOop [264]=Oop }
                      ;*invokestatic addPrefix {reexecute=0 rethrow=0 return_oop=1}
                      ; - sun.nio.fs.WindowsPath::getPathForWin32Calls@99 (line 215)
                      ; - sun.nio.fs.WindowsPath::getPathForWin32Calls@2 (line 180)
                      ; - sun.nio.fs.WindowsFileAttributes::get@21 (line 299)
                      ; - sun.nio.fs.WindowsFileAttributeViews$Basic::readAttributes@15 (line 51)
                      ; - sun.nio.fs.WindowsFileAttributeViews$Basic::readAttributes@1 (line 38)
                      ; - sun.nio.fs.WindowsFileSystemProvider::readAttributes@57 (line 197)
                      ; - java.nio.file.Files::readAttributes@7 (line 1854)
                      ; - java.io.IoOverNioFileSystem::getNioPath@66 (line 166)
                      ; - java.io.FileInputStream::<init>@104 (line 178)
                      ; - jdk.internal.loader.URLClassPath$FileLoader$1::getInputStream@8 (line 1119)
                      ; - jdk.internal.loader.Resource::cachedInputStream@9 (line 77)
                      ; - jdk.internal.loader.Resource::getByteBuffer@1 (line 163)
                      ; - java.net.URLClassLoader::defineClass@132 (line 511)
                      ; - java.net.URLClassLoader$1::run@43 (line 427)
  0x000002a8259f59b0: cc9e 0eff 

  0x000002a8259f59b4: ;   {other}
  0x000002a8259f59b4: 0f1f 8400 | 2456 0074 | 488b e84c | 8b94 2488 | 0000 0045 

  0x000002a8259f59c8: ;   {oop(a 'sun/nio/fs/WindowsPathType'{0x000000070067abb8})}
  0x000002a8259f59c8: 8b5a 1441 | 81fb 77f5 | 0ce0 0f84 | 8a02 0000 | 4c8b 9c24 | 8800 0000 | 488d 9c24 | 2801 0000 
  0x000002a8259f59e8: 498b 03a8 | 020f 8523 | 0000 0048 | 83c8 0148 | 8903 f049 | 0fb1 1b0f | 8437 0000 | 0048 2bc4 
  0x000002a8259f5a08: 4825 07f0 | ffff 4889 | 03e9 2400 | 0000 4c8b | d048 33c0 | f04d 0fb1 | 7a3e 48c7 | 0303 0000 
  0x000002a8259f5a28: 0074 114c | 3bf8 7515 | 49ff 8286 | 0000 0048 | 33c0 7509 | 49ff 8750 | 0500 0033 | c00f 8529 
  0x000002a8259f5a48: 2300 0049 | 8b87 b801 | 0000 4c8b | d049 83c2 | 204d 3b97 | c801 0000 | 0f83 d211 | 0000 4d89 
  0x000002a8259f5a68: 97b8 0100 | 0041 0f18 | 8200 0100 | 0048 c700 | 0100 0000 | 4c8b d049 

  0x000002a8259f5a80: ;   {metadata('java/lang/ref/WeakReference')}
  0x000002a8259f5a80: 83c2 10c7 | 4008 a886 | 0400 4489 | 600c c5fd | efc0 62d1 | fe08 7f02 | 4c8b d04c | 8994 24a0 
  0x000002a8259f5aa0: 0000 0049 | 8bd2 6690 

  0x000002a8259f5aa8: ;   {optimized virtual_call}
  0x000002a8259f5aa8: c5f8 77e8 

  0x000002a8259f5aac: ; ImmutableOopMap {rbp=Oop [32]=Oop [40]=Oop [48]=NarrowOop [56]=Oop [72]=NarrowOop [76]=NarrowOop [80]=Oop [88]=Oop [96]=Oop [104]=Oop [112]=Oop [120]=Oop [128]=Oop [136]=Oop [152]=NarrowOop [160]=Oop [168]=NarrowOop [264]=Oop }
                      ;*invokespecial <init> {reexecute=0 rethrow=0 return_oop=0}
                      ; - java.lang.ref.Reference::<init>@1 (line 508)
                      ; - java.lang.ref.Reference::<init>@3 (line 505)
                      ; - java.lang.ref.WeakReference::<init>@2 (line 58)
                      ; - sun.nio.fs.WindowsPath::getPathForWin32Calls@127 (line 223)
                      ; - sun.nio.fs.WindowsPath::getPathForWin32Calls@2 (line 180)
                      ; - sun.nio.fs.WindowsFileAttributes::get@21 (line 299)
                      ; - sun.nio.fs.WindowsFileAttributeViews$Basic::readAttributes@15 (line 51)
                      ; - sun.nio.fs.WindowsFileAttributeViews$Basic::readAttributes@1 (line 38)
                      ; - sun.nio.fs.WindowsFileSystemProvider::readAttributes@57 (line 197)
                      ; - java.nio.file.Files::readAttributes@7 (line 1854)
                      ; - java.io.IoOverNioFileSystem::getNioPath@66 (line 166)
                      ; - java.io.FileInputStream::<init>@104 (line 178)
                      ; - jdk.internal.loader.URLClassPath$FileLoader$1::getInputStream@8 (line 1119)
                      ; - jdk.internal.loader.Resource::cachedInputStream@9 (line 77)
                      ; - jdk.internal.loader.Resource::getByteBuffer@1 (line 163)
                      ; - java.net.URLClassLoader::defineClass@132 (line 511)
                      ; - java.net.URLClassLoader$1::run@43 (line 427)
  0x000002a8259f5aac: d093 0eff 

  0x000002a8259f5ab0: ;   {other}
  0x000002a8259f5ab0: 0f1f 8400 | 2057 0075 | 4180 7f40 | 000f 857f | 0e00 004c | 8b94 24a0 | 0000 004c | 8bdd 49c1 
  0x000002a8259f5ad0: eb03 4c8b | 8424 a000 | 0000 4589 | 580c 498b | d848 c1eb | 034c 8bdd | 4d33 da49 | c1eb 154d 
  0x000002a8259f5af0: 85db 741f | 4885 ed74 | 1a49 c1ea | 0948 b900 | 008a 2aa8 | 0200 0049 | 03ca 8039 | 020f 8510 
  0x000002a8259f5b10: 0f00 0041 | 807f 4000 | 0f85 a60d | 0000 4c8b | 9424 a000 

  0x000002a8259f5b24: ;   {oop(a 'java/lang/ref/ReferenceQueue$Null'{0x0000000700647358})}
  0x000002a8259f5b24: 0000 41c7 | 4210 6b8e 

  0x000002a8259f5b2c: ;   {oop(a 'java/lang/ref/ReferenceQueue$Null'{0x0000000700647358})}
  0x000002a8259f5b2c: 0ce0 49ba | 5873 6400 | 0700 0000 | 4c8b 9c24 | a000 0000 | 4d33 d349 | c1ea 154d | 85d2 741a 
  0x000002a8259f5b4c: 49c1 eb09 | 48b9 0000 | 8a2a a802 | 0000 4903 | cb80 3902 | 0f85 6c0e | 0000 f083 | 4424 c000 
  0x000002a8259f5b6c: 4180 7f40 | 000f 858c | 0d00 004c | 8b94 2488 | 0000 0041 | 895a 204c | 8b94 24a0 | 0000 004c 
  0x000002a8259f5b8c: 8b9c 2488 | 0000 004d | 33d3 49c1 | ea15 4d85 | d274 1a49 | c1eb 0948 | b900 008a | 2aa8 0200 
  0x000002a8259f5bac: 0049 03cb | 8039 020f | 85c8 0d00 | 00f0 8344 | 24c0 004c | 8b9c 2488 | 0000 0048 | 8d84 2428 
  0x000002a8259f5bcc: 0100 0048 | 8338 000f | 8479 0000 | 004d 8b13 | 41f6 c202 | 0f84 6200 | 0000 4983 | ba86 0000 
  0x000002a8259f5bec: 0000 7409 | 49ff 8a86 | 0000 00eb | 4b49 8b82 | 9600 0000 | 490b 828e | 0000 0075 | 0a49 c742 
  0x000002a8259f5c0c: 3e00 0000 | 00eb 3d49 | 83ba 9e00 | 0000 0074 | 2248 33c0 | 49c7 423e | 0000 0000 | f083 0424 
  0x000002a8259f5c2c: ;   {no_reloc}
  0x000002a8259f5c2c: 0049 83ba | 9e00 0000 | 0075 0df0 | 4d0f b17a | 3e75 0583 | c801 eb0c | a800 eb08 | 4c8b 10f0 
  0x000002a8259f5c4c: 4d0f b113 | 750a 49ff | 8f50 0500 | 0045 33d2 | 0f85 3321 | 0000 488b | d5e9 6add 

  0x000002a8259f5c68: ;   {metadata('com/jetbrains/internal/IoOverNio$RecursionGuard')}
  0x000002a8259f5c68: ffff 48ba | c088 2d37 | a802 0000 

  0x000002a8259f5c74: ;   {oop([B{0x00000007006b2ae8})}
  0x000002a8259f5c74: 48bd e82a | 6b00 0700 | 0000 6690 

  0x000002a8259f5c80: ;   {runtime_call _new_instance_Java}
  0x000002a8259f5c80: c5f8 77e8 

  0x000002a8259f5c84: ; ImmutableOopMap {rbp=Oop [136]=Derived_oop_rbp [32]=Oop [40]=Oop [48]=NarrowOop [56]=Oop [72]=NarrowOop [76]=NarrowOop [80]=Oop [88]=Oop [96]=Oop [104]=Oop [112]=Oop [128]=Oop [168]=NarrowOop }
                      ;*new {reexecute=0 rethrow=0 return_oop=1}
                      ; - com.jetbrains.internal.IoOverNio$RecursionGuard::create@39 (line 209)
                      ; - java.io.FileInputStream::<init>@92 (line 176)
                      ; - jdk.internal.loader.URLClassPath$FileLoader$1::getInputStream@8 (line 1119)
                      ; - jdk.internal.loader.Resource::cachedInputStream@9 (line 77)
                      ; - jdk.internal.loader.Resource::getByteBuffer@1 (line 163)
                      ; - java.net.URLClassLoader::defineClass@132 (line 511)
                      ; - java.net.URLClassLoader$1::run@43 (line 427)
  0x000002a8259f5c84: f8d5 1bff 

  0x000002a8259f5c88: ;   {other}
  0x000002a8259f5c88: 0f1f 8400 | f858 0076 | e9f8 d2ff 

  0x000002a8259f5c94: ;   {metadata('sun/nio/fs/WindowsPath')}
  0x000002a8259f5c94: ff48 ba58 | f583 37a8 | 0200 0090 

  0x000002a8259f5ca0: ;   {runtime_call _new_instance_Java}
  0x000002a8259f5ca0: c5f8 77e8 

  0x000002a8259f5ca4: ; ImmutableOopMap {rbp=Oop [32]=Oop [40]=Oop [48]=NarrowOop [56]=Oop [72]=NarrowOop [76]=NarrowOop [80]=Oop [88]=Oop [96]=Oop [104]=Oop [112]=Oop [120]=Oop [128]=Oop [168]=NarrowOop }
                      ;*new {reexecute=0 rethrow=0 return_oop=1}
                      ; - sun.nio.fs.WindowsPath::parse@5 (line 96)
                      ; - sun.nio.fs.WindowsFileSystem::getPath@102 (line 231)
                      ; - java.io.IoOverNioFileSystem::getNioPath@22 (line 137)
                      ; - java.io.FileInputStream::<init>@104 (line 178)
                      ; - jdk.internal.loader.URLClassPath$FileLoader$1::getInputStream@8 (line 1119)
                      ; - jdk.internal.loader.Resource::cachedInputStream@9 (line 77)
                      ; - jdk.internal.loader.Resource::getByteBuffer@1 (line 163)
                      ; - java.net.URLClassLoader::defineClass@132 (line 511)
                      ; - java.net.URLClassLoader$1::run@43 (line 427)
  0x000002a8259f5ca4: d8d5 1bff 

  0x000002a8259f5ca8: ;   {other}
  0x000002a8259f5ca8: 0f1f 8400 | 1859 0077 | e9cf d9ff | ff44 898c | 2488 0000 | 0048 8bef 

  0x000002a8259f5cc0: ;   {metadata('java/util/ImmutableCollections$Set12')}
  0x000002a8259f5cc0: 48ba d0bd | 2737 a802 | 0000 6690 

  0x000002a8259f5ccc: ;   {runtime_call _new_instance_Java}
  0x000002a8259f5ccc: c5f8 77e8 

  0x000002a8259f5cd0: ; ImmutableOopMap {rbp=Oop [32]=Oop [40]=Oop [48]=NarrowOop [56]=Oop [72]=NarrowOop [76]=NarrowOop [80]=Oop [88]=Oop [96]=Oop [104]=Oop [112]=Oop [120]=Oop [128]=Oop [136]=NarrowOop [168]=NarrowOop }
                      ;*new {reexecute=0 rethrow=0 return_oop=1}
                      ; - java.util.Set::of@0 (line 470)
                      ; - java.io.FileInputStream::<init>@144 (line 182)
                      ; - jdk.internal.loader.URLClassPath$FileLoader$1::getInputStream@8 (line 1119)
                      ; - jdk.internal.loader.Resource::cachedInputStream@9 (line 77)
                      ; - jdk.internal.loader.Resource::getByteBuffer@1 (line 163)
                      ; - java.net.URLClassLoader::defineClass@132 (line 511)
                      ; - java.net.URLClassLoader$1::run@43 (line 427)
  0x000002a8259f5cd0: acd5 1bff 

  0x000002a8259f5cd4: ;   {other}
  0x000002a8259f5cd4: 0f1f 8400 | 4459 0078 | 488b 5c24 | 7048 8bfd | 448b 8c24 | 8800 0000 | e996 dfff 

  0x000002a8259f5cf0: ;   {metadata('sun/nio/fs/WindowsFileAttributes')}
  0x000002a8259f5cf0: ff48 ba78 | c983 37a8 | 0200 0090 

  0x000002a8259f5cfc: ;   {runtime_call _new_instance_Java}
  0x000002a8259f5cfc: c5f8 77e8 

  0x000002a8259f5d00: ; ImmutableOopMap {[32]=Oop [40]=Oop [48]=NarrowOop [56]=Oop [72]=NarrowOop [76]=NarrowOop [80]=Oop [88]=Oop [96]=Oop [104]=Oop [112]=Oop [120]=Oop [128]=Oop [136]=Oop [152]=NarrowOop [168]=NarrowOop [264]=Oop }
                      ;*new {reexecute=0 rethrow=0 return_oop=1}
                      ; - sun.nio.fs.WindowsFileAttributes::fromFileAttributeData@83 (line 218)
                      ; - sun.nio.fs.WindowsFileAttributes::get@52 (line 305)
                      ; - sun.nio.fs.WindowsFileAttributeViews$Basic::readAttributes@15 (line 51)
                      ; - sun.nio.fs.WindowsFileAttributeViews$Basic::readAttributes@1 (line 38)
                      ; - sun.nio.fs.WindowsFileSystemProvider::readAttributes@57 (line 197)
                      ; - java.nio.file.Files::readAttributes@7 (line 1854)
                      ; - java.io.IoOverNioFileSystem::getNioPath@66 (line 166)
                      ; - java.io.FileInputStream::<init>@104 (line 178)
                      ; - jdk.internal.loader.URLClassPath$FileLoader$1::getInputStream@8 (line 1119)
                      ; - jdk.internal.loader.Resource::cachedInputStream@9 (line 77)
                      ; - jdk.internal.loader.Resource::getByteBuffer@1 (line 163)
                      ; - java.net.URLClassLoader::defineClass@132 (line 511)
                      ; - java.net.URLClassLoader$1::run@43 (line 427)
  0x000002a8259f5d00: 7cd5 1bff 

  0x000002a8259f5d04: ;   {other}
  0x000002a8259f5d04: 0f1f 8400 | 7459 0079 | e987 ddff 

  0x000002a8259f5d10: ;   {metadata('java/lang/ThreadLocal$ThreadLocalMap$Entry')}
  0x000002a8259f5d10: ff48 baf8 | 5934 37a8 

  0x000002a8259f5d18: ;   {oop([B{0x00000007006b2ae8})}
  0x000002a8259f5d18: 0200 0048 | bde8 2a6b | 0007 0000 | 0066 6690 

  0x000002a8259f5d28: ;   {runtime_call _new_instance_Java}
  0x000002a8259f5d28: c5f8 77e8 

  0x000002a8259f5d2c: ; ImmutableOopMap {rbp=Oop [136]=Derived_oop_rbp [32]=Oop [40]=Oop [48]=NarrowOop [56]=Oop [72]=NarrowOop [76]=NarrowOop [80]=Oop [88]=Oop [96]=Oop [104]=Oop [112]=Oop [120]=Oop [128]=Oop [144]=NarrowOop [148]=NarrowOop [160]=Oop [168]=NarrowOop [172]=NarrowOop [224]=Oop }
                      ;*new {reexecute=0 rethrow=0 return_oop=1}
                      ; - java.lang.ThreadLocal$ThreadLocalMap::set@85 (line 563)
                      ; - java.lang.ThreadLocal::set@13 (line 265)
                      ; - java.lang.ThreadLocal::set@5 (line 251)
                      ; - com.jetbrains.internal.IoOverNio$RecursionGuard::create@62 (line 210)
                      ; - java.io.FileInputStream::<init>@92 (line 176)
                      ; - jdk.internal.loader.URLClassPath$FileLoader$1::getInputStream@8 (line 1119)
                      ; - jdk.internal.loader.Resource::cachedInputStream@9 (line 77)
                      ; - jdk.internal.loader.Resource::getByteBuffer@1 (line 163)
                      ; - java.net.URLClassLoader::defineClass@132 (line 511)
                      ; - java.net.URLClassLoader$1::run@43 (line 427)
  0x000002a8259f5d2c: 50d5 1bff 

  0x000002a8259f5d30: ;   {other}
  0x000002a8259f5d30: 0f1f 8400 | a059 007a | 4c8b d0e9 | 64d5 ffff | bae4 ffff | ff48 8b6c | 2458 4c8b | 5424 3844 
  0x000002a8259f5d50: 8b5c 2430 | 4489 5c24 | 284c 8954 | 2430 4c8b | 5424 404c | 8954 2438 | 448b 5424 | 4844 8954 
  0x000002a8259f5d70: 2440 4c8b | 5424 684c | 8954 2458 | 4c89 5424 | 6044 8b5c | 244c 4489 | 5c24 4444 | 8b9c 2490 
  0x000002a8259f5d90: 0000 0044 | 899c 2480 | 0000 0044 | 8b9c 2494 | 0000 0044 | 899c 2490 | 0000 0044 | 8984 2494 
  0x000002a8259f5db0: 0000 0090 

  0x000002a8259f5db4: ;   {runtime_call UncommonTrapBlob}
  0x000002a8259f5db4: c5f8 77e8 

  0x000002a8259f5db8: ; ImmutableOopMap {rbp=Oop [40]=NarrowOop [48]=Oop [64]=NarrowOop [68]=NarrowOop [88]=Oop [96]=Oop [112]=Oop [120]=Oop [128]=NarrowOop [144]=NarrowOop [168]=NarrowOop }
                      ;*aaload {reexecute=0 rethrow=0 return_oop=0}
                      ; - java.lang.ThreadLocal$ThreadLocalMap::set@76 (line 551)
                      ; - java.lang.ThreadLocal::set@13 (line 265)
                      ; - java.lang.ThreadLocal::set@5 (line 251)
                      ; - com.jetbrains.internal.IoOverNio$RecursionGuard::create@62 (line 210)
                      ; - java.io.FileInputStream::<init>@92 (line 176)
                      ; - jdk.internal.loader.URLClassPath$FileLoader$1::getInputStream@8 (line 1119)
                      ; - jdk.internal.loader.Resource::cachedInputStream@9 (line 77)
                      ; - jdk.internal.loader.Resource::getByteBuffer@1 (line 163)
                      ; - java.net.URLClassLoader::defineClass@132 (line 511)
                      ; - java.net.URLClassLoader$1::run@43 (line 427)
  0x000002a8259f5db8: 441d 0fff 

  0x000002a8259f5dbc: ;   {other}
  0x000002a8259f5dbc: 0f1f 8400 | 2c5a 007b | bade ffff | ff4c 8b54 | 2458 4c89 | 5424 204c | 8b54 2468 | 4c89 5424 
  0x000002a8259f5ddc: 584c 8954 | 2460 6690 

  0x000002a8259f5de4: ;   {runtime_call UncommonTrapBlob}
  0x000002a8259f5de4: c5f8 77e8 

  0x000002a8259f5de8: ; ImmutableOopMap {rbp=NarrowOop [32]=Oop [48]=NarrowOop [56]=Oop [72]=NarrowOop [76]=NarrowOop [88]=Oop [96]=Oop [112]=Oop [168]=NarrowOop }
                      ;*invokevirtual isInvalid {reexecute=0 rethrow=0 return_oop=0}
                      ; - java.io.IoOverNioFileSystem::isInvalid@61 (line 484)
                      ; - java.io.File::isInvalid@13 (line 199)
                      ; - java.io.FileInputStream::<init>@66 (line 171)
                      ; - jdk.internal.loader.URLClassPath$FileLoader$1::getInputStream@8 (line 1119)
                      ; - jdk.internal.loader.Resource::cachedInputStream@9 (line 77)
                      ; - jdk.internal.loader.Resource::getByteBuffer@1 (line 163)
                      ; - java.net.URLClassLoader::defineClass@132 (line 511)
                      ; - java.net.URLClassLoader$1::run@43 (line 427)
  0x000002a8259f5de8: 141d 0fff 

  0x000002a8259f5dec: ;   {other}
  0x000002a8259f5dec: 0f1f 8400 | 5c5a 007c | 85ed 0f84 | beee ffff | 4d8b 5728 | 488b cd48 | c1e1 034d | 85d2 0f84 
  0x000002a8259f5e0c: 5c0f 0000 | 4d8b 5f38 | 4b89 4c13 | f849 83c2 | f84d 8957 | 28e9 94ee | ffff 33ed | 4585 db40 
  0x000002a8259f5e2c: 0f94 c5ba | 45ff ffff | 4c8b 5424 | 584c 8954 | 2420 4c8b | 5424 684c | 8954 2458 | 4c89 5424 
  0x000002a8259f5e4c: 6066 6690 

  0x000002a8259f5e50: ;   {runtime_call UncommonTrapBlob}
  0x000002a8259f5e50: c5f8 77e8 

  0x000002a8259f5e54: ; ImmutableOopMap {[32]=Oop [48]=NarrowOop [56]=Oop [72]=NarrowOop [76]=NarrowOop [88]=Oop [96]=Oop [112]=Oop [120]=Oop [144]=NarrowOop [168]=NarrowOop }
                      ;*ifeq {reexecute=1 rethrow=0 return_oop=0}
                      ; - (reexecute) java.lang.ThreadLocal$ThreadLocalMap::set@53 (line 557)
                      ; - java.lang.ThreadLocal::set@13 (line 265)
                      ; - java.lang.ThreadLocal::set@5 (line 251)
                      ; - com.jetbrains.internal.IoOverNio$RecursionGuard::create@62 (line 210)
                      ; - java.io.FileInputStream::<init>@92 (line 176)
                      ; - jdk.internal.loader.URLClassPath$FileLoader$1::getInputStream@8 (line 1119)
                      ; - jdk.internal.loader.Resource::cachedInputStream@9 (line 77)
                      ; - jdk.internal.loader.Resource::getByteBuffer@1 (line 163)
                      ; - java.net.URLClassLoader::defineClass@132 (line 511)
                      ; - java.net.URLClassLoader$1::run@43 (line 427)
  0x000002a8259f5e54: a81c 0fff 

  0x000002a8259f5e58: ;   {other}
  0x000002a8259f5e58: 0f1f 8400 | c85a 007d | ba45 ffff | ff48 8b6c | 2458 448b | 5c24 3044 | 895c 2428 | 4c8b 5c24 
  0x000002a8259f5e78: 384c 895c | 2430 4c8b | 5c24 404c | 895c 2438 | 448b 5c24 | 4844 895c | 2440 4c8b | 5c24 684c 
  0x000002a8259f5e98: 895c 2458 | 4c89 5c24 | 6044 8b44 | 244c 4489 | 4424 444c | 8b5c 2478 | 4c89 5c24 | 4866 6690 
  0x000002a8259f5eb8: ;   {runtime_call UncommonTrapBlob}
  0x000002a8259f5eb8: c5f8 77e8 

  0x000002a8259f5ebc: ; ImmutableOopMap {rbp=Oop [40]=NarrowOop [48]=Oop [64]=NarrowOop [68]=NarrowOop [72]=Oop [88]=Oop [96]=Oop [112]=Oop [144]=NarrowOop [168]=NarrowOop }
                      ;*ifeq {reexecute=1 rethrow=0 return_oop=0}
                      ; - (reexecute) java.io.IoOverNioFileSystem::acquireNioFs@46 (line 100)
                      ; - java.io.IoOverNioFileSystem::getNioPath@6 (line 130)
                      ; - java.io.FileInputStream::<init>@104 (line 178)
                      ; - jdk.internal.loader.URLClassPath$FileLoader$1::getInputStream@8 (line 1119)
                      ; - jdk.internal.loader.Resource::cachedInputStream@9 (line 77)
                      ; - jdk.internal.loader.Resource::getByteBuffer@1 (line 163)
                      ; - java.net.URLClassLoader::defineClass@132 (line 511)
                      ; - java.net.URLClassLoader$1::run@43 (line 427)
  0x000002a8259f5ebc: 401c 0fff 

  0x000002a8259f5ec0: ;   {other}
  0x000002a8259f5ec0: 0f1f 8400 | 305b 007e | bae4 ffff | ff4c 8b5c | 2458 4c89 | 5c24 2044 | 8994 2490 | 0000 0044 
  0x000002a8259f5ee0: 898c 2498 | 0000 0090 

  0x000002a8259f5ee8: ;   {runtime_call UncommonTrapBlob}
  0x000002a8259f5ee8: c5f8 77e8 

  0x000002a8259f5eec: ; ImmutableOopMap {rbp=NarrowOop [32]=Oop [48]=NarrowOop [56]=Oop [72]=NarrowOop [76]=NarrowOop [96]=Oop [104]=Oop [112]=Oop [120]=Oop [144]=NarrowOop [168]=NarrowOop }
                      ;*aaload {reexecute=0 rethrow=0 return_oop=0}
                      ; - java.lang.ThreadLocal$ThreadLocalMap::getEntry@18 (line 500)
                      ; - java.lang.ThreadLocal::get@12 (line 187)
                      ; - java.lang.ThreadLocal::get@4 (line 172)
                      ; - com.jetbrains.internal.IoOverNio$RecursionGuard::create@46 (line 209)
                      ; - java.io.FileInputStream::<init>@92 (line 176)
                      ; - jdk.internal.loader.URLClassPath$FileLoader$1::getInputStream@8 (line 1119)
                      ; - jdk.internal.loader.Resource::cachedInputStream@9 (line 77)
                      ; - jdk.internal.loader.Resource::getByteBuffer@1 (line 163)
                      ; - java.net.URLClassLoader::defineClass@132 (line 511)
                      ; - java.net.URLClassLoader$1::run@43 (line 427)
  0x000002a8259f5eec: 101c 0fff 

  0x000002a8259f5ef0: ;   {other}
  0x000002a8259f5ef0: 0f1f 8400 | 605b 007f | bae4 ffff | ff4c 8b54 | 2458 4c89 | 5424 2044 | 8b84 2490 | 0000 0044 
  0x000002a8259f5f10: 8984 248c | 0000 0044 | 899c 2490 | 0000 0090 

  0x000002a8259f5f20: ;   {runtime_call UncommonTrapBlob}
  0x000002a8259f5f20: c5f8 77e8 

  0x000002a8259f5f24: ; ImmutableOopMap {rbp=NarrowOop [32]=Oop [48]=NarrowOop [56]=Oop [72]=NarrowOop [76]=NarrowOop [96]=Oop [104]=Oop [112]=Oop [120]=Oop [140]=NarrowOop [144]=NarrowOop [168]=NarrowOop }
                      ;*aaload {reexecute=0 rethrow=0 return_oop=0}
                      ; - java.lang.ThreadLocal$ThreadLocalMap::getEntry@18 (line 500)
                      ; - java.lang.ThreadLocal::get@12 (line 187)
                      ; - java.lang.ThreadLocal::get@4 (line 172)
                      ; - com.jetbrains.internal.IoOverNio::isAllowedInThisThread@9 (line 68)
                      ; - java.io.IoOverNioFileSystem::acquireNioFs@16 (line 94)
                      ; - java.io.IoOverNioFileSystem::getNioPath@6 (line 130)
                      ; - java.io.FileInputStream::<init>@104 (line 178)
                      ; - jdk.internal.loader.URLClassPath$FileLoader$1::getInputStream@8 (line 1119)
                      ; - jdk.internal.loader.Resource::cachedInputStream@9 (line 77)
                      ; - jdk.internal.loader.Resource::getByteBuffer@1 (line 163)
                      ; - java.net.URLClassLoader::defineClass@132 (line 511)
                      ; - java.net.URLClassLoader$1::run@43 (line 427)
  0x000002a8259f5f24: d81b 0fff 

  0x000002a8259f5f28: ;   {other}
  0x000002a8259f5f28: 0f1f 8400 | 985b 0080 | ba45 ffff | ff48 8b6c | 2458 448b | 5424 3044 | 8954 2428 | 4c8b 5424 
  0x000002a8259f5f48: 384c 8954 | 2430 4c8b | 5424 404c | 8954 2438 | 448b 5424 | 4844 8954 | 2440 4c8b | 5424 684c 
  0x000002a8259f5f68: 8954 2458 | 4c89 5424 | 6044 8b54 | 244c 4489 | 5424 4490 

  0x000002a8259f5f7c: ;   {runtime_call UncommonTrapBlob}
  0x000002a8259f5f7c: c5f8 77e8 

  0x000002a8259f5f80: ; ImmutableOopMap {rbp=Oop [40]=NarrowOop [48]=Oop [64]=NarrowOop [68]=NarrowOop [88]=Oop [96]=Oop [112]=Oop [120]=Oop [168]=NarrowOop }
                      ;*ifnonnull {reexecute=1 rethrow=0 return_oop=0}
                      ; - (reexecute) java.io.IoOverNioFileSystem::getNioPath@11 (line 131)
                      ; - java.io.FileInputStream::<init>@104 (line 178)
                      ; - jdk.internal.loader.URLClassPath$FileLoader$1::getInputStream@8 (line 1119)
                      ; - jdk.internal.loader.Resource::cachedInputStream@9 (line 77)
                      ; - jdk.internal.loader.Resource::getByteBuffer@1 (line 163)
                      ; - java.net.URLClassLoader::defineClass@132 (line 511)
                      ; - java.net.URLClassLoader$1::run@43 (line 427)
  0x000002a8259f5f80: 7c1b 0fff 

  0x000002a8259f5f84: ;   {other}
  0x000002a8259f5f84: 0f1f 8400 | f45b 0081 | bade ffff | ff48 8b6c | 2458 4c8b | 5c24 3844 | 8b44 2430 | 4489 4424 
  0x000002a8259f5fa4: 284c 895c | 2430 4c8b | 5c24 404c | 895c 2438 | 448b 5c24 | 4844 895c | 2440 4c8b | 5c24 684c 
  0x000002a8259f5fc4: 895c 2458 | 4c89 5c24 | 6044 8b44 | 244c 4489 | 4424 444c | 8954 2448 

  0x000002a8259f5fdc: ;   {runtime_call UncommonTrapBlob}
  0x000002a8259f5fdc: c5f8 77e8 

  0x000002a8259f5fe0: ; ImmutableOopMap {rbp=Oop [40]=NarrowOop [48]=Oop [64]=NarrowOop [68]=NarrowOop [72]=Oop [88]=Oop [96]=Oop [112]=Oop [168]=NarrowOop }
                      ;*checkcast {reexecute=0 rethrow=0 return_oop=0}
                      ; - com.jetbrains.internal.IoOverNio$RecursionGuard::create@49 (line 209)
                      ; - java.io.FileInputStream::<init>@92 (line 176)
                      ; - jdk.internal.loader.URLClassPath$FileLoader$1::getInputStream@8 (line 1119)
                      ; - jdk.internal.loader.Resource::cachedInputStream@9 (line 77)
                      ; - jdk.internal.loader.Resource::getByteBuffer@1 (line 163)
                      ; - java.net.URLClassLoader::defineClass@132 (line 511)
                      ; - java.net.URLClassLoader$1::run@43 (line 427)
  0x000002a8259f5fe0: 1c1b 0fff 

  0x000002a8259f5fe4: ;   {other}
  0x000002a8259f5fe4: 0f1f 8400 | 545c 0082 | bae4 ffff | ff48 8b6c | 2458 448b | 5424 3044 | 8954 2428 | 4c8b 5424 
  0x000002a8259f6004: 384c 8954 | 2430 4c8b | 5424 404c | 8954 2438 | 448b 5424 | 4844 8954 | 2440 4c8b | 5424 684c 
  0x000002a8259f6024: 8954 2458 | 4c89 5424 | 6044 8b5c | 244c 4489 | 5c24 4444 | 8b94 2490 | 0000 0044 | 8994 2480 
  0x000002a8259f6044: 0000 0044 | 8b94 2494 | 0000 0044 | 8994 2484 | 0000 0044 | 8b94 249c | 0000 0044 | 8994 248c 
  0x000002a8259f6064: 0000 0090 

  0x000002a8259f6068: ;   {runtime_call UncommonTrapBlob}
  0x000002a8259f6068: c5f8 77e8 

  0x000002a8259f606c: ; ImmutableOopMap {rbp=Oop [40]=NarrowOop [48]=Oop [64]=NarrowOop [68]=NarrowOop [88]=Oop [96]=Oop [112]=Oop [120]=Oop [128]=NarrowOop [132]=NarrowOop [168]=NarrowOop }
                      ;*aaload {reexecute=0 rethrow=0 return_oop=0}
                      ; - java.lang.ThreadLocal$ThreadLocalMap::set@23 (line 549)
                      ; - java.lang.ThreadLocal::set@13 (line 265)
                      ; - java.lang.ThreadLocal::set@5 (line 251)
                      ; - com.jetbrains.internal.IoOverNio$RecursionGuard::create@62 (line 210)
                      ; - java.io.FileInputStream::<init>@92 (line 176)
                      ; - jdk.internal.loader.URLClassPath$FileLoader$1::getInputStream@8 (line 1119)
                      ; - jdk.internal.loader.Resource::cachedInputStream@9 (line 77)
                      ; - jdk.internal.loader.Resource::getByteBuffer@1 (line 163)
                      ; - java.net.URLClassLoader::defineClass@132 (line 511)
                      ; - java.net.URLClassLoader$1::run@43 (line 427)
  0x000002a8259f606c: 901a 0fff 

  0x000002a8259f6070: ;   {other}
  0x000002a8259f6070: 0f1f 8400 | e05c 0083 | baf6 ffff | ff48 8b6c | 2458 4c8b | 5c24 3844 | 8b44 2430 | 4489 4424 
  0x000002a8259f6090: 284c 895c | 2430 4c8b | 5c24 404c | 895c 2438 | 448b 5c24 | 4844 895c | 2440 4c8b | 5c24 684c 
  0x000002a8259f60b0: 895c 2458 | 4c89 5c24 | 6044 8b44 | 244c 4489 | 4424 444c | 8b5c 2478 | 4c89 5c24 | 484c 8954 
  0x000002a8259f60d0: 2478 6690 

  0x000002a8259f60d4: ;   {runtime_call UncommonTrapBlob}
  0x000002a8259f60d4: c5f8 77e8 

  0x000002a8259f60d8: ; ImmutableOopMap {rbp=Oop [40]=NarrowOop [48]=Oop [64]=NarrowOop [68]=NarrowOop [72]=Oop [88]=Oop [96]=Oop [112]=Oop [120]=Oop [168]=NarrowOop }
                      ;*invokevirtual provider {reexecute=0 rethrow=0 return_oop=0}
                      ; - java.nio.file.Files::provider@6 (line 105)
                      ; - java.nio.file.Files::readAttributes@1 (line 1854)
                      ; - java.io.IoOverNioFileSystem::getNioPath@66 (line 166)
                      ; - java.io.FileInputStream::<init>@104 (line 178)
                      ; - jdk.internal.loader.URLClassPath$FileLoader$1::getInputStream@8 (line 1119)
                      ; - jdk.internal.loader.Resource::cachedInputStream@9 (line 77)
                      ; - jdk.internal.loader.Resource::getByteBuffer@1 (line 163)
                      ; - java.net.URLClassLoader::defineClass@132 (line 511)
                      ; - java.net.URLClassLoader$1::run@43 (line 427)
  0x000002a8259f60d8: 241a 0fff 

  0x000002a8259f60dc: ;   {other}
  0x000002a8259f60dc: 0f1f 8400 | 4c5d 0084 | baf6 ffff | ff48 8b6c | 2458 4c8b | 5c24 3844 | 8b44 2430 | 4489 4424 
  0x000002a8259f60fc: 284c 895c | 2430 4c8b | 5c24 404c | 895c 2438 | 448b 4424 | 4844 8944 | 2440 4c8b | 5c24 684c 
  0x000002a8259f611c: 895c 2458 | 4c89 5c24 | 6044 8b5c | 244c 4489 | 5c24 444c | 8b5c 2478 | 4c89 5c24 | 484c 8994 
  0x000002a8259f613c: 2480 0000 | 0066 6690 

  0x000002a8259f6144: ;   {runtime_call UncommonTrapBlob}
  0x000002a8259f6144: c5f8 77e8 

  0x000002a8259f6148: ; ImmutableOopMap {rbp=Oop [40]=NarrowOop [48]=Oop [64]=NarrowOop [68]=NarrowOop [72]=Oop [88]=Oop [96]=Oop [112]=Oop [128]=Oop [168]=NarrowOop }
                      ;*invokevirtual readAttributes {reexecute=0 rethrow=0 return_oop=0}
                      ; - java.nio.file.Files::readAttributes@7 (line 1854)
                      ; - java.io.IoOverNioFileSystem::getNioPath@66 (line 166)
                      ; - java.io.FileInputStream::<init>@104 (line 178)
                      ; - jdk.internal.loader.URLClassPath$FileLoader$1::getInputStream@8 (line 1119)
                      ; - jdk.internal.loader.Resource::cachedInputStream@9 (line 77)
                      ; - jdk.internal.loader.Resource::getByteBuffer@1 (line 163)
                      ; - java.net.URLClassLoader::defineClass@132 (line 511)
                      ; - java.net.URLClassLoader$1::run@43 (line 427)
  0x000002a8259f6148: b419 0fff 

  0x000002a8259f614c: ;   {other}
  0x000002a8259f614c: 0f1f 8400 | bc5d 0085 | ba45 ffff | ff48 8b6c | 2458 4c8b | 5424 3844 | 8b5c 2430 | 4489 5c24 
  0x000002a8259f616c: 284c 8954 | 2430 4c8b | 5424 404c | 8954 2438 | 448b 5c24 | 4844 895c | 2440 4c8b | 5424 684c 
  0x000002a8259f618c: 8954 2458 | 4c89 5424 | 6044 8b54 | 244c 4489 | 5424 444c | 8b54 2478 | 4c89 5424 | 484c 8984 
  0x000002a8259f61ac: 2480 0000 | 0066 6690 

  0x000002a8259f61b4: ;   {runtime_call UncommonTrapBlob}
  0x000002a8259f61b4: c5f8 77e8 

  0x000002a8259f61b8: ; ImmutableOopMap {rbp=Oop [40]=NarrowOop [48]=Oop [64]=NarrowOop [68]=NarrowOop [72]=Oop [88]=Oop [96]=Oop [112]=Oop [128]=Oop [168]=NarrowOop }
                      ;*ifeq {reexecute=1 rethrow=0 return_oop=0}
                      ; - (reexecute) sun.nio.fs.WindowsPath::getRoot@7 (line 362)
                      ; - sun.nio.fs.WindowsPath::getRoot@1 (line 42)
                      ; - java.io.IoOverNioFileSystem::isWindowsPipe@10 (line 187)
                      ; - java.io.IoOverNioFileSystem::getNioPath@43 (line 146)
                      ; - java.io.FileInputStream::<init>@104 (line 178)
                      ; - jdk.internal.loader.URLClassPath$FileLoader$1::getInputStream@8 (line 1119)
                      ; - jdk.internal.loader.Resource::cachedInputStream@9 (line 77)
                      ; - jdk.internal.loader.Resource::getByteBuffer@1 (line 163)
                      ; - java.net.URLClassLoader::defineClass@132 (line 511)
                      ; - java.net.URLClassLoader$1::run@43 (line 427)
  0x000002a8259f61b8: 4419 0fff 

  0x000002a8259f61bc: ;   {other}
  0x000002a8259f61bc: 0f1f 8400 | 2c5e 0086 | 4533 d2eb | 0641 ba01 | 0000 00ba | e4ff ffff | 488b 6c24 | 5844 8b5c 
  0x000002a8259f61dc: 2430 4489 | 5c24 284c | 8b5c 2438 | 4c89 5c24 | 304c 8b5c | 2440 4c89 | 5c24 3844 | 8b5c 2448 
  0x000002a8259f61fc: 4489 5c24 | 404c 8b5c | 2468 4c89 | 5c24 584c | 895c 2460 | 448b 4424 | 4c44 8944 | 2444 4c8b 
  0x000002a8259f621c: 5c24 784c | 895c 2448 | 4c8b 9c24 | 8800 0000 | 4c89 9c24 | 8000 0000 | 4889 9c24 | a000 0000 
  0x000002a8259f623c: 4489 9424 | 9c00 0000 

  0x000002a8259f6244: ;   {runtime_call UncommonTrapBlob}
  0x000002a8259f6244: c5f8 77e8 

  0x000002a8259f6248: ; ImmutableOopMap {rbp=Oop [40]=NarrowOop [48]=Oop [64]=NarrowOop [68]=NarrowOop [72]=Oop [88]=Oop [96]=Oop [112]=Oop [128]=Oop [136]=Oop [160]=Oop [168]=NarrowOop }
                      ;*aaload {reexecute=0 rethrow=0 return_oop=0}
                      ; - sun.nio.fs.NativeBuffers::getNativeBufferFromCache@23 (line 77)
                      ; - sun.nio.fs.NativeBuffers::getNativeBuffer@1 (line 93)
                      ; - sun.nio.fs.WindowsFileAttributes::get@10 (line 297)
                      ; - sun.nio.fs.WindowsFileAttributeViews$Basic::readAttributes@15 (line 51)
                      ; - sun.nio.fs.WindowsFileAttributeViews$Basic::readAttributes@1 (line 38)
                      ; - sun.nio.fs.WindowsFileSystemProvider::readAttributes@57 (line 197)
                      ; - java.nio.file.Files::readAttributes@7 (line 1854)
                      ; - java.io.IoOverNioFileSystem::getNioPath@66 (line 166)
                      ; - java.io.FileInputStream::<init>@104 (line 178)
                      ; - jdk.internal.loader.URLClassPath$FileLoader$1::getInputStream@8 (line 1119)
                      ; - jdk.internal.loader.Resource::cachedInputStream@9 (line 77)
                      ; - jdk.internal.loader.Resource::getByteBuffer@1 (line 163)
                      ; - java.net.URLClassLoader::defineClass@132 (line 511)
                      ; - java.net.URLClassLoader$1::run@43 (line 427)
  0x000002a8259f6248: b418 0fff 

  0x000002a8259f624c: ;   {other}
  0x000002a8259f624c: 0f1f 8400 | bc5e 0087 | ba45 ffff | ff48 8b6c | 2458 448b | 5424 3044 | 8954 2428 | 4c8b 5424 
  0x000002a8259f626c: 384c 8954 | 2430 4c8b | 5424 404c | 8954 2438 | 448b 5424 | 4844 8954 | 2440 4c8b | 5424 684c 
  0x000002a8259f628c: 8954 2458 | 4c89 5424 | 6044 8b5c | 244c 4489 | 5c24 4490 

  0x000002a8259f62a0: ;   {runtime_call UncommonTrapBlob}
  0x000002a8259f62a0: c5f8 77e8 

  0x000002a8259f62a4: ; ImmutableOopMap {rbp=Oop [40]=NarrowOop [48]=Oop [64]=NarrowOop [68]=NarrowOop [88]=Oop [96]=Oop [112]=Oop [120]=Oop [168]=NarrowOop }
                      ;*ifeq {reexecute=1 rethrow=0 return_oop=0}
                      ; - (reexecute) java.io.IoOverNioFileSystem::getNioPath@74 (line 166)
                      ; - java.io.FileInputStream::<init>@104 (line 178)
                      ; - jdk.internal.loader.URLClassPath$FileLoader$1::getInputStream@8 (line 1119)
                      ; - jdk.internal.loader.Resource::cachedInputStream@9 (line 77)
                      ; - jdk.internal.loader.Resource::getByteBuffer@1 (line 163)
                      ; - java.net.URLClassLoader::defineClass@132 (line 511)
                      ; - java.net.URLClassLoader$1::run@43 (line 427)
  0x000002a8259f62a4: 5818 0fff 

  0x000002a8259f62a8: ;   {other}
  0x000002a8259f62a8: 0f1f 8400 | 185f 0088 | bae4 ffff | ff48 8b6c | 2458 448b | 5424 3044 | 8954 2428 | 4c8b 5424 
  0x000002a8259f62c8: 384c 8954 | 2430 4c8b | 5424 404c | 8954 2438 | 448b 9c24 | a800 0000 | 4489 5c24 | 2c44 8b54 
  0x000002a8259f62e8: 2448 4489 | 5424 404c | 8b54 2468 | 4c89 5424 | 584c 8954 | 2460 448b | 5c24 4c44 | 895c 2444 
  0x000002a8259f6308: 4c8b 5424 | 784c 8954 | 2448 4c8b | 9424 8800 | 0000 4c89 | 9424 8000 | 0000 4c89 | 8c24 a800 
  0x000002a8259f6328: 0000 6690 

  0x000002a8259f632c: ;   {runtime_call UncommonTrapBlob}
  0x000002a8259f632c: c5f8 77e8 

  0x000002a8259f6330: ; ImmutableOopMap {rbp=Oop [40]=NarrowOop [44]=NarrowOop [48]=Oop [64]=NarrowOop [68]=NarrowOop [72]=Oop [88]=Oop [96]=Oop [112]=Oop [128]=Oop [136]=Oop [168]=Oop [192]=Oop [264]=Oop }
                      ;*aaload {reexecute=0 rethrow=0 return_oop=0}
                      ; - sun.nio.fs.NativeBuffers::releaseNativeBuffer@40 (line 117)
                      ; - sun.nio.fs.NativeBuffer::release@1 (line 70)
                      ; - sun.nio.fs.NativeBuffer::close@1 (line 66)
                      ; - sun.nio.fs.WindowsFileAttributes::get@62 (line 306)
                      ; - sun.nio.fs.WindowsFileAttributeViews$Basic::readAttributes@15 (line 51)
                      ; - sun.nio.fs.WindowsFileAttributeViews$Basic::readAttributes@1 (line 38)
                      ; - sun.nio.fs.WindowsFileSystemProvider::readAttributes@57 (line 197)
                      ; - java.nio.file.Files::readAttributes@7 (line 1854)
                      ; - java.io.IoOverNioFileSystem::getNioPath@66 (line 166)
                      ; - java.io.FileInputStream::<init>@104 (line 178)
                      ; - jdk.internal.loader.URLClassPath$FileLoader$1::getInputStream@8 (line 1119)
                      ; - jdk.internal.loader.Resource::cachedInputStream@9 (line 77)
                      ; - jdk.internal.loader.Resource::getByteBuffer@1 (line 163)
                      ; - java.net.URLClassLoader::defineClass@132 (line 511)
                      ; - java.net.URLClassLoader$1::run@43 (line 427)
  0x000002a8259f6330: cc17 0fff 

  0x000002a8259f6334: ;   {other}
  0x000002a8259f6334: 0f1f 8400 | a45f 0089 | bae4 ffff | ff48 8b6c | 2458 4c8b | 5424 3844 | 8b5c 2430 | 4489 5c24 
  0x000002a8259f6354: 284c 8954 | 2430 4c8b | 5424 404c | 8954 2438 | 448b 5424 | 4844 8954 | 2440 4c8b | 5424 684c 
  0x000002a8259f6374: 8954 2458 | 4c89 5424 | 6044 8b5c | 244c 4489 | 5c24 444c | 8b54 2478 | 4c89 5424 | 4848 899c 
  0x000002a8259f6394: 2488 0000 | 0066 6690 

  0x000002a8259f639c: ;   {runtime_call UncommonTrapBlob}
  0x000002a8259f639c: c5f8 77e8 

  0x000002a8259f63a0: ; ImmutableOopMap {rbp=Oop [40]=NarrowOop [48]=Oop [64]=NarrowOop [68]=NarrowOop [72]=Oop [88]=Oop [96]=Oop [112]=Oop [136]=Oop [144]=NarrowOop [148]=NarrowOop [168]=NarrowOop }
                      ;*aastore {reexecute=1 rethrow=0 return_oop=0}
                      ; - (reexecute) java.lang.ThreadLocal$ThreadLocalMap::set@94 (line 563)
                      ; - java.lang.ThreadLocal::set@13 (line 265)
                      ; - java.lang.ThreadLocal::set@5 (line 251)
                      ; - com.jetbrains.internal.IoOverNio$RecursionGuard::create@62 (line 210)
                      ; - java.io.FileInputStream::<init>@92 (line 176)
                      ; - jdk.internal.loader.URLClassPath$FileLoader$1::getInputStream@8 (line 1119)
                      ; - jdk.internal.loader.Resource::cachedInputStream@9 (line 77)
                      ; - jdk.internal.loader.Resource::getByteBuffer@1 (line 163)
                      ; - java.net.URLClassLoader::defineClass@132 (line 511)
                      ; - java.net.URLClassLoader$1::run@43 (line 427)
  0x000002a8259f63a0: 5c17 0fff 

  0x000002a8259f63a4: ;   {other}
  0x000002a8259f63a4: 0f1f 8400 | 1460 008a | ba45 ffff | ff4c 8b54 | 2458 4c89 | 5424 204c | 8b54 2468 | 4c89 5424 
  0x000002a8259f63c4: 584c 8954 | 2460 448b | 9c24 9000 | 0000 4489 | 9c24 8400 | 0000 6690 

  0x000002a8259f63dc: ;   {runtime_call UncommonTrapBlob}
  0x000002a8259f63dc: c5f8 77e8 

  0x000002a8259f63e0: ; ImmutableOopMap {[32]=Oop [48]=NarrowOop [56]=Oop [72]=NarrowOop [76]=NarrowOop [88]=Oop [96]=Oop [112]=Oop [120]=Oop [132]=NarrowOop [144]=NarrowOop [168]=NarrowOop }
                      ;*if_icmplt {reexecute=1 rethrow=0 return_oop=0}
                      ; - (reexecute) jdk.internal.misc.VM::isBooted@4 (line 110)
                      ; - java.io.IoOverNioFileSystem::acquireNioFs@0 (line 86)
                      ; - java.io.IoOverNioFileSystem::getNioPath@6 (line 130)
                      ; - java.io.FileInputStream::<init>@104 (line 178)
                      ; - jdk.internal.loader.URLClassPath$FileLoader$1::getInputStream@8 (line 1119)
                      ; - jdk.internal.loader.Resource::cachedInputStream@9 (line 77)
                      ; - jdk.internal.loader.Resource::getByteBuffer@1 (line 163)
                      ; - java.net.URLClassLoader::defineClass@132 (line 511)
                      ; - java.net.URLClassLoader$1::run@43 (line 427)
  0x000002a8259f63e0: 1c17 0fff 

  0x000002a8259f63e4: ;   {other}
  0x000002a8259f63e4: 0f1f 8400 | 5460 008b | 498b d7c5 | f877 49ba | 200d a3b1 | fe7f 0000 

  0x000002a8259f63fc: ;   {other}
  0x000002a8259f63fc: 41ff d20f | 1f84 0000 | 0000 00e9 | a0cc ffff | 498b d7c5 | f877 49ba | 200d a3b1 | fe7f 0000 
  0x000002a8259f641c: ;   {other}
  0x000002a8259f641c: 41ff d20f | 1f84 0000 | 0000 00e9 | c6cc ffff | 498b d7c5 | f877 49ba | 200d a3b1 | fe7f 0000 
  0x000002a8259f643c: ;   {other}
  0x000002a8259f643c: 41ff d20f | 1f84 0000 | 0000 00e9 | 08cc ffff | ba45 ffff | ff4c 8b54 | 2458 4c89 | 5424 204c 
  0x000002a8259f645c: 8b54 2468 | 4c89 5424 | 584c 8954 | 2460 448b | 9c24 9000 | 0000 4489 | 9c24 8400 | 0000 6690 
  0x000002a8259f647c: ;   {runtime_call UncommonTrapBlob}
  0x000002a8259f647c: c5f8 77e8 

  0x000002a8259f6480: ; ImmutableOopMap {[32]=Oop [48]=NarrowOop [56]=Oop [72]=NarrowOop [76]=NarrowOop [88]=Oop [96]=Oop [112]=Oop [120]=Oop [132]=NarrowOop [144]=NarrowOop [168]=NarrowOop }
                      ;*if_icmplt {reexecute=1 rethrow=0 return_oop=0}
                      ; - (reexecute) jdk.internal.misc.VM::isModuleSystemInited@4 (line 91)
                      ; - java.nio.file.FileSystems::getDefault@0 (line 193)
                      ; - java.io.IoOverNioFileSystem::acquireNioFs@24 (line 98)
                      ; - java.io.IoOverNioFileSystem::getNioPath@6 (line 130)
                      ; - java.io.FileInputStream::<init>@104 (line 178)
                      ; - jdk.internal.loader.URLClassPath$FileLoader$1::getInputStream@8 (line 1119)
                      ; - jdk.internal.loader.Resource::cachedInputStream@9 (line 77)
                      ; - jdk.internal.loader.Resource::getByteBuffer@1 (line 163)
                      ; - java.net.URLClassLoader::defineClass@132 (line 511)
                      ; - java.net.URLClassLoader$1::run@43 (line 427)
  0x000002a8259f6480: 7c16 0fff 

  0x000002a8259f6484: ;   {other}
  0x000002a8259f6484: 0f1f 8400 | f460 008c | ba45 ffff | ff4c 8b5c | 2458 4c89 | 5c24 204c | 8b5c 2468 | 4c89 5c24 
  0x000002a8259f64a4: 584c 895c | 2460 6690 

  0x000002a8259f64ac: ;   {runtime_call UncommonTrapBlob}
  0x000002a8259f64ac: c5f8 77e8 

  0x000002a8259f64b0: ; ImmutableOopMap {[32]=Oop [48]=NarrowOop [56]=Oop [72]=NarrowOop [76]=NarrowOop [88]=Oop [96]=Oop [112]=Oop [120]=Oop [144]=NarrowOop [168]=NarrowOop }
                      ;*if_icmpne {reexecute=1 rethrow=0 return_oop=0}
                      ; - (reexecute) java.lang.String::equals@33 (line 1850)
                      ; - java.util.Objects::equals@11 (line 64)
                      ; - java.io.IoOverNioFileSystem::acquireNioFs@43 (line 100)
                      ; - java.io.IoOverNioFileSystem::getNioPath@6 (line 130)
                      ; - java.io.FileInputStream::<init>@104 (line 178)
                      ; - jdk.internal.loader.URLClassPath$FileLoader$1::getInputStream@8 (line 1119)
                      ; - jdk.internal.loader.Resource::cachedInputStream@9 (line 77)
                      ; - jdk.internal.loader.Resource::getByteBuffer@1 (line 163)
                      ; - java.net.URLClassLoader::defineClass@132 (line 511)
                      ; - java.net.URLClassLoader$1::run@43 (line 427)
  0x000002a8259f64b0: 4c16 0fff 

  0x000002a8259f64b4: ;   {other}
  0x000002a8259f64b4: 0f1f 8400 | 2461 008d | 498b d7c5 | f877 49ba | 200d a3b1 | fe7f 0000 

  0x000002a8259f64cc: ;   {other}
  0x000002a8259f64cc: 41ff d20f | 1f84 0000 | 0000 00e9 | e2e9 ffff | 498b d7c5 | f877 49ba | 200d a3b1 | fe7f 0000 
  0x000002a8259f64ec: ;   {other}
  0x000002a8259f64ec: 41ff d20f | 1f84 0000 | 0000 00e9 | 46d2 ffff | 498b d7c5 | f877 49ba | 200d a3b1 | fe7f 0000 
  0x000002a8259f650c: ;   {other}
  0x000002a8259f650c: 41ff d20f | 1f84 0000 | 0000 00e9 | dad1 ffff | 498b d7c5 | f877 49ba | 200d a3b1 | fe7f 0000 
  0x000002a8259f652c: ;   {other}
  0x000002a8259f652c: 41ff d20f | 1f84 0000 | 0000 00e9 | 08d4 ffff | 498b d7c5 | f877 49ba | 200d a3b1 | fe7f 0000 
  0x000002a8259f654c: ;   {other}
  0x000002a8259f654c: 41ff d20f | 1f84 0000 | 0000 00e9 | f3d3 ffff | 498b f949 | 8bd8 498b | d7c5 f877 | 49ba 200d 
  0x000002a8259f656c: a3b1 fe7f | 0000 41ff 

  0x000002a8259f6574: ;   {other}
  0x000002a8259f6574: d20f 1f84 | 0000 0000 | 004c 8bc3 | 4c8b cfe9 | 9cd8 ffff | 498b f949 | 8bd8 498b | d7c5 f877 
  0x000002a8259f6594: 49ba 200d | a3b1 fe7f | 0000 41ff 

  0x000002a8259f65a0: ;   {other}
  0x000002a8259f65a0: d20f 1f84 | 0000 0000 | 004c 8bc3 | 4c8b cfe9 | 28d8 ffff | 498b d849 | 8bd7 c5f8 | 7749 ba20 
  0x000002a8259f65c0: 0da3 b1fe | 7f00 0041 

  0x000002a8259f65c8: ;   {other}
  0x000002a8259f65c8: ffd2 0f1f | 8400 0000 | 0000 4c8b | c34c 8bcd | e9b6 d7ff | ff49 8bd7 | c5f8 7749 | ba20 0da3 
  0x000002a8259f65e8: b1fe 7f00 | 0041 ffd2 

  0x000002a8259f65f0: ;   {other}
  0x000002a8259f65f0: 0f1f 8400 | 0000 0000 | e9c9 d5ff | ffba 45ff | ffff 4c8b | 5424 584c | 8954 2420 | 4c8b 5424 
  0x000002a8259f6610: 684c 8954 | 2458 4c89 | 5424 604c | 8b94 2488 | 0000 004c | 8994 2480 | 0000 0090 

  0x000002a8259f662c: ;   {runtime_call UncommonTrapBlob}
  0x000002a8259f662c: c5f8 77e8 

  0x000002a8259f6630: ; ImmutableOopMap {[32]=Oop [48]=NarrowOop [56]=Oop [72]=NarrowOop [76]=NarrowOop [88]=Oop [96]=Oop [112]=Oop [120]=Oop [128]=Oop [168]=NarrowOop [192]=Oop }
                      ;*if_icmpne {reexecute=1 rethrow=0 return_oop=0}
                      ; - (reexecute) sun.nio.fs.WindowsFileAttributes::isSymbolicLink@6 (line 418)
                      ; - sun.nio.fs.WindowsFileAttributes::isRegularFile@1 (line 443)
                      ; - java.io.IoOverNioFileSystem::getNioPath@69 (line 166)
                      ; - java.io.FileInputStream::<init>@104 (line 178)
                      ; - jdk.internal.loader.URLClassPath$FileLoader$1::getInputStream@8 (line 1119)
                      ; - jdk.internal.loader.Resource::cachedInputStream@9 (line 77)
                      ; - jdk.internal.loader.Resource::getByteBuffer@1 (line 163)
                      ; - java.net.URLClassLoader::defineClass@132 (line 511)
                      ; - java.net.URLClassLoader$1::run@43 (line 427)
  0x000002a8259f6630: cc14 0fff 

  0x000002a8259f6634: ;   {other}
  0x000002a8259f6634: 0f1f 8400 | a462 008e | ba45 ffff | ff4c 8b54 | 2458 4c89 | 5424 2044 | 8b94 24a8 | 0000 0044 
  0x000002a8259f6654: 8954 2434 | 4c8b 5424 | 684c 8954 | 2458 4c89 | 5424 6048 | 895c 2470 | 4889 9c24 | 8800 0000 
  0x000002a8259f6674: 4489 8c24 | 8400 0000 | 4889 bc24 | 9000 0000 | 4c89 9c24 | 9800 0000 | 4889 b424 | a800 0000 
  0x000002a8259f6694: 898c 24b4 | 0000 0090 

  0x000002a8259f669c: ;   {runtime_call UncommonTrapBlob}
  0x000002a8259f669c: c5f8 77e8 

  0x000002a8259f66a0: ; ImmutableOopMap {rbp=NarrowOop [32]=Oop [48]=NarrowOop [52]=NarrowOop [56]=Oop [72]=NarrowOop [76]=NarrowOop [88]=Oop [96]=Oop [112]=Oop [120]=Oop [132]=NarrowOop [136]=Oop [144]=Oop [152]=Oop [168]=Oop [180]=NarrowOop }
                      ;*ifnull {reexecute=1 rethrow=0 return_oop=0}
                      ; - (reexecute) java.lang.ThreadLocal::get@7 (line 186)
                      ; - java.lang.ThreadLocal::get@4 (line 172)
                      ; - com.jetbrains.internal.IoOverNio$RecursionGuard::ensureActive@3 (line 221)
                      ; - com.jetbrains.internal.IoOverNio$ParentForFileChannelImplHolder::set@0 (line 172)
                      ; - java.io.IoOverNioFileSystem::initializeStreamUsingNio@1 (line 343)
                      ; - java.io.FileInputStream::<init>@151 (line 181)
                      ; - jdk.internal.loader.URLClassPath$FileLoader$1::getInputStream@8 (line 1119)
                      ; - jdk.internal.loader.Resource::cachedInputStream@9 (line 77)
                      ; - jdk.internal.loader.Resource::getByteBuffer@1 (line 163)
                      ; - java.net.URLClassLoader::defineClass@132 (line 511)
                      ; - java.net.URLClassLoader$1::run@43 (line 427)
  0x000002a8259f66a0: 5c14 0fff 

  0x000002a8259f66a4: ;   {other}
  0x000002a8259f66a4: 0f1f 8400 | 1463 008f | ba45 ffff | ff4c 8b54 | 2458 4c89 | 5424 204c | 8b54 2468 | 4c89 5424 
  0x000002a8259f66c4: 584c 8954 | 2460 6690 

  0x000002a8259f66cc: ;   {runtime_call UncommonTrapBlob}
  0x000002a8259f66cc: c5f8 77e8 

  0x000002a8259f66d0: ; ImmutableOopMap {[32]=Oop [48]=NarrowOop [56]=Oop [72]=NarrowOop [76]=NarrowOop [88]=Oop [96]=Oop [112]=Oop [120]=Oop [136]=Oop [168]=NarrowOop }
                      ;*ifeq {reexecute=1 rethrow=0 return_oop=0}
                      ; - (reexecute) sun.nio.fs.WindowsFileAttributes::isOther@17 (line 438)
                      ; - sun.nio.fs.WindowsFileAttributes::isRegularFile@15 (line 443)
                      ; - java.io.IoOverNioFileSystem::getNioPath@69 (line 166)
                      ; - java.io.FileInputStream::<init>@104 (line 178)
                      ; - jdk.internal.loader.URLClassPath$FileLoader$1::getInputStream@8 (line 1119)
                      ; - jdk.internal.loader.Resource::cachedInputStream@9 (line 77)
                      ; - jdk.internal.loader.Resource::getByteBuffer@1 (line 163)
                      ; - java.net.URLClassLoader::defineClass@132 (line 511)
                      ; - java.net.URLClassLoader$1::run@43 (line 427)
  0x000002a8259f66d0: 2c14 0fff 

  0x000002a8259f66d4: ;   {other}
  0x000002a8259f66d4: 0f1f 8400 | 4463 0090 | ba45 ffff | ff4c 8b54 | 2458 4c89 | 5424 2044 | 8b94 24a8 | 0000 0044 
  0x000002a8259f66f4: 8954 2434 | 4c8b 5424 | 684c 8954 | 2458 4c89 | 5424 604c | 8b54 2470 | 4c89 5424 | 6844 8b9c 
  0x000002a8259f6714: 2490 0000 | 0044 899c | 2484 0000 | 004c 8b94 | 2498 0000 | 004c 8994 | 2490 0000 | 004c 8984 
  0x000002a8259f6734: 24a8 0000 | 0066 6690 

  0x000002a8259f673c: ;   {runtime_call UncommonTrapBlob}
  0x000002a8259f673c: c5f8 77e8 

  0x000002a8259f6740: ; ImmutableOopMap {rbp=NarrowOop [32]=Oop [48]=NarrowOop [52]=NarrowOop [56]=Oop [72]=NarrowOop [76]=NarrowOop [88]=Oop [96]=Oop [104]=Oop [120]=Oop [132]=NarrowOop [136]=Oop [144]=Oop [168]=Oop }
                      ;*ifnonnull {reexecute=1 rethrow=0 return_oop=0}
                      ; - (reexecute) com.jetbrains.internal.IoOverNio$RecursionGuard::ensureActive@6 (line 221)
                      ; - com.jetbrains.internal.IoOverNio$ParentForFileChannelImplHolder::set@0 (line 172)
                      ; - java.io.IoOverNioFileSystem::initializeStreamUsingNio@1 (line 343)
                      ; - java.io.FileInputStream::<init>@151 (line 181)
                      ; - jdk.internal.loader.URLClassPath$FileLoader$1::getInputStream@8 (line 1119)
                      ; - jdk.internal.loader.Resource::cachedInputStream@9 (line 77)
                      ; - jdk.internal.loader.Resource::getByteBuffer@1 (line 163)
                      ; - java.net.URLClassLoader::defineClass@132 (line 511)
                      ; - java.net.URLClassLoader$1::run@43 (line 427)
  0x000002a8259f6740: bc13 0fff 

  0x000002a8259f6744: ;   {other}
  0x000002a8259f6744: 0f1f 8400 | b463 0091 | ba45 ffff | ff48 8b6c | 2458 4c8b | 5424 3844 | 8b44 2430 | 4489 4424 
  0x000002a8259f6764: 284c 8954 | 2430 4c8b | 5424 404c | 8954 2438 | 448b 4424 | 4844 8944 | 2440 4c8b | 5424 684c 
  0x000002a8259f6784: 8954 2458 | 4c89 5424 | 604c 8b54 | 2470 4c89 | 5424 6844 | 8b54 244c | 4489 5424 | 4489 4424 
  0x000002a8259f67a4: 7066 6690 

  0x000002a8259f67a8: ;   {runtime_call UncommonTrapBlob}
  0x000002a8259f67a8: c5f8 77e8 

  0x000002a8259f67ac: ; ImmutableOopMap {rbp=Oop [40]=NarrowOop [48]=Oop [64]=NarrowOop [68]=NarrowOop [88]=Oop [96]=Oop [104]=Oop [120]=Oop [168]=NarrowOop }
                      ;*ifeq {reexecute=1 rethrow=0 return_oop=0}
                      ; - (reexecute) java.io.FileInputStream::<init>@231 (line 193)
                      ; - jdk.internal.loader.URLClassPath$FileLoader$1::getInputStream@8 (line 1119)
                      ; - jdk.internal.loader.Resource::cachedInputStream@9 (line 77)
                      ; - jdk.internal.loader.Resource::getByteBuffer@1 (line 163)
                      ; - java.net.URLClassLoader::defineClass@132 (line 511)
                      ; - java.net.URLClassLoader$1::run@43 (line 427)
  0x000002a8259f67ac: 5013 0fff 

  0x000002a8259f67b0: ;   {other}
  0x000002a8259f67b0: 0f1f 8400 | 2064 0092 | ba45 ffff | ff4c 8b54 | 2458 4c89 | 5424 204c | 8b54 2468 | 4c89 5424 
  0x000002a8259f67d0: 584c 8954 | 2460 4c89 | 8424 8800 | 0000 899c | 2490 0000 | 0066 6690 

  0x000002a8259f67e8: ;   {runtime_call UncommonTrapBlob}
  0x000002a8259f67e8: c5f8 77e8 

  0x000002a8259f67ec: ; ImmutableOopMap {[32]=Oop [48]=NarrowOop [56]=Oop [72]=NarrowOop [76]=NarrowOop [88]=Oop [96]=Oop [112]=Oop [120]=Oop [136]=Oop [144]=NarrowOop [168]=NarrowOop }
                      ;*if_icmpne {reexecute=1 rethrow=0 return_oop=0}
                      ; - (reexecute) java.lang.String::startsWith@50 (line 2282)
                      ; - java.lang.String::startsWith@3 (line 2316)
                      ; - java.io.IoOverNioFileSystem::isWindowsPipe@22 (line 187)
                      ; - java.io.IoOverNioFileSystem::getNioPath@43 (line 146)
                      ; - java.io.FileInputStream::<init>@104 (line 178)
                      ; - jdk.internal.loader.URLClassPath$FileLoader$1::getInputStream@8 (line 1119)
                      ; - jdk.internal.loader.Resource::cachedInputStream@9 (line 77)
                      ; - jdk.internal.loader.Resource::getByteBuffer@1 (line 163)
                      ; - java.net.URLClassLoader::defineClass@132 (line 511)
                      ; - java.net.URLClassLoader$1::run@43 (line 427)
  0x000002a8259f67ec: 1013 0fff 

  0x000002a8259f67f0: ;   {other}
  0x000002a8259f67f0: 0f1f 8400 | 6064 0093 | ba45 ffff | ff48 8b6c | 2458 448b | 5c24 3044 | 895c 2428 | 4c8b 5c24 
  0x000002a8259f6810: 384c 895c | 2430 4c8b | 5c24 404c | 895c 2438 | 448b 5c24 | 4844 895c | 2440 4c8b | 5c24 684c 
  0x000002a8259f6830: 895c 2458 | 4c89 5c24 | 6044 8b5c | 244c 4489 | 5c24 444c | 8b5c 2478 | 4c89 5c24 | 4889 4424 
  0x000002a8259f6850: 7866 6690 

  0x000002a8259f6854: ;   {runtime_call UncommonTrapBlob}
  0x000002a8259f6854: c5f8 77e8 

  0x000002a8259f6858: ; ImmutableOopMap {rbp=Oop [40]=NarrowOop [48]=Oop [64]=NarrowOop [68]=NarrowOop [72]=Oop [88]=Oop [96]=Oop [112]=Oop [168]=NarrowOop }
                      ;*ifne {reexecute=1 rethrow=0 return_oop=0}
                      ; - (reexecute) java.lang.ThreadLocal$ThreadLocalMap::set@116 (line 565)
                      ; - java.lang.ThreadLocal::set@13 (line 265)
                      ; - java.lang.ThreadLocal::set@5 (line 251)
                      ; - com.jetbrains.internal.IoOverNio$RecursionGuard::create@62 (line 210)
                      ; - java.io.FileInputStream::<init>@92 (line 176)
                      ; - jdk.internal.loader.URLClassPath$FileLoader$1::getInputStream@8 (line 1119)
                      ; - jdk.internal.loader.Resource::cachedInputStream@9 (line 77)
                      ; - jdk.internal.loader.Resource::getByteBuffer@1 (line 163)
                      ; - java.net.URLClassLoader::defineClass@132 (line 511)
                      ; - java.net.URLClassLoader$1::run@43 (line 427)
  0x000002a8259f6858: a412 0fff 

  0x000002a8259f685c: ;   {other}
  0x000002a8259f685c: 0f1f 8400 | cc64 0094 | 498b d7c5 | f877 49ba | 200d a3b1 | fe7f 0000 

  0x000002a8259f6874: ;   {other}
  0x000002a8259f6874: 41ff d20f | 1f84 0000 | 0000 00e9 | 36ca ffff | 498b d7c5 | f877 49ba | 200d a3b1 | fe7f 0000 
  0x000002a8259f6894: ;   {other}
  0x000002a8259f6894: 41ff d20f | 1f84 0000 | 0000 00e9 | 65ca ffff | 498b d7c5 | f877 49ba | 200d a3b1 | fe7f 0000 
  0x000002a8259f68b4: ;   {other}
  0x000002a8259f68b4: 41ff d20f | 1f84 0000 | 0000 00e9 | b8ca ffff | 4c8b 9424 | a000 0000 | 458b 5a10 | 4585 db0f 
  0x000002a8259f68d4: 8445 f2ff | ff4d 8b57 | 2849 8bcb | 48c1 e103 | 4d85 d20f | 846b 1500 | 004d 8b5f | 384b 894c 
  0x000002a8259f68f4: 13f8 4983 | c2f8 4d89 | 5728 e91b | f2ff ff4c | 8b94 2488 | 0000 0045 | 8b52 2045 | 85d2 0f84 
  0x000002a8259f6914: 5ff2 ffff | 4d8b 5f28 | 498b ca48 | c1e1 034d | 85db 0f84 | 0c15 0000 | 4d8b 5738 | 4b89 4c1a 
  0x000002a8259f6934: f849 83c3 | f84d 895f | 28e9 35f2 | ffff 4c8b | 9424 a000 | 0000 458b | 5a0c 4585 | db0f 846c 
  0x000002a8259f6954: f1ff ff4d | 8b57 2849 | 8bcb 48c1 | e103 4d85 | d20f 840d | 1500 004d | 8b5f 384b | 894c 13f8 
  0x000002a8259f6974: 4983 c2f8 | 4d89 5728 | e942 f1ff | ff4d 8b57 | 484d 8b5f | 58f0 8344 | 24c0 0080 | 3900 0f84 
  0x000002a8259f6994: 21f2 ffff | 4488 214d | 85d2 7520 | 498b d7c5 | f877 49ba | 000d a3b1 | fe7f 0000 

  0x000002a8259f69b0: ;   {other}
  0x000002a8259f69b0: 41ff d20f | 1f84 0000 | 0000 00e9 | f9f1 ffff | 4b89 4c13 | f849 83c2 | f84d 8957 | 48e9 e7f1 
  0x000002a8259f69d0: ffff 4d8b | 5748 4d8b | 5f58 f083 | 4424 c000 | 8039 000f | 847d f1ff | ff44 8821 | 4d85 d275 
  0x000002a8259f69f0: 2049 8bd7 | c5f8 7749 | ba00 0da3 | b1fe 7f00 | 0041 ffd2 

  0x000002a8259f6a04: ;   {other}
  0x000002a8259f6a04: 0f1f 8400 | 0000 0000 | e955 f1ff | ff4b 894c | 13f8 4983 | c2f8 4d89 | 5748 e943 | f1ff ff4d 
  0x000002a8259f6a24: 8b57 484d | 8b5f 58f0 | 8344 24c0 | 0080 3900 | 0f84 d9f0 | ffff 4488 | 214d 85d2 | 7520 498b 
  0x000002a8259f6a44: d7c5 f877 | 49ba 000d | a3b1 fe7f | 0000 41ff 

  0x000002a8259f6a54: ;   {other}
  0x000002a8259f6a54: d20f 1f84 | 0000 0000 | 00e9 b1f0 | ffff 4b89 | 4c13 f849 | 83c2 f84d | 8957 48e9 | 9ff0 ffff 
  0x000002a8259f6a74: 498b d7c5 | f877 49ba | 200d a3b1 | fe7f 0000 

  0x000002a8259f6a84: ;   {other}
  0x000002a8259f6a84: 41ff d20f | 1f84 0000 | 0000 00e9 | 1bd7 ffff | 41ba 0200 | 0000 e930 

  0x000002a8259f6a9c: ;   {metadata('sun/nio/fs/NativeBuffer'[])}
  0x000002a8259f6a9c: f7ff ff48 | ba08 2c04 | 39a8 0200 | 0041 b803 | 0000 0090 

  0x000002a8259f6ab0: ;   {runtime_call _new_array_Java}
  0x000002a8259f6ab0: c5f8 77e8 

  0x000002a8259f6ab4: ; ImmutableOopMap {[32]=Oop [40]=Oop [48]=NarrowOop [56]=Oop [72]=NarrowOop [76]=NarrowOop [80]=Oop [88]=Oop [96]=Oop [104]=Oop [112]=Oop [120]=Oop [128]=Oop [136]=Oop [152]=NarrowOop [168]=NarrowOop [192]=Oop [264]=Oop }
                      ;*anewarray {reexecute=0 rethrow=0 return_oop=1}
                      ; - sun.nio.fs.NativeBuffers::releaseNativeBuffer@15 (line 110)
                      ; - sun.nio.fs.NativeBuffer::release@1 (line 70)
                      ; - sun.nio.fs.NativeBuffer::close@1 (line 66)
                      ; - sun.nio.fs.WindowsFileAttributes::get@62 (line 306)
                      ; - sun.nio.fs.WindowsFileAttributeViews$Basic::readAttributes@15 (line 51)
                      ; - sun.nio.fs.WindowsFileAttributeViews$Basic::readAttributes@1 (line 38)
                      ; - sun.nio.fs.WindowsFileSystemProvider::readAttributes@57 (line 197)
                      ; - java.nio.file.Files::readAttributes@7 (line 1854)
                      ; - java.io.IoOverNioFileSystem::getNioPath@66 (line 166)
                      ; - java.io.FileInputStream::<init>@104 (line 178)
                      ; - jdk.internal.loader.URLClassPath$FileLoader$1::getInputStream@8 (line 1119)
                      ; - jdk.internal.loader.Resource::cachedInputStream@9 (line 77)
                      ; - jdk.internal.loader.Resource::getByteBuffer@1 (line 163)
                      ; - java.net.URLClassLoader::defineClass@132 (line 511)
                      ; - java.net.URLClassLoader$1::run@43 (line 427)
  0x000002a8259f6ab4: c8e1 1bff 

  0x000002a8259f6ab8: ;   {other}
  0x000002a8259f6ab8: 0f1f 8400 | 2867 0095 | e993 e7ff | ffba e4ff | ffff 488b | 6c24 584c | 8b5c 2438 | 448b 4424 
  0x000002a8259f6ad8: 3044 8944 | 2428 4c89 | 5c24 304c | 8b5c 2440 | 4c89 5c24 | 3844 8b5c | 2448 4489 | 5c24 404c 
  0x000002a8259f6af8: 8b5c 2468 | 4c89 5c24 | 584c 895c | 2460 448b | 4424 4c44 | 8944 2444 | 4c8b 5c24 | 784c 895c 
  0x000002a8259f6b18: 2448 4c89 | 8c24 8000 | 0000 4489 | 9424 8c00 | 0000 6690 

  0x000002a8259f6b2c: ;   {runtime_call UncommonTrapBlob}
  0x000002a8259f6b2c: c5f8 77e8 

  0x000002a8259f6b30: ; ImmutableOopMap {rbp=Oop [40]=NarrowOop [48]=Oop [64]=NarrowOop [68]=NarrowOop [72]=Oop [88]=Oop [96]=Oop [112]=Oop [128]=Oop [140]=NarrowOop [168]=NarrowOop }
                      ;*baload {reexecute=0 rethrow=0 return_oop=0}
                      ; - jdk.internal.util.ArraysSupport::mismatch@82 (line 402)
                      ; - java.lang.String::startsWith@70 (line 2286)
                      ; - java.lang.String::startsWith@3 (line 2316)
                      ; - java.io.IoOverNioFileSystem::isWindowsPipe@22 (line 187)
                      ; - java.io.IoOverNioFileSystem::getNioPath@43 (line 146)
                      ; - java.io.FileInputStream::<init>@104 (line 178)
                      ; - jdk.internal.loader.URLClassPath$FileLoader$1::getInputStream@8 (line 1119)
                      ; - jdk.internal.loader.Resource::cachedInputStream@9 (line 77)
                      ; - jdk.internal.loader.Resource::getByteBuffer@1 (line 163)
                      ; - java.net.URLClassLoader::defineClass@132 (line 511)
                      ; - java.net.URLClassLoader$1::run@43 (line 427)
  0x000002a8259f6b30: cc0f 0fff 

  0x000002a8259f6b34: ;   {other}
  0x000002a8259f6b34: 0f1f 8400 | a467 0096 | ba45 ffff | ff4c 8b54 | 2458 4c89 | 5424 204c | 8b54 2468 | 4c89 5424 
  0x000002a8259f6b54: 584c 8954 | 2460 4c89 | 8424 8800 | 0000 6690 

  0x000002a8259f6b64: ;   {runtime_call UncommonTrapBlob}
  0x000002a8259f6b64: c5f8 77e8 

  0x000002a8259f6b68: ; ImmutableOopMap {rbp=NarrowOop [32]=Oop [48]=NarrowOop [56]=Oop [72]=NarrowOop [76]=NarrowOop [88]=Oop [96]=Oop [112]=Oop [120]=Oop [136]=Oop [168]=NarrowOop }
                      ;*if_acmpne {reexecute=1 rethrow=0 return_oop=0}
                      ; - (reexecute) sun.nio.fs.WindowsPath::isAbsolute@17 (line 385)
                      ; - java.io.IoOverNioFileSystem::isWindowsPipe@1 (line 186)
                      ; - java.io.IoOverNioFileSystem::getNioPath@43 (line 146)
                      ; - java.io.FileInputStream::<init>@104 (line 178)
                      ; - jdk.internal.loader.URLClassPath$FileLoader$1::getInputStream@8 (line 1119)
                      ; - jdk.internal.loader.Resource::cachedInputStream@9 (line 77)
                      ; - jdk.internal.loader.Resource::getByteBuffer@1 (line 163)
                      ; - java.net.URLClassLoader::defineClass@132 (line 511)
                      ; - java.net.URLClassLoader$1::run@43 (line 427)
  0x000002a8259f6b68: 940f 0fff 

  0x000002a8259f6b6c: ;   {other}
  0x000002a8259f6b6c: 0f1f 8400 | dc67 0097 | ba45 ffff | ff4c 8b54 | 2458 4c89 | 5424 2044 | 8b94 24a8 | 0000 0044 
  0x000002a8259f6b8c: 8954 2434 | 4c8b 5424 | 684c 8954 | 2458 4c89 | 5424 604c | 8b94 2488 | 0000 004c | 8994 2480 
  0x000002a8259f6bac: 0000 0090 

  0x000002a8259f6bb0: ;   {runtime_call UncommonTrapBlob}
  0x000002a8259f6bb0: c5f8 77e8 

  0x000002a8259f6bb4: ; ImmutableOopMap {rbp=NarrowOop [32]=Oop [48]=NarrowOop [52]=NarrowOop [56]=Oop [72]=NarrowOop [76]=NarrowOop [88]=Oop [96]=Oop [112]=Oop [120]=Oop [128]=Oop [264]=Oop }
                      ;*if_acmpne {reexecute=1 rethrow=0 return_oop=0}
                      ; - (reexecute) sun.nio.fs.WindowsPath::isAbsolute@17 (line 385)
                      ; - sun.nio.fs.WindowsPath::getPathForWin32Calls@5 (line 190)
                      ; - sun.nio.fs.WindowsPath::getPathForWin32Calls@2 (line 180)
                      ; - sun.nio.fs.WindowsFileAttributes::get@21 (line 299)
                      ; - sun.nio.fs.WindowsFileAttributeViews$Basic::readAttributes@15 (line 51)
                      ; - sun.nio.fs.WindowsFileAttributeViews$Basic::readAttributes@1 (line 38)
                      ; - sun.nio.fs.WindowsFileSystemProvider::readAttributes@57 (line 197)
                      ; - java.nio.file.Files::readAttributes@7 (line 1854)
                      ; - java.io.IoOverNioFileSystem::getNioPath@66 (line 166)
                      ; - java.io.FileInputStream::<init>@104 (line 178)
                      ; - jdk.internal.loader.URLClassPath$FileLoader$1::getInputStream@8 (line 1119)
                      ; - jdk.internal.loader.Resource::cachedInputStream@9 (line 77)
                      ; - jdk.internal.loader.Resource::getByteBuffer@1 (line 163)
                      ; - java.net.URLClassLoader::defineClass@132 (line 511)
                      ; - java.net.URLClassLoader$1::run@43 (line 427)
  0x000002a8259f6bb4: 480f 0fff 

  0x000002a8259f6bb8: ;   {other}
  0x000002a8259f6bb8: 0f1f 8400 | 2868 0098 | baf6 ffff | ff48 8b6c | 2458 448b | 5424 3044 | 8954 2428 | 4c8b 5424 
  0x000002a8259f6bd8: 384c 8954 | 2430 4c8b | 5424 404c | 8954 2438 | 448b 5424 | 4844 8954 | 2440 4c8b | 5424 684c 
  0x000002a8259f6bf8: 8954 2458 | 4c89 5424 | 6044 8b54 | 244c 4489 | 5424 444c | 8b54 2478 | 4c89 5424 | 484c 8b94 
  0x000002a8259f6c18: 2488 0000 | 004c 8994 | 2480 0000 | 0066 6690 

  0x000002a8259f6c28: ;   {runtime_call UncommonTrapBlob}
  0x000002a8259f6c28: c5f8 77e8 

  0x000002a8259f6c2c: ; ImmutableOopMap {rbp=Oop [40]=NarrowOop [48]=Oop [64]=NarrowOop [68]=NarrowOop [72]=Oop [88]=Oop [96]=Oop [112]=Oop [128]=Oop [136]=Oop [168]=NarrowOop }
                      ;*invokevirtual address {reexecute=0 rethrow=0 return_oop=0}
                      ; - sun.nio.fs.WindowsFileAttributes::get@15 (line 298)
                      ; - sun.nio.fs.WindowsFileAttributeViews$Basic::readAttributes@15 (line 51)
                      ; - sun.nio.fs.WindowsFileAttributeViews$Basic::readAttributes@1 (line 38)
                      ; - sun.nio.fs.WindowsFileSystemProvider::readAttributes@57 (line 197)
                      ; - java.nio.file.Files::readAttributes@7 (line 1854)
                      ; - java.io.IoOverNioFileSystem::getNioPath@66 (line 166)
                      ; - java.io.FileInputStream::<init>@104 (line 178)
                      ; - jdk.internal.loader.URLClassPath$FileLoader$1::getInputStream@8 (line 1119)
                      ; - jdk.internal.loader.Resource::cachedInputStream@9 (line 77)
                      ; - jdk.internal.loader.Resource::getByteBuffer@1 (line 163)
                      ; - java.net.URLClassLoader::defineClass@132 (line 511)
                      ; - java.net.URLClassLoader$1::run@43 (line 427)
  0x000002a8259f6c2c: d00e 0fff 

  0x000002a8259f6c30: ;   {other}
  0x000002a8259f6c30: 0f1f 8400 | a068 0099 

  0x000002a8259f6c38: ;   {metadata('java/lang/ref/WeakReference')}
  0x000002a8259f6c38: 48ba a886 | 0437 a802 | 0000 6690 

  0x000002a8259f6c44: ;   {runtime_call _new_instance_Java}
  0x000002a8259f6c44: c5f8 77e8 

  0x000002a8259f6c48: ; ImmutableOopMap {rbp=Oop [32]=Oop [40]=Oop [48]=NarrowOop [56]=Oop [72]=NarrowOop [76]=NarrowOop [80]=Oop [88]=Oop [96]=Oop [104]=Oop [112]=Oop [120]=Oop [128]=Oop [136]=Oop [152]=NarrowOop [168]=NarrowOop [264]=Oop }
                      ;*new {reexecute=0 rethrow=0 return_oop=1}
                      ; - sun.nio.fs.WindowsPath::getPathForWin32Calls@122 (line 223)
                      ; - sun.nio.fs.WindowsPath::getPathForWin32Calls@2 (line 180)
                      ; - sun.nio.fs.WindowsFileAttributes::get@21 (line 299)
                      ; - sun.nio.fs.WindowsFileAttributeViews$Basic::readAttributes@15 (line 51)
                      ; - sun.nio.fs.WindowsFileAttributeViews$Basic::readAttributes@1 (line 38)
                      ; - sun.nio.fs.WindowsFileSystemProvider::readAttributes@57 (line 197)
                      ; - java.nio.file.Files::readAttributes@7 (line 1854)
                      ; - java.io.IoOverNioFileSystem::getNioPath@66 (line 166)
                      ; - java.io.FileInputStream::<init>@104 (line 178)
                      ; - jdk.internal.loader.URLClassPath$FileLoader$1::getInputStream@8 (line 1119)
                      ; - jdk.internal.loader.Resource::cachedInputStream@9 (line 77)
                      ; - jdk.internal.loader.Resource::getByteBuffer@1 (line 163)
                      ; - java.net.URLClassLoader::defineClass@132 (line 511)
                      ; - java.net.URLClassLoader$1::run@43 (line 427)
  0x000002a8259f6c48: 34c6 1bff 

  0x000002a8259f6c4c: ;   {other}
  0x000002a8259f6c4c: 0f1f 8400 | bc68 009a | e93f eeff | ff4b 8d0c | dc45 33d2 | eb16 48c1 | e103 41ba | 0100 0000 
  0x000002a8259f6c6c: eb0a 498d | 0cd4 41ba | 0200 0000 | ba45 ffff | ff48 8b6c | 2458 448b | 5c24 3044 | 895c 2428 
  0x000002a8259f6c8c: 4c8b 5c24 | 384c 895c | 2430 4c8b | 5c24 404c | 895c 2438 | 448b 8424 | a800 0000 | 4489 4424 
  0x000002a8259f6cac: 2c44 8b5c | 2448 4489 | 5c24 404c | 8b5c 2468 | 4c89 5c24 | 584c 895c | 2460 448b | 4424 4c44 
  0x000002a8259f6ccc: 8944 2444 | 4c8b 5c24 | 784c 895c | 2448 4c8b | 9c24 8800 | 0000 4c89 | 9c24 8000 | 0000 4c89 
  0x000002a8259f6cec: 8c24 a000 | 0000 4489 | 9424 a800 | 0000 4889 | 8c24 b000 | 0000 899c | 24ac 0000 | 0089 bc24 
  0x000002a8259f6d0c: b800 0000 

  0x000002a8259f6d10: ;   {runtime_call UncommonTrapBlob}
  0x000002a8259f6d10: c5f8 77e8 

  0x000002a8259f6d14: ; ImmutableOopMap {rbp=Oop [40]=NarrowOop [44]=NarrowOop [48]=Oop [64]=NarrowOop [68]=NarrowOop [72]=Oop [88]=Oop [96]=Oop [112]=Oop [128]=Oop [136]=Oop [160]=Oop [176]=Oop [192]=Oop [264]=Oop }
                      ;*if_icmpge {reexecute=1 rethrow=0 return_oop=0}
                      ; - (reexecute) sun.nio.fs.NativeBuffers::releaseNativeBuffer@74 (line 125)
                      ; - sun.nio.fs.NativeBuffer::release@1 (line 70)
                      ; - sun.nio.fs.NativeBuffer::close@1 (line 66)
                      ; - sun.nio.fs.WindowsFileAttributes::get@62 (line 306)
                      ; - sun.nio.fs.WindowsFileAttributeViews$Basic::readAttributes@15 (line 51)
                      ; - sun.nio.fs.WindowsFileAttributeViews$Basic::readAttributes@1 (line 38)
                      ; - sun.nio.fs.WindowsFileSystemProvider::readAttributes@57 (line 197)
                      ; - java.nio.file.Files::readAttributes@7 (line 1854)
                      ; - java.io.IoOverNioFileSystem::getNioPath@66 (line 166)
                      ; - java.io.FileInputStream::<init>@104 (line 178)
                      ; - jdk.internal.loader.URLClassPath$FileLoader$1::getInputStream@8 (line 1119)
                      ; - jdk.internal.loader.Resource::cachedInputStream@9 (line 77)
                      ; - jdk.internal.loader.Resource::getByteBuffer@1 (line 163)
                      ; - java.net.URLClassLoader::defineClass@132 (line 511)
                      ; - java.net.URLClassLoader$1::run@43 (line 427)
  0x000002a8259f6d14: e80d 0fff 

  0x000002a8259f6d18: ;   {other}
  0x000002a8259f6d18: 0f1f 8400 | 8869 009b | bade ffff | ff4c 8b54 | 2458 4c89 | 5424 2044 | 8b94 24a8 | 0000 0044 
  0x000002a8259f6d38: 8954 2434 | 4c8b 5424 | 684c 8954 | 2458 4c89 | 5424 604c | 8b94 2488 | 0000 004c | 8994 2480 
  0x000002a8259f6d58: 0000 0090 

  0x000002a8259f6d5c: ;   {runtime_call UncommonTrapBlob}
  0x000002a8259f6d5c: c5f8 77e8 

  0x000002a8259f6d60: ; ImmutableOopMap {rbp=NarrowOop [32]=Oop [48]=NarrowOop [52]=NarrowOop [56]=Oop [72]=NarrowOop [76]=NarrowOop [88]=Oop [96]=Oop [112]=Oop [120]=Oop [128]=Oop [264]=Oop }
                      ;*checkcast {reexecute=0 rethrow=0 return_oop=0}
                      ; - sun.nio.fs.WindowsPath::getPathForWin32Calls@42 (line 195)
                      ; - sun.nio.fs.WindowsPath::getPathForWin32Calls@2 (line 180)
                      ; - sun.nio.fs.WindowsFileAttributes::get@21 (line 299)
                      ; - sun.nio.fs.WindowsFileAttributeViews$Basic::readAttributes@15 (line 51)
                      ; - sun.nio.fs.WindowsFileAttributeViews$Basic::readAttributes@1 (line 38)
                      ; - sun.nio.fs.WindowsFileSystemProvider::readAttributes@57 (line 197)
                      ; - java.nio.file.Files::readAttributes@7 (line 1854)
                      ; - java.io.IoOverNioFileSystem::getNioPath@66 (line 166)
                      ; - java.io.FileInputStream::<init>@104 (line 178)
                      ; - jdk.internal.loader.URLClassPath$FileLoader$1::getInputStream@8 (line 1119)
                      ; - jdk.internal.loader.Resource::cachedInputStream@9 (line 77)
                      ; - jdk.internal.loader.Resource::getByteBuffer@1 (line 163)
                      ; - java.net.URLClassLoader::defineClass@132 (line 511)
                      ; - java.net.URLClassLoader$1::run@43 (line 427)
  0x000002a8259f6d60: 9c0d 0fff 

  0x000002a8259f6d64: ;   {other}
  0x000002a8259f6d64: 0f1f 8400 | d469 009c | 498b d7c5 | f877 49ba | 200d a3b1 | fe7f 0000 

  0x000002a8259f6d7c: ;   {other}
  0x000002a8259f6d7c: 41ff d20f | 1f84 0000 | 0000 00e9 | 2edf ffff | 448b 5008 | 49b8 0000 | 0037 a802 | 0000 4d03 
  0x000002a8259f6d9c: c2e9 bf02 | 0000 e98a | 0600 0049 | b800 0000 | 37a8 0200 | 004d 03c3 | e9a8 0200 | 008b 6c24 
  0x000002a8259f6dbc: 304c 8b5c | 2428 4c89 | 5c24 204c | 8b5c 2440 | 4c89 5c24 | 2848 8b94 | 2480 0000 | 004c 8bc0 
  0x000002a8259f6ddc: ;   {optimized virtual_call}
  0x000002a8259f6ddc: c5f8 77e8 

  0x000002a8259f6de0: ; ImmutableOopMap {rbp=NarrowOop [32]=Oop [56]=Oop [72]=NarrowOop [88]=Oop [104]=Oop [112]=Oop [128]=Oop }
                      ;*invokevirtual addSuppressed {reexecute=0 rethrow=0 return_oop=0}
                      ; - java.io.FileInputStream::<init>@285 (line 176)
                      ; - jdk.internal.loader.URLClassPath$FileLoader$1::getInputStream@8 (line 1119)
                      ; - jdk.internal.loader.Resource::cachedInputStream@9 (line 77)
                      ; - jdk.internal.loader.Resource::getByteBuffer@1 (line 163)
                      ; - java.net.URLClassLoader::defineClass@132 (line 511)
                      ; - java.net.URLClassLoader$1::run@43 (line 427)
  0x000002a8259f6de0: 9c80 0eff 

  0x000002a8259f6de4: ;   {other}
  0x000002a8259f6de4: 0f1f 8400 | 546a 009d | e993 0600 | 004c 8bd0 | e996 0700 | 0048 8bd8 | e9b4 0100 | 0048 8bd8 
  0x000002a8259f6e04: e9ac 0100 | 0048 8bd8 | e9a4 0100 | 0048 8984 | 24e0 0000 | 00e9 d402 | 0000 4889 | 8424 8000 
  0x000002a8259f6e24: 0000 e942 | 0600 0048 | 8bd8 e917 | 0800 0044 | 8b50 0849 | bb00 0000 | 37a8 0200 | 004d 03da 
  0x000002a8259f6e44: e903 0600 | 004c 8bd0 | e93e 0700 | 0048 8bd8 | e9f1 0700 | 0044 8b58 

  0x000002a8259f6e5c: ;   {metadata('sun/nio/fs/WindowsException')}
  0x000002a8259f6e5c: 0841 81fb | 407f 8300 | 0f85 3dff | ffff 4889 | 8424 c000 | 0000 e9c4 | 0300 0048 | 8bd8 4c8b 
  0x000002a8259f6e7c: 9c24 8800 | 0000 488d | 8424 2801 | 0000 4883 | 3800 0f84 | 7900 0000 | 4d8b 1341 | f6c2 020f 
  0x000002a8259f6e9c: 8462 0000 | 0049 83ba | 8600 0000 | 0074 0949 | ff8a 8600 | 0000 eb4b | 498b 8296 | 0000 0049 
  0x000002a8259f6ebc: 0b82 8e00 | 0000 750a | 49c7 423e | 0000 0000 | eb3d 4983 | ba9e 0000 | 0000 7422 | 4833 c049 
  0x000002a8259f6edc: c742 3e00 | 0000 00f0 | 8304 2400 | 4983 ba9e | 0000 0000 | 750d f04d | 0fb1 7a3e | 7505 83c8 
  0x000002a8259f6efc: 01eb 0ca8 | 00eb 084c | 8b10 f04d | 0fb1 1375 | 0a49 ff8f | 5005 0000 | 4533 d20f | 8498 0000 
  0x000002a8259f6f1c: 0049 8bcb | 488d 9424 | 2801 0000 | 4d8b c7c5 | f877 49ba | f031 e5b1 | fe7f 0000 

  0x000002a8259f6f38: ;   {other}
  0x000002a8259f6f38: 41ff d20f | 1f84 0000 | 0000 00eb | 7048 8984 | 2490 0000 | 0048 8bd5 

  0x000002a8259f6f50: ;   {static_call}
  0x000002a8259f6f50: c5f8 77e8 

  0x000002a8259f6f54: ; ImmutableOopMap {[32]=Oop [40]=Oop [48]=NarrowOop [56]=Oop [72]=NarrowOop [76]=NarrowOop [80]=Oop [88]=Oop [96]=Oop [104]=Oop [112]=Oop [120]=Oop [128]=Oop [136]=Oop [144]=Oop [168]=NarrowOop }
                      ;*invokestatic CloseHandle {reexecute=0 rethrow=0 return_oop=0}
                      ; - sun.nio.fs.WindowsFileAttributes::get@269 (line 341)
                      ; - sun.nio.fs.WindowsFileAttributeViews$Basic::readAttributes@15 (line 51)
                      ; - sun.nio.fs.WindowsFileAttributeViews$Basic::readAttributes@1 (line 38)
                      ; - sun.nio.fs.WindowsFileSystemProvider::readAttributes@57 (line 197)
                      ; - java.nio.file.Files::readAttributes@7 (line 1854)
                      ; - java.io.IoOverNioFileSystem::getNioPath@66 (line 166)
                      ; - java.io.FileInputStream::<init>@104 (line 178)
                      ; - jdk.internal.loader.URLClassPath$FileLoader$1::getInputStream@8 (line 1119)
                      ; - jdk.internal.loader.Resource::cachedInputStream@9 (line 77)
                      ; - jdk.internal.loader.Resource::getByteBuffer@1 (line 163)
                      ; - java.net.URLClassLoader::defineClass@132 (line 511)
                      ; - java.net.URLClassLoader$1::run@43 (line 427)
  0x000002a8259f6f54: 2889 0eff 

  0x000002a8259f6f58: ;   {other}
  0x000002a8259f6f58: 0f1f 8400 | c86b 009e | 4c8b 9424 | 9000 0000 | 458b 5a08 | 49b8 0000 | 0037 a802 | 0000 4d03 
  0x000002a8259f6f78: c349 8bc2 | e9e0 0000 | 0044 8b58 | 0849 b800 | 0000 37a8 | 0200 004d | 03c3 e9ca | 0000 0044 
  0x000002a8259f6f98: 8b58 0849 | b800 0000 | 37a8 0200 | 004d 03c3 | e9b4 0000 | 0048 8bd8 | eb03 488b | d848 899c 
  0x000002a8259f6fb8: 24e0 0000 | 00e9 3001 | 0000 488b | d8e9 d20a | 0000 448b | 4008 49ba | 0000 0037 | a802 0000 
  0x000002a8259f6fd8: 4d03 d0e9 | e600 0000 | 4c8b d0e9 | a705 0000 | 4c8b d0e9 | 9f05 0000 | e970 0400 | 004c 8bd0 
  0x000002a8259f6ff8: e992 0500 | 0044 8b58 | 0849 ba00 | 0000 37a8 | 0200 004d | 03d3 e9b3 | 0000 0044 | 8b50 0849 
  0x000002a8259f7018: bb00 0000 | 37a8 0200 | 004d 03da | eb6b 448b | 5008 49b8 | 0000 0037 | a802 0000 | 4d03 c2eb 
  0x000002a8259f7038: 2844 8b50 | 0849 b800 | 0000 37a8 | 0200 004d | 03c2 eb15 | 49b8 0000 | 0037 a802 

  0x000002a8259f7054: ;   {no_reloc}
  0x000002a8259f7054: 0000 4d03 | c348 8b84 | 24e0 0000 | 004d 8b50 

  0x000002a8259f7064: ;   {metadata('sun/nio/fs/WindowsException')}
  0x000002a8259f7064: 4849 bb40 | 7f83 37a8 | 0200 004d | 3bd3 0f85 | 7002 0000 | 488b d0e9 | e501 0000 | 448b 5008 
  0x000002a8259f7084: 49bb 0000 | 0037 a802 | 0000 4d03 | da4d 8b53 

  0x000002a8259f7094: ;   {metadata('sun/nio/fs/WindowsException')}
  0x000002a8259f7094: 4849 bb40 | 7f83 37a8 | 0200 004d | 3bd3 0f85 | 7eff ffff | 4889 8424 | c000 0000 | e986 0100 
  0x000002a8259f70b4: 0044 8b40 | 0849 ba00 | 0000 37a8 | 0200 004d | 03d0 4d8b 

  0x000002a8259f70c8: ;   {metadata('sun/nio/fs/WindowsException')}
  0x000002a8259f70c8: 5248 49bb | 407f 8337 | a802 0000 | 4d3b d30f | 855c ffff | ff48 8984 | 24c0 0000 | 00e9 5101 
  0x000002a8259f70e8: 0000 4889 | 8424 e000 

  0x000002a8259f70f0: ;   {oop(a 'sun/nio/fs/NativeBuffers$1'{0x0000000700647348})}
  0x000002a8259f70f0: 0000 48ba | 4873 6400 | 0700 0000 

  0x000002a8259f70fc: ;   {optimized virtual_call}
  0x000002a8259f70fc: c5f8 77e8 

  0x000002a8259f7100: ; ImmutableOopMap {[32]=Oop [40]=Oop [48]=NarrowOop [56]=Oop [72]=NarrowOop [76]=NarrowOop [80]=Oop [88]=Oop [96]=Oop [104]=Oop [112]=Oop [120]=Oop [128]=Oop [136]=Oop [152]=NarrowOop [168]=NarrowOop [224]=Oop [264]=Oop }
                      ;*invokevirtual getCarrierThreadLocal {reexecute=0 rethrow=0 return_oop=1}
                      ; - java.lang.System$2::getCarrierThreadLocal@1 (line 2613)
                      ; - jdk.internal.misc.CarrierThreadLocal::get@4 (line 39)
                      ; - sun.nio.fs.NativeBuffers::releaseNativeBuffer@3 (line 108)
                      ; - sun.nio.fs.NativeBuffer::release@1 (line 70)
                      ; - sun.nio.fs.NativeBuffer::close@1 (line 66)
                      ; - sun.nio.fs.WindowsFileAttributes::get@86 (line 296)
                      ; - sun.nio.fs.WindowsFileAttributeViews$Basic::readAttributes@15 (line 51)
                      ; - sun.nio.fs.WindowsFileAttributeViews$Basic::readAttributes@1 (line 38)
                      ; - sun.nio.fs.WindowsFileSystemProvider::readAttributes@57 (line 197)
                      ; - java.nio.file.Files::readAttributes@7 (line 1854)
                      ; - java.io.IoOverNioFileSystem::getNioPath@66 (line 166)
                      ; - java.io.FileInputStream::<init>@104 (line 178)
                      ; - jdk.internal.loader.URLClassPath$FileLoader$1::getInputStream@8 (line 1119)
                      ; - jdk.internal.loader.Resource::cachedInputStream@9 (line 77)
                      ; - jdk.internal.loader.Resource::getByteBuffer@1 (line 163)
                      ; - java.net.URLClassLoader::defineClass@132 (line 511)
                      ; - java.net.URLClassLoader$1::run@43 (line 427)
  0x000002a8259f7100: 7c7d 0eff 

  0x000002a8259f7104: ;   {other}
  0x000002a8259f7104: 0f1f 8400 | 746d 009f | 4c8b d048 | 85c0 0f84 | d00a 0000 | 448b 4008 

  0x000002a8259f711c: ;   {metadata('sun/nio/fs/NativeBuffer'[])}
  0x000002a8259f711c: 4181 f808 | 2c04 020f | 8583 1000 | 004d 8bca | 458b 5a0c | 4183 fb02 | 0f86 da0d | 0000 458b 
  0x000002a8259f713c: 4210 4585 | c00f 8485 | 0000 0041 | 8b5a 1485 | db74 6f41 | 8b7a 1885 | ff74 5f4c | 8b94 2408 
  0x000002a8259f715c: 0100 0045 | 8b52 0c41 | 8bca 478b | 5cc4 0c41 | 8bf3 443b | d90f 8c6e | 0e00 0045 | 8b54 dc0c 
  0x000002a8259f717c: 418b f244 | 3bd1 0f8c | 660e 0000 | 458b 5cfc | 0c41 8bf3 | 443b d90f | 8c61 0e00 | 0048 8b94 
  0x000002a8259f719c: 2408 0100 | 0066 6690 

  0x000002a8259f71a4: ;   {optimized virtual_call}
  0x000002a8259f71a4: c5f8 77e8 

  0x000002a8259f71a8: ; ImmutableOopMap {[32]=Oop [40]=Oop [48]=NarrowOop [56]=Oop [72]=NarrowOop [76]=NarrowOop [80]=Oop [88]=Oop [96]=Oop [104]=Oop [112]=Oop [120]=Oop [128]=Oop [136]=Oop [168]=NarrowOop [224]=Oop }
                      ;*invokevirtual free {reexecute=0 rethrow=0 return_oop=0}
                      ; - sun.nio.fs.NativeBuffers::releaseNativeBuffer@93 (line 133)
                      ; - sun.nio.fs.NativeBuffer::release@1 (line 70)
                      ; - sun.nio.fs.NativeBuffer::close@1 (line 66)
                      ; - sun.nio.fs.WindowsFileAttributes::get@86 (line 296)
                      ; - sun.nio.fs.WindowsFileAttributeViews$Basic::readAttributes@15 (line 51)
                      ; - sun.nio.fs.WindowsFileAttributeViews$Basic::readAttributes@1 (line 38)
                      ; - sun.nio.fs.WindowsFileSystemProvider::readAttributes@57 (line 197)
                      ; - java.nio.file.Files::readAttributes@7 (line 1854)
                      ; - java.io.IoOverNioFileSystem::getNioPath@66 (line 166)
                      ; - java.io.FileInputStream::<init>@104 (line 178)
                      ; - jdk.internal.loader.URLClassPath$FileLoader$1::getInputStream@8 (line 1119)
                      ; - jdk.internal.loader.Resource::cachedInputStream@9 (line 77)
                      ; - jdk.internal.loader.Resource::getByteBuffer@1 (line 163)
                      ; - java.net.URLClassLoader::defineClass@132 (line 511)
                      ; - java.net.URLClassLoader$1::run@43 (line 427)
  0x000002a8259f71a8: d47c 0eff 

  0x000002a8259f71ac: ;   {other}
  0x000002a8259f71ac: 0f1f 8400 | 1c6e 00a0 | eb64 41ba | 0800 0000 | eb06 41ba | 0400 0000 | 498b d949 | 03da eb03 
  0x000002a8259f71cc: 498b da48 | 83c3 1041 | 807f 4000 | 0f85 9b0a | 0000 448b | 9424 9800 | 0000 4489 | 134c 8b94 
  0x000002a8259f71ec: 2408 0100 | 004c 8bdb | 4d33 d349 | c1ea 154d | 85d2 741a | 49c1 eb09 | 48b9 0000 | 8a2a a802 
  0x000002a8259f720c: 0000 4903 | cb80 3902 | 0f85 950a | 0000 4c8b | 9424 e000 | 0000 458b 

  0x000002a8259f7224: ;   {metadata('sun/nio/fs/WindowsException')}
  0x000002a8259f7224: 5a08 4181 | fb40 7f83 | 000f 8519 | feff ff4c | 8994 24c0 | 0000 0048 | 8b94 24c0 | 0000 0090 
  0x000002a8259f7244: ;   {optimized virtual_call}
  0x000002a8259f7244: c5f8 77e8 

  0x000002a8259f7248: ; ImmutableOopMap {[32]=Oop [40]=Oop [48]=NarrowOop [56]=Oop [72]=NarrowOop [76]=NarrowOop [80]=Oop [88]=Oop [96]=Oop [104]=Oop [112]=Oop [120]=Oop [128]=Oop [136]=Oop [168]=NarrowOop [192]=Oop }
                      ;*invokevirtual lastError {reexecute=0 rethrow=0 return_oop=0}
                      ; - sun.nio.fs.WindowsFileAttributes::get@109 (line 307)
                      ; - sun.nio.fs.WindowsFileAttributeViews$Basic::readAttributes@15 (line 51)
                      ; - sun.nio.fs.WindowsFileAttributeViews$Basic::readAttributes@1 (line 38)
                      ; - sun.nio.fs.WindowsFileSystemProvider::readAttributes@57 (line 197)
                      ; - java.nio.file.Files::readAttributes@7 (line 1854)
                      ; - java.io.IoOverNioFileSystem::getNioPath@66 (line 166)
                      ; - java.io.FileInputStream::<init>@104 (line 178)
                      ; - jdk.internal.loader.URLClassPath$FileLoader$1::getInputStream@8 (line 1119)
                      ; - jdk.internal.loader.Resource::cachedInputStream@9 (line 77)
                      ; - jdk.internal.loader.Resource::getByteBuffer@1 (line 163)
                      ; - java.net.URLClassLoader::defineClass@132 (line 511)
                      ; - java.net.URLClassLoader$1::run@43 (line 427)
  0x000002a8259f7248: 347c 0eff 

  0x000002a8259f724c: ;   {other}
  0x000002a8259f724c: 0f1f 8400 | bc6e 00a1 | 83f8 200f | 843b 0c00 | 0048 8b94 | 24c0 0000 | 004c 8b84 | 2488 0000 
  0x000002a8259f726c: 0066 6690 

  0x000002a8259f7270: ;   {optimized virtual_call}
  0x000002a8259f7270: c5f8 77e8 

  0x000002a8259f7274: ; ImmutableOopMap {[32]=Oop [40]=Oop [48]=NarrowOop [56]=Oop [72]=NarrowOop [76]=NarrowOop [80]=Oop [88]=Oop [96]=Oop [104]=Oop [112]=Oop [120]=Oop [128]=Oop [136]=Oop [168]=NarrowOop }
                      ;*invokevirtual rethrowAsIOException {reexecute=0 rethrow=0 return_oop=0}
                      ; - sun.nio.fs.WindowsFileAttributeViews$Basic::readAttributes@25 (line 53)
                      ; - sun.nio.fs.WindowsFileAttributeViews$Basic::readAttributes@1 (line 38)
                      ; - sun.nio.fs.WindowsFileSystemProvider::readAttributes@57 (line 197)
                      ; - java.nio.file.Files::readAttributes@7 (line 1854)
                      ; - java.io.IoOverNioFileSystem::getNioPath@66 (line 166)
                      ; - java.io.FileInputStream::<init>@104 (line 178)
                      ; - jdk.internal.loader.URLClassPath$FileLoader$1::getInputStream@8 (line 1119)
                      ; - jdk.internal.loader.Resource::cachedInputStream@9 (line 77)
                      ; - jdk.internal.loader.Resource::getByteBuffer@1 (line 163)
                      ; - java.net.URLClassLoader::defineClass@132 (line 511)
                      ; - java.net.URLClassLoader$1::run@43 (line 427)
  0x000002a8259f7274: 087c 0eff 

  0x000002a8259f7278: ;   {other}
  0x000002a8259f7278: 0f1f 8400 | e86e 00a2 | baf6 ffff | ff48 8b6c | 2458 448b | 5424 3044 | 8954 2428 | 4c8b 5424 
  0x000002a8259f7298: 384c 8954 | 2430 4c8b | 5424 404c | 8954 2438 | 448b 5424 | 4844 8954 | 2440 4c8b | 5424 684c 
  0x000002a8259f72b8: 8954 2458 | 4c89 5424 | 6044 8b54 | 244c 4489 | 5424 444c | 8b54 2478 | 4c89 5424 | 4866 6690 
  0x000002a8259f72d8: ;   {runtime_call UncommonTrapBlob}
  0x000002a8259f72d8: c5f8 77e8 

  0x000002a8259f72dc: ; ImmutableOopMap {rbp=Oop [40]=NarrowOop [48]=Oop [64]=NarrowOop [68]=NarrowOop [72]=Oop [88]=Oop [96]=Oop [112]=Oop [136]=Oop [168]=NarrowOop }
                      ;*invokeinterface isRegularFile {reexecute=0 rethrow=0 return_oop=0}
                      ; - java.io.IoOverNioFileSystem::getNioPath@69 (line 166)
                      ; - java.io.FileInputStream::<init>@104 (line 178)
                      ; - jdk.internal.loader.URLClassPath$FileLoader$1::getInputStream@8 (line 1119)
                      ; - jdk.internal.loader.Resource::cachedInputStream@9 (line 77)
                      ; - jdk.internal.loader.Resource::getByteBuffer@1 (line 163)
                      ; - java.net.URLClassLoader::defineClass@132 (line 511)
                      ; - java.net.URLClassLoader$1::run@43 (line 427)
  0x000002a8259f72dc: 2008 0fff 

  0x000002a8259f72e0: ;   {other}
  0x000002a8259f72e0: 0f1f 8400 | 506f 00a3 | 448b 5808 

  0x000002a8259f72ec: ;   {metadata('java/nio/file/NoSuchFileException')}
  0x000002a8259f72ec: 4181 fb50 | 6a34 000f | 843d c9ff | ff49 ba00 | 0000 37a8 | 0200 004d | 03d3 4d8b 

  0x000002a8259f7308: ;   {metadata('java/io/IOException')}
  0x000002a8259f7308: 5248 49bb | a054 0837 | a802 0000 | 4d3b d30f | 8548 0100 | 00ba 45ff | ffff 488b | 6c24 5844 
  0x000002a8259f7328: 8b54 2430 | 4489 5424 | 284c 8b54 | 2438 4c89 | 5424 304c | 8b54 2440 | 4c89 5424 | 3844 8b54 
  0x000002a8259f7348: 2448 4489 | 5424 404c | 8b54 2468 | 4c89 5424 | 584c 8954 | 2460 448b | 5424 4c44 | 8954 2444 
  0x000002a8259f7368: ;   {runtime_call UncommonTrapBlob}
  0x000002a8259f7368: c5f8 77e8 

  0x000002a8259f736c: ; ImmutableOopMap {rbp=Oop [40]=NarrowOop [48]=Oop [64]=NarrowOop [68]=NarrowOop [88]=Oop [96]=Oop [112]=Oop [120]=Oop [168]=NarrowOop }
                      ;*ifnull {reexecute=1 rethrow=0 return_oop=0}
                      ; - (reexecute) java.io.FileInputStream::<init>@112 (line 179)
                      ; - jdk.internal.loader.URLClassPath$FileLoader$1::getInputStream@8 (line 1119)
                      ; - jdk.internal.loader.Resource::cachedInputStream@9 (line 77)
                      ; - jdk.internal.loader.Resource::getByteBuffer@1 (line 163)
                      ; - java.net.URLClassLoader::defineClass@132 (line 511)
                      ; - java.net.URLClassLoader$1::run@43 (line 427)
  0x000002a8259f736c: 9007 0fff 

  0x000002a8259f7370: ;   {other}
  0x000002a8259f7370: 0f1f 8400 | e06f 00a4 | e995 0000 | 004c 8bd0 | e933 0200 | 0048 8bd8 | e98b 0300 | 0048 8bd8 
  0x000002a8259f7390: e983 0300 | 0048 8bd8 | e97b 0300 | 0048 8bd8 | 448b 5808 | 49b8 0000 | 0037 a802 | 0000 4d03 
  0x000002a8259f73b0: c348 8b6c | 2420 e937 | 0600 004c | 8bd0 e9cc | 0100 004c | 8bd0 e9c4 | 0100 0048 | 8bd8 e945 
  0x000002a8259f73d0: 0300 0048 | 8984 2480 | 0000 00e9 | 8d00 0000 | 488b d8e9 | 6202 0000 | 488b d8e9 | ac06 0000 
  0x000002a8259f73f0: 488b d8e9 | a406 0000 | 488b d8e9 | 9c06 0000 | 488b d8e9 | 1003 0000 | 4c8b d0e9 | 4701 0000 
  0x000002a8259f7410: eb00 488b | e8eb 0348 | 8be8 6690 

  0x000002a8259f741c: ;   {static_call}
  0x000002a8259f741c: c5f8 77e8 

  0x000002a8259f7420: ; ImmutableOopMap {rbp=Oop [40]=Oop [48]=NarrowOop [56]=Oop [72]=NarrowOop [88]=Oop [104]=Oop [112]=Oop [120]=Oop [128]=Oop }
                      ;*invokestatic remove {reexecute=0 rethrow=0 return_oop=0}
                      ; - java.io.IoOverNioFileSystem::initializeStreamUsingNio@25 (line 346)
                      ; - java.io.FileInputStream::<init>@151 (line 181)
                      ; - jdk.internal.loader.URLClassPath$FileLoader$1::getInputStream@8 (line 1119)
                      ; - jdk.internal.loader.Resource::cachedInputStream@9 (line 77)
                      ; - jdk.internal.loader.Resource::getByteBuffer@1 (line 163)
                      ; - java.net.URLClassLoader::defineClass@132 (line 511)
                      ; - java.net.URLClassLoader$1::run@43 (line 427)
  0x000002a8259f7420: 5c84 0eff 

  0x000002a8259f7424: ;   {other}
  0x000002a8259f7424: 0f1f 8400 | 9470 00a5 | 488b c5eb | 0048 8984 | 2480 0000 | 00eb 3244 | 8b50 0849 | bb00 0000 
  0x000002a8259f7444: 37a8 0200 | 004d 03da | 4d8b 5358 

  0x000002a8259f7450: ;   {metadata('java/nio/file/InvalidPathException')}
  0x000002a8259f7450: 49bb 88cf | 2237 a802 | 0000 4d3b | d30f 84ba | feff ffeb | 0048 8984 | 2480 0000 | 0048 8b54 
  0x000002a8259f7470: 2478 6690 

  0x000002a8259f7474: ;   {optimized virtual_call}
  0x000002a8259f7474: c5f8 77e8 

  0x000002a8259f7478: ; ImmutableOopMap {[40]=Oop [48]=NarrowOop [56]=Oop [72]=NarrowOop [88]=Oop [104]=Oop [112]=Oop [128]=Oop }
                      ;*invokevirtual close {reexecute=0 rethrow=0 return_oop=0}
                      ; - java.io.FileInputStream::<init>@273 (line 176)
                      ; - jdk.internal.loader.URLClassPath$FileLoader$1::getInputStream@8 (line 1119)
                      ; - jdk.internal.loader.Resource::cachedInputStream@9 (line 77)
                      ; - jdk.internal.loader.Resource::getByteBuffer@1 (line 163)
                      ; - java.net.URLClassLoader::defineClass@132 (line 511)
                      ; - java.net.URLClassLoader$1::run@43 (line 427)
  0x000002a8259f7478: 047a 0eff 

  0x000002a8259f747c: ;   {other}
  0x000002a8259f747c: 0f1f 8400 | ec70 00a6 | 488b 9c24 | 8000 0000 | e987 0200 | 0048 8bd8 | e903 0600 | 0048 8944 
  0x000002a8259f749c: 2450 8b6c | 2430 4c8b | 5424 284c | 8954 2420 | 4c8b 5424 | 404c 8954 | 2428 488b | 5424 7890 
  0x000002a8259f74bc: ;   {static_call}
  0x000002a8259f74bc: c5f8 77e8 

  0x000002a8259f74c0: ; ImmutableOopMap {rbp=NarrowOop [32]=Oop [56]=Oop [72]=NarrowOop [80]=Oop [88]=Oop [104]=Oop [112]=Oop [144]=Oop }
                      ;*invokestatic endInit {reexecute=0 rethrow=0 return_oop=0}
                      ; - java.util.jar.JarFile::ensureInitialization@53 (line 1074)
                      ; - java.util.jar.JavaUtilJarAccessImpl::ensureInitialization@1 (line 42)
                      ; - jdk.internal.loader.URLClassPath$JarLoader$2::getManifest@10 (line 852)
                      ; - java.net.URLClassLoader::defineClass@34 (line 491)
                      ; - java.net.URLClassLoader$1::run@43 (line 427)
  0x000002a8259f74c0: bc83 0eff 

  0x000002a8259f74c4: ;   {other}
  0x000002a8259f74c4: 0f1f 8400 | 3471 00a7 | 4c8b 5424 | 5049 8bda | e971 0100 | 0048 8bd8 | e969 0100 | 004c 8bd0 
  0x000002a8259f74e4: e99b 0000 | 0048 8bd8 | 448b 5008 | 49b8 0000 | 0037 a802 | 0000 4d03 | c248 8b6c | 2460 e9eb 
  0x000002a8259f7504: 0400 004c | 8bd0 e980 | 0000 004c | 8bd0 eb03 | 4c8b d049 | 8bda 458b | 5a08 49b8 | 0000 0037 
  0x000002a8259f7524: a802 0000 | 4d03 c348 | 8b6c 2428 | e9bd 0400 | 0048 8b6c | 2438 e9b3 | 0400 004c | 8bd0 eb03 
  0x000002a8259f7544: 4c8b d049 | 8bda e94d | 0500 004c | 8bd0 eb03 | 4c8b d049 | 8bda e93d | 0500 0048 | 8bd8 448b 
  0x000002a8259f7564: 5808 49b8 | 0000 0037 | a802 0000 | 4d03 c34d | 8b50 504c | 3bd5 75b9 | 4533 c9eb | 614c 8bd0 
  0x000002a8259f7584: 498b dae9 | 8c01 0000 | 4c8b d049 | 8bda e981 | 0100 0048 | 8bd8 448b 

  0x000002a8259f759c: ;   {metadata('java/nio/file/InvalidPathException')}
  0x000002a8259f759c: 5808 4181 | fb88 cf22 | 000f 856d | 0100 00bd | 0100 0000 | e955 b8ff | ff4c 8bd0 | 498b dae9 
  0x000002a8259f75bc: 5801 0000 | 488b d844 | 8b50 0849 | b800 0000 | 37a8 0200 | 004d 03c2 | 4d8b 5050 | 4c3b d575 
  0x000002a8259f75dc: 584c 8b4c | 2420 488b | 5424 504c | 8b84 2490 | 0000 0048 | 8b7c 2448 | 4c8b 5424 | 384c 8954 
  0x000002a8259f75fc: 2420 6690 

  0x000002a8259f7600: ;   {optimized virtual_call}
  0x000002a8259f7600: c5f8 77e8 

  0x000002a8259f7604: ; ImmutableOopMap {[32]=Oop [40]=Oop [48]=NarrowOop [52]=NarrowOop [72]=Oop [80]=Oop [88]=Oop [144]=Oop [160]=Oop [168]=NarrowOop }
                      ;*invokevirtual getAndVerifyPackage {reexecute=0 rethrow=0 return_oop=1}
                      ; - java.net.URLClassLoader::defineClass@97 (line 502)
                      ; - java.net.URLClassLoader$1::run@43 (line 427)
  0x000002a8259f7604: 7878 0eff 

  0x000002a8259f7608: ;   {other}
  0x000002a8259f7608: 0f1f 8400 | 7872 00a8 | 4885 c00f | 84b7 0500 | 004c 8b6c | 2420 448b | 7424 344c | 8b54 2448 
  0x000002a8259f7628: 4c8b 4c24 | 504d 8bc2 | e954 a3ff | ff48 8b6c | 2438 e9b3 | 0300 004c | 8bd0 e961 | 0300 0048 
  0x000002a8259f7648: 8bd8 4c8b | 5c24 7048 | 8d84 2420 | 0100 0048 | 8338 000f | 8479 0000 | 004d 8b13 | 41f6 c202 
  0x000002a8259f7668: 0f84 6200 | 0000 4983 | ba86 0000 | 0000 7409 | 49ff 8a86 | 0000 00eb | 4b49 8b82 | 9600 0000 
  0x000002a8259f7688: 490b 828e | 0000 0075 | 0a49 c742 | 3e00 0000 | 00eb 3d49 | 83ba 9e00 | 0000 0074 | 2248 33c0 
  0x000002a8259f76a8: 49c7 423e | 0000 0000 | f083 0424 | 0049 83ba | 9e00 0000 | 0075 0df0 | 4d0f b17a | 3e75 0583 
  0x000002a8259f76c8: c801 eb0c | a800 eb08 | 4c8b 10f0 | 4d0f b113 | 750a 49ff | 8f50 0500 | 0045 33d2 | 0f84 f202 
  0x000002a8259f76e8: 0000 498b | cb48 8d94 | 2420 0100 | 004d 8bc7 | c5f8 7749 | baf0 31e5 | b1fe 7f00 

  0x000002a8259f7704: ;   {no_reloc}
  0x000002a8259f7704: 0041 ffd2 

  0x000002a8259f7708: ;   {other}
  0x000002a8259f7708: 0f1f 8400 | 0000 0000 | e9c7 0200 | 0048 8bd8 | 488b 6c24 | 3848 8d84 | 2420 0100 | 0048 8338 
  0x000002a8259f7728: 000f 847b | 0000 004c | 8b55 0041 | f6c2 020f | 8462 0000 | 0049 83ba | 8600 0000 | 0074 0949 
  0x000002a8259f7748: ff8a 8600 | 0000 eb4b | 498b 8296 | 0000 0049 | 0b82 8e00 | 0000 750a | 49c7 423e | 0000 0000 
  0x000002a8259f7768: eb3e 4983 | ba9e 0000 | 0000 7422 | 4833 c049 | c742 3e00 | 0000 00f0 | 8304 2400 | 4983 ba9e 
  0x000002a8259f7788: 0000 0000 | 750d f04d | 0fb1 7a3e | 7505 83c8 | 01eb 0da8 | 00eb 094c | 8b10 f04c | 0fb1 5500 
  0x000002a8259f77a8: 750a 49ff | 8f50 0500 | 0045 33d2 | 0f85 e903 | 0000 448b | 5308 49b8 | 0000 0037 | a802 0000 
  0x000002a8259f77c8: 4d03 c2e9 | 2202 0000 | 488b d844 | 8b58 0849 | ba00 0000 | 37a8 0200 | 004d 03d3 | 4d8b 5248 
  0x000002a8259f77e8: ;   {metadata('java/io/IOException')}
  0x000002a8259f77e8: 49bb a054 | 0837 a802 | 0000 4d3b | d30f 854f | feff ff4c | 8bc8 498b | 87b8 0100 | 004c 8bd0 
  0x000002a8259f7808: 4983 c228 | 4d3b 97c8 | 0100 000f | 8338 0300 | 004d 8997 | b801 0000 | 4c8b d849 | 83c3 1048 
  0x000002a8259f7828: c700 0100 | 0000 410f | 1882 0001 

  0x000002a8259f7834: ;   {metadata('java/lang/RuntimeException')}
  0x000002a8259f7834: 0000 c740 | 0818 e906 | 0044 8960 | 0cc5 fdef | c041 b807 | 0000 00c4 | c178 92f8 | 62d1 fe2f 
  0x000002a8259f7854: 7f03 488b | e844 8b5c | 2430 4489 | 5c24 204c | 8b54 2440 | 4c89 5424 | 3048 8bd5 | 4d8b c144 
  0x000002a8259f7874: 8b5c 2448 | 4489 5c24 | 2466 6690 

  0x000002a8259f7880: ;   {optimized virtual_call}
  0x000002a8259f7880: c5f8 77e8 

  0x000002a8259f7884: ; ImmutableOopMap {rbp=Oop [32]=NarrowOop [36]=NarrowOop [40]=Oop [56]=Oop [88]=Oop [104]=Oop [112]=Oop [144]=Oop }
                      ;*invokespecial <init> {reexecute=0 rethrow=0 return_oop=0}
                      ; - java.util.jar.JarFile::ensureInitialization@13 (line 1066)
                      ; - java.util.jar.JavaUtilJarAccessImpl::ensureInitialization@1 (line 42)
                      ; - jdk.internal.loader.URLClassPath$JarLoader$2::getManifest@10 (line 852)
                      ; - java.net.URLClassLoader::defineClass@34 (line 491)
                      ; - java.net.URLClassLoader$1::run@43 (line 427)
  0x000002a8259f7884: f875 0eff 

  0x000002a8259f7888: ;   {other}
  0x000002a8259f7888: 0f1f 8400 | f874 00a9 | 4c8b 5c24 | 7048 8d84 | 2420 0100 | 0048 8338 | 000f 8479 | 0000 004d 
  0x000002a8259f78a8: 8b13 41f6 | c202 0f84 | 6200 0000 | 4983 ba86 | 0000 0000 | 7409 49ff | 8a86 0000 | 00eb 4b49 
  0x000002a8259f78c8: 8b82 9600 | 0000 490b | 828e 0000 | 0075 0a49 | c742 3e00 | 0000 00eb | 3d49 83ba | 9e00 0000 
  0x000002a8259f78e8: 0074 2248 | 33c0 49c7 | 423e 0000 | 0000 f083 | 0424 0049 | 83ba 9e00 | 0000 0075 | 0df0 4d0f 
  0x000002a8259f7908: b17a 3e75 | 0583 c801 | eb0c a800 | eb08 4c8b | 10f0 4d0f | b113 750a | 49ff 8f50 | 0500 0045 
  0x000002a8259f7928: 33d2 0f85 | 4802 0000 | 488b d5e9 | 6701 0000 | 488b d844 | 8b50 0849 | b800 0000 | 37a8 0200 
  0x000002a8259f7948: 004d 03c2 | e9a1 0000 | 0048 8bd8 | 448b 5008 | 49b8 0000 | 0037 a802 | 0000 4d03 | c248 8b6c 
  0x000002a8259f7968: 2460 e983 | 0000 0048 | 8bd8 448b | 5008 49b8 | 0000 0037 | a802 0000 | 4d03 c248 

  0x000002a8259f7984: ;   {no_reloc}
  0x000002a8259f7984: 8b6c 2460 | eb68 488b | d844 8b50 | 0849 b800 | 0000 37a8 | 0200 004d | 03c2 488b | 6c24 60eb 
  0x000002a8259f79a4: 4d4c 8bd0 | 498b da45 | 8b52 0849 | b800 0000 | 37a8 0200 | 004d 03c2 | eb34 488b | d844 8b58 
  0x000002a8259f79c4: 0849 b800 | 0000 37a8 | 0200 004d | 03c3 488b | 6c24 38eb | 1948 8bd8 | 448b 5b08 | 49b8 0000 
  0x000002a8259f79e4: 0037 a802 | 0000 4d03 | c348 8b6c | 2438 4d8b 

  0x000002a8259f79f4: ;   {metadata('java/io/IOException')}
  0x000002a8259f79f4: 5048 49bb | a054 0837 | a802 0000 | 4d3b d30f | 85a6 0000 | 004c 8bd3 | 4c89 5424 | 2049 8b87 
  0x000002a8259f7a14: b801 0000 | 4c8b d049 | 83c2 284d | 3b97 c801 | 0000 0f83 | 0601 0000 | 4d89 97b8 | 0100 0041 
  0x000002a8259f7a34: 0f18 8200 | 0100 0048 | c700 0100 

  0x000002a8259f7a40: ;   {metadata('java/lang/ClassNotFoundException')}
  0x000002a8259f7a40: 0000 c740 | 0828 f207 | 0044 8960 | 0c4c 8bd0 | 4983 c210 | c5fd efc0 | 41bb 0700 | 0000 c4c1 
  0x000002a8259f7a60: 7892 fb62 | d1fe 2f7f | 0248 8be8 | 4c8b 5424 | 5845 8b52 | 0c4d 8bc2 | 49c1 e003 | 488b d54c 
  0x000002a8259f7a80: 8b4c 2420 

  0x000002a8259f7a84: ;   {optimized virtual_call}
  0x000002a8259f7a84: c5f8 77e8 

  0x000002a8259f7a88: ; ImmutableOopMap {rbp=Oop }
                      ;*invokespecial <init> {reexecute=0 rethrow=0 return_oop=0}
                      ; - java.net.URLClassLoader$1::run@57 (line 429)
  0x000002a8259f7a88: f473 0eff 

  0x000002a8259f7a8c: ;   {other}
  0x000002a8259f7a8c: 0f1f 8400 | fc76 00aa | 488b d5eb | 0648 8bd8 | 488b d3c5 | f877 4881 | c440 0100 

  0x000002a8259f7aa8: ;   {runtime_call _rethrow_Java}
  0x000002a8259f7aa8: 005d e951 | fe24 ff4d 

  0x000002a8259f7ab0: ;   {metadata('java/lang/ClassFormatError')}
  0x000002a8259f7ab0: 8b50 5049 | bbf8 6608 | 37a8 0200 | 004d 3bd3 | 75da 4c8b | d34c 8954 | 2420 488b | d590 c5f8 
  0x000002a8259f7ad0: 7748 b8ff | ffff ffff 

  0x000002a8259f7ad8: ;   {virtual_call}
  0x000002a8259f7ad8: ffff ffe8 

  0x000002a8259f7adc: ; ImmutableOopMap {rbp=Oop [32]=Oop }
                      ;*invokevirtual getDataError {reexecute=0 rethrow=0 return_oop=1}
                      ; - java.net.URLClassLoader$1::run@63 (line 431)
  0x000002a8259f7adc: a078 0eff 

  0x000002a8259f7ae0: ;   {other}
  0x000002a8259f7ae0: 0f1f 8400 | 5077 00ab | 4885 c074 | 3b48 8bd5 | 488b 6c24 | 2090 c5f8 | 7748 b8ff | ffff ffff 
  0x000002a8259f7b00: ;   {virtual_call}
  0x000002a8259f7b00: ffff ffe8 

  0x000002a8259f7b04: ; ImmutableOopMap {rbp=Oop [32]=Oop }
                      ;*invokevirtual getDataError {reexecute=0 rethrow=0 return_oop=1}
                      ; - java.net.URLClassLoader$1::run@71 (line 432)
  0x000002a8259f7b04: 7878 0eff 

  0x000002a8259f7b08: ;   {other}
  0x000002a8259f7b08: 0f1f 8400 | 7877 00ac | 488b d54c | 8bc0 6690 

  0x000002a8259f7b18: ;   {optimized virtual_call}
  0x000002a8259f7b18: c5f8 77e8 

  0x000002a8259f7b1c: ; ImmutableOopMap {rbp=Oop [32]=Oop }
                      ;*invokevirtual addSuppressed {reexecute=0 rethrow=0 return_oop=0}
                      ; - java.net.URLClassLoader$1::run@74 (line 432)
  0x000002a8259f7b1c: 6073 0eff 

  0x000002a8259f7b20: ;   {other}
  0x000002a8259f7b20: 0f1f 8400 | 9077 00ad | 488b 5424 | 20e9 6dff 

  0x000002a8259f7b30: ;   {metadata('java/lang/ClassNotFoundException')}
  0x000002a8259f7b30: ffff 48ba | 28f2 0737 | a802 0000 

  0x000002a8259f7b3c: ;   {runtime_call _new_instance_Java}
  0x000002a8259f7b3c: c5f8 77e8 

  0x000002a8259f7b40: ; ImmutableOopMap {[32]=Oop [88]=Oop }
                      ;*new {reexecute=0 rethrow=0 return_oop=1}
                      ; - java.net.URLClassLoader$1::run@48 (line 429)
  0x000002a8259f7b40: 3cb7 1bff 

  0x000002a8259f7b44: ;   {other}
  0x000002a8259f7b44: 0f1f 8400 | b477 00ae | e918 ffff | ff49 8be9 

  0x000002a8259f7b54: ;   {metadata('java/lang/RuntimeException')}
  0x000002a8259f7b54: 48ba 18e9 | 0637 a802 | 0000 6690 

  0x000002a8259f7b60: ;   {runtime_call _new_instance_Java}
  0x000002a8259f7b60: c5f8 77e8 

  0x000002a8259f7b64: ; ImmutableOopMap {rbp=Oop [40]=Oop [48]=NarrowOop [56]=Oop [72]=NarrowOop [88]=Oop [104]=Oop [112]=Oop [144]=Oop }
                      ;*new {reexecute=0 rethrow=0 return_oop=1}
                      ; - java.util.jar.JarFile::ensureInitialization@8 (line 1066)
                      ; - java.util.jar.JavaUtilJarAccessImpl::ensureInitialization@1 (line 42)
                      ; - jdk.internal.loader.URLClassPath$JarLoader$2::getManifest@10 (line 852)
                      ; - java.net.URLClassLoader::defineClass@34 (line 491)
                      ; - java.net.URLClassLoader$1::run@43 (line 427)
  0x000002a8259f7b64: 18b7 1bff 

  0x000002a8259f7b68: ;   {other}
  0x000002a8259f7b68: 0f1f 8400 | d877 00af | 4c8b cde9 | defc ffff | 498b cb48 | 8d94 2420 | 0100 004d | 8bc7 c5f8 
  0x000002a8259f7b88: 7749 baf0 | 31e5 b1fe | 7f00 0041 

  0x000002a8259f7b94: ;   {other}
  0x000002a8259f7b94: ffd2 0f1f | 8400 0000 | 0000 e98d | fdff ff48 | 8b4c 2438 | 488d 9424 | 2001 0000 | 4d8b c7c5 
  0x000002a8259f7bb4: f877 49ba | f031 e5b1 | fe7f 0000 

  0x000002a8259f7bc0: ;   {other}
  0x000002a8259f7bc0: 41ff d20f | 1f84 0000 | 0000 00e9 | eafb ffff | bafd 0000 | 0066 6690 

  0x000002a8259f7bd8: ;   {runtime_call UncommonTrapBlob}
  0x000002a8259f7bd8: c5f8 77e8 

  0x000002a8259f7bdc: ; ImmutableOopMap {[32]=Oop [88]=Oop [144]=Oop }
                      ;*new {reexecute=0 rethrow=0 return_oop=0}
                      ; - java.net.URLClassLoader::defineClass@103 (line 504)
                      ; - java.net.URLClassLoader$1::run@43 (line 427)
  0x000002a8259f7bdc: 20ff 0eff 

  0x000002a8259f7be0: ;   {other}
  0x000002a8259f7be0: 0f1f 8400 | 5078 00b0 | 498b 87b8 | 0100 004c | 8bd0 4983 | c220 4d3b | 97c8 0100 | 000f 83bd 
  0x000002a8259f7c00: 0300 004d | 8997 b801 | 0000 4c8b | d849 83c3 | 1048 c700 | 0100 0000 | 410f 1882 | 0001 0000 
  0x000002a8259f7c20: ;   {metadata('sun/nio/fs/NativeBuffer'[])}
  0x000002a8259f7c20: c740 0808 | 2c04 0241 | 0f18 8240 | 0100 00c7 | 400c 0300 | 0000 410f | 1882 8001 | 0000 c5fd 
  0x000002a8259f7c40: efc0 62d1 | fe08 7f03 | 4c8b c044 | 8b9c 2498 | 0000 0045 

  0x000002a8259f7c54: ;   {oop(a 'sun/nio/fs/NativeBuffers$1'{0x0000000700647348})}
  0x000002a8259f7c54: 8958 1048 | ba48 7364 | 0007 0000 | 0066 6690 

  0x000002a8259f7c64: ;   {optimized virtual_call}
  0x000002a8259f7c64: c5f8 77e8 

  0x000002a8259f7c68: ; ImmutableOopMap {[32]=Oop [40]=Oop [48]=NarrowOop [56]=Oop [72]=NarrowOop [76]=NarrowOop [80]=Oop [88]=Oop [96]=Oop [104]=Oop [112]=Oop [120]=Oop [128]=Oop [136]=Oop [168]=NarrowOop [224]=Oop }
                      ;*invokevirtual set {reexecute=0 rethrow=0 return_oop=0}
                      ; - sun.nio.fs.NativeBuffers::releaseNativeBuffer@27 (line 112)
                      ; - sun.nio.fs.NativeBuffer::release@1 (line 70)
                      ; - sun.nio.fs.NativeBuffer::close@1 (line 66)
                      ; - sun.nio.fs.WindowsFileAttributes::get@86 (line 296)
                      ; - sun.nio.fs.WindowsFileAttributeViews$Basic::readAttributes@15 (line 51)
                      ; - sun.nio.fs.WindowsFileAttributeViews$Basic::readAttributes@1 (line 38)
                      ; - sun.nio.fs.WindowsFileSystemProvider::readAttributes@57 (line 197)
                      ; - java.nio.file.Files::readAttributes@7 (line 1854)
                      ; - java.io.IoOverNioFileSystem::getNioPath@66 (line 166)
                      ; - java.io.FileInputStream::<init>@104 (line 178)
                      ; - jdk.internal.loader.URLClassPath$FileLoader$1::getInputStream@8 (line 1119)
                      ; - jdk.internal.loader.Resource::cachedInputStream@9 (line 77)
                      ; - jdk.internal.loader.Resource::getByteBuffer@1 (line 163)
                      ; - java.net.URLClassLoader::defineClass@132 (line 511)
                      ; - java.net.URLClassLoader$1::run@43 (line 427)
  0x000002a8259f7c68: 1472 0eff 

  0x000002a8259f7c6c: ;   {other}
  0x000002a8259f7c6c: 0f1f 8400 | dc78 00b1 | e9a1 f5ff | ff44 8b1b | 4585 db0f | 8459 f5ff | ff4d 8b57 | 2849 8bcb 
  0x000002a8259f7c8c: 48c1 e103 | 4d85 d20f | 8407 0300 | 004d 8b5f | 384b 894c | 13f8 4983 | c2f8 4d89 | 5728 e92f 
  0x000002a8259f7cac: f5ff ff4d | 8b57 484d | 8b5f 58f0 | 8344 24c0 | 0080 3900 | 0f84 54f5 | ffff 4488 | 214d 85d2 
  0x000002a8259f7ccc: 7520 498b | d7c5 f877 | 49ba 000d | a3b1 fe7f | 0000 41ff 

  0x000002a8259f7ce0: ;   {other}
  0x000002a8259f7ce0: d20f 1f84 | 0000 0000 | 00e9 2cf5 | ffff 4b89 | 4c13 f849 | 83c2 f84d | 8957 48e9 | 1af5 ffff 
  0x000002a8259f7d00: baf6 ffff | ff48 8b6c | 2458 448b | 5424 3044 | 8954 2428 | 4c8b 5424 | 384c 8954 | 2430 4c8b 
  0x000002a8259f7d20: 5424 404c | 8954 2438 | 448b 5424 | 4844 8954 | 2440 4c8b | 5424 684c | 8954 2458 | 4c89 5424 
  0x000002a8259f7d40: 6044 8b54 | 244c 4489 | 5424 444c | 8b54 2478 | 4c89 5424 | 484c 8b94 | 2488 0000 | 004c 8954 
  0x000002a8259f7d60: 2478 6690 

  0x000002a8259f7d64: ;   {runtime_call UncommonTrapBlob}
  0x000002a8259f7d64: c5f8 77e8 

  0x000002a8259f7d68: ; ImmutableOopMap {rbp=Oop [40]=NarrowOop [48]=Oop [64]=NarrowOop [68]=NarrowOop [72]=Oop [88]=Oop [96]=Oop [112]=Oop [120]=Oop [168]=NarrowOop [264]=Oop }
                      ;*invokevirtual length {reexecute=0 rethrow=0 return_oop=0}
                      ; - sun.nio.fs.WindowsPath::getPathForWin32Calls@62 (line 210)
                      ; - sun.nio.fs.WindowsPath::getPathForWin32Calls@2 (line 180)
                      ; - sun.nio.fs.WindowsFileAttributes::get@21 (line 299)
                      ; - sun.nio.fs.WindowsFileAttributeViews$Basic::readAttributes@15 (line 51)
                      ; - sun.nio.fs.WindowsFileAttributeViews$Basic::readAttributes@1 (line 38)
                      ; - sun.nio.fs.WindowsFileSystemProvider::readAttributes@57 (line 197)
                      ; - java.nio.file.Files::readAttributes@7 (line 1854)
                      ; - java.io.IoOverNioFileSystem::getNioPath@66 (line 166)
                      ; - java.io.FileInputStream::<init>@104 (line 178)
                      ; - jdk.internal.loader.URLClassPath$FileLoader$1::getInputStream@8 (line 1119)
                      ; - jdk.internal.loader.Resource::cachedInputStream@9 (line 77)
                      ; - jdk.internal.loader.Resource::getByteBuffer@1 (line 163)
                      ; - java.net.URLClassLoader::defineClass@132 (line 511)
                      ; - java.net.URLClassLoader$1::run@43 (line 427)
  0x000002a8259f7d68: 94fd 0eff 

  0x000002a8259f7d6c: ;   {other}
  0x000002a8259f7d6c: 0f1f 8400 | dc79 00b2 | 498b d34c | 8d84 2428 | 0100 0090 

  0x000002a8259f7d80: ;   {runtime_call _complete_monitor_locking_Java}
  0x000002a8259f7d80: c5f8 77e8 

  0x000002a8259f7d84: ; ImmutableOopMap {rbp=Oop [32]=Oop [40]=Oop [48]=NarrowOop [56]=Oop [72]=NarrowOop [76]=NarrowOop [80]=Oop [88]=Oop [96]=Oop [104]=Oop [112]=Oop [120]=Oop [128]=Oop [136]=Oop [152]=NarrowOop [168]=NarrowOop [264]=Oop }
                      ;*monitorenter {reexecute=0 rethrow=0 return_oop=0}
                      ; - sun.nio.fs.WindowsPath::getPathForWin32Calls@120 (line 222)
                      ; - sun.nio.fs.WindowsPath::getPathForWin32Calls@2 (line 180)
                      ; - sun.nio.fs.WindowsFileAttributes::get@21 (line 299)
                      ; - sun.nio.fs.WindowsFileAttributeViews$Basic::readAttributes@15 (line 51)
                      ; - sun.nio.fs.WindowsFileAttributeViews$Basic::readAttributes@1 (line 38)
                      ; - sun.nio.fs.WindowsFileSystemProvider::readAttributes@57 (line 197)
                      ; - java.nio.file.Files::readAttributes@7 (line 1854)
                      ; - java.io.IoOverNioFileSystem::getNioPath@66 (line 166)
                      ; - java.io.FileInputStream::<init>@104 (line 178)
                      ; - jdk.internal.loader.URLClassPath$FileLoader$1::getInputStream@8 (line 1119)
                      ; - jdk.internal.loader.Resource::cachedInputStream@9 (line 77)
                      ; - jdk.internal.loader.Resource::getByteBuffer@1 (line 163)
                      ; - java.net.URLClassLoader::defineClass@132 (line 511)
                      ; - java.net.URLClassLoader$1::run@43 (line 427)
  0x000002a8259f7d84: f824 1cff 

  0x000002a8259f7d88: ;   {other}
  0x000002a8259f7d88: 0f1f 8400 | f879 00b3 | e9b6 dcff | ff49 8bcb | 488d 9424 | 2801 0000 | 4d8b c7c5 | f877 49ba 
  0x000002a8259f7da8: f031 e5b1 | fe7f 0000 

  0x000002a8259f7db0: ;   {other}
  0x000002a8259f7db0: 41ff d20f | 1f84 0000 | 0000 00e9 | a2de ffff | ba5e 0000 | 0048 8b6c | 2458 4c8b | 5424 3844 
  0x000002a8259f7dd0: 8b5c 2430 | 4489 5c24 | 284c 8954 | 2430 4c8b | 5424 404c | 8954 2438 | 448b 5c24 | 4844 895c 
  0x000002a8259f7df0: 2440 4c8b | 5424 684c | 8954 2458 | 4c89 5424 | 6044 8b54 | 244c 4489 | 5424 444c | 8b54 2478 
  0x000002a8259f7e10: 4c89 5424 | 484c 8b94 | 2488 0000 | 004c 8994 | 2480 0000 | 0066 6690 

  0x000002a8259f7e28: ;   {runtime_call UncommonTrapBlob}
  0x000002a8259f7e28: c5f8 77e8 

  0x000002a8259f7e2c: ; ImmutableOopMap {rbp=Oop [40]=NarrowOop [48]=Oop [64]=NarrowOop [68]=NarrowOop [72]=Oop [88]=Oop [96]=Oop [112]=Oop [128]=Oop [136]=Oop [168]=NarrowOop [264]=Oop }
                      ;*new {reexecute=0 rethrow=0 return_oop=0}
                      ; - sun.nio.fs.WindowsPath::getPathForWin32Calls@85 (line 212)
                      ; - sun.nio.fs.WindowsPath::getPathForWin32Calls@2 (line 180)
                      ; - sun.nio.fs.WindowsFileAttributes::get@21 (line 299)
                      ; - sun.nio.fs.WindowsFileAttributeViews$Basic::readAttributes@15 (line 51)
                      ; - sun.nio.fs.WindowsFileAttributeViews$Basic::readAttributes@1 (line 38)
                      ; - sun.nio.fs.WindowsFileSystemProvider::readAttributes@57 (line 197)
                      ; - java.nio.file.Files::readAttributes@7 (line 1854)
                      ; - java.io.IoOverNioFileSystem::getNioPath@66 (line 166)
                      ; - java.io.FileInputStream::<init>@104 (line 178)
                      ; - jdk.internal.loader.URLClassPath$FileLoader$1::getInputStream@8 (line 1119)
                      ; - jdk.internal.loader.Resource::cachedInputStream@9 (line 77)
                      ; - jdk.internal.loader.Resource::getByteBuffer@1 (line 163)
                      ; - java.net.URLClassLoader::defineClass@132 (line 511)
                      ; - java.net.URLClassLoader$1::run@43 (line 427)
  0x000002a8259f7e2c: d0fc 0eff 

  0x000002a8259f7e30: ;   {other}
  0x000002a8259f7e30: 0f1f 8400 | a07a 00b4 | 498b d7c5 | f877 49ba | 200d a3b1 | fe7f 0000 

  0x000002a8259f7e48: ;   {other}
  0x000002a8259f7e48: 41ff d20f | 1f84 0000 | 0000 00e9 | 1fdd ffff | 498b d7c5 | f877 49ba | 200d a3b1 | fe7f 0000 
  0x000002a8259f7e68: ;   {other}
  0x000002a8259f7e68: 41ff d20f | 1f84 0000 | 0000 00e9 | a6dc ffff | 498b d7c5 | f877 49ba | 200d a3b1 | fe7f 0000 
  0x000002a8259f7e88: ;   {other}
  0x000002a8259f7e88: 41ff d20f | 1f84 0000 | 0000 00e9 | 2bdc ffff | ba45 ffff | ff48 8b6c | 2458 4c8b | 5c24 3844 
  0x000002a8259f7ea8: 8b44 2430 | 4489 4424 | 284c 895c | 2430 4c8b | 5c24 404c | 895c 2438 | 448b 5c24 | 4844 895c 
  0x000002a8259f7ec8: 2440 4c8b | 5c24 684c | 895c 2458 | 4c89 5c24 | 6044 8b44 | 244c 4489 | 4424 444c | 8b5c 2478 
  0x000002a8259f7ee8: 4c89 5c24 | 484c 8b9c | 2488 0000 | 004c 899c | 2480 0000 | 0089 8424 | 9800 0000 

  0x000002a8259f7f04: ;   {runtime_call UncommonTrapBlob}
  0x000002a8259f7f04: c5f8 77e8 

  0x000002a8259f7f08: ; ImmutableOopMap {rbp=Oop [40]=NarrowOop [48]=Oop [64]=NarrowOop [68]=NarrowOop [72]=Oop [88]=Oop [96]=Oop [112]=Oop [128]=Oop [136]=Oop [168]=NarrowOop [192]=Oop }
                      ;*if_icmpeq {reexecute=1 rethrow=0 return_oop=0}
                      ; - (reexecute) sun.nio.fs.WindowsFileAttributes::get@114 (line 307)
                      ; - sun.nio.fs.WindowsFileAttributeViews$Basic::readAttributes@15 (line 51)
                      ; - sun.nio.fs.WindowsFileAttributeViews$Basic::readAttributes@1 (line 38)
                      ; - sun.nio.fs.WindowsFileSystemProvider::readAttributes@57 (line 197)
                      ; - java.nio.file.Files::readAttributes@7 (line 1854)
                      ; - java.io.IoOverNioFileSystem::getNioPath@66 (line 166)
                      ; - java.io.FileInputStream::<init>@104 (line 178)
                      ; - jdk.internal.loader.URLClassPath$FileLoader$1::getInputStream@8 (line 1119)
                      ; - jdk.internal.loader.Resource::cachedInputStream@9 (line 77)
                      ; - jdk.internal.loader.Resource::getByteBuffer@1 (line 163)
                      ; - java.net.URLClassLoader::defineClass@132 (line 511)
                      ; - java.net.URLClassLoader$1::run@43 (line 427)
  0x000002a8259f7f08: f4fb 0eff 

  0x000002a8259f7f0c: ;   {other}
  0x000002a8259f7f0c: 0f1f 8400 | 7c7b 00b5 | bae4 ffff | ff48 8b6c | 2458 4c8b | 5424 3844 | 8b5c 2430 | 4489 5c24 
  0x000002a8259f7f2c: 284c 8954 | 2430 4c8b | 5424 404c | 8954 2438 | 448b 9424 | a800 0000 | 4489 5424 | 2c44 8b54 
  0x000002a8259f7f4c: 2448 4489 | 5424 404c | 8b54 2468 | 4c89 5424 | 584c 8954 | 2460 448b | 5c24 4c44 | 895c 2444 
  0x000002a8259f7f6c: 4c8b 5424 | 784c 8954 | 2448 4c8b | 9424 8800 | 0000 4c89 | 9424 8000 | 0000 4c89 | 8c24 a800 
  0x000002a8259f7f8c: 0000 6690 

  0x000002a8259f7f90: ;   {runtime_call UncommonTrapBlob}
  0x000002a8259f7f90: c5f8 77e8 

  0x000002a8259f7f94: ; ImmutableOopMap {rbp=Oop [40]=NarrowOop [44]=NarrowOop [48]=Oop [64]=NarrowOop [68]=NarrowOop [72]=Oop [88]=Oop [96]=Oop [112]=Oop [128]=Oop [136]=Oop [168]=Oop [224]=Oop [264]=Oop }
                      ;*aaload {reexecute=0 rethrow=0 return_oop=0}
                      ; - sun.nio.fs.NativeBuffers::releaseNativeBuffer@40 (line 117)
                      ; - sun.nio.fs.NativeBuffer::release@1 (line 70)
                      ; - sun.nio.fs.NativeBuffer::close@1 (line 66)
                      ; - sun.nio.fs.WindowsFileAttributes::get@86 (line 296)
                      ; - sun.nio.fs.WindowsFileAttributeViews$Basic::readAttributes@15 (line 51)
                      ; - sun.nio.fs.WindowsFileAttributeViews$Basic::readAttributes@1 (line 38)
                      ; - sun.nio.fs.WindowsFileSystemProvider::readAttributes@57 (line 197)
                      ; - java.nio.file.Files::readAttributes@7 (line 1854)
                      ; - java.io.IoOverNioFileSystem::getNioPath@66 (line 166)
                      ; - java.io.FileInputStream::<init>@104 (line 178)
                      ; - jdk.internal.loader.URLClassPath$FileLoader$1::getInputStream@8 (line 1119)
                      ; - jdk.internal.loader.Resource::cachedInputStream@9 (line 77)
                      ; - jdk.internal.loader.Resource::getByteBuffer@1 (line 163)
                      ; - java.net.URLClassLoader::defineClass@132 (line 511)
                      ; - java.net.URLClassLoader$1::run@43 (line 427)
  0x000002a8259f7f94: 68fb 0eff 

  0x000002a8259f7f98: ;   {other}
  0x000002a8259f7f98: 0f1f 8400 | 087c 00b6 | 498b d7c5 | f877 49ba | 200d a3b1 | fe7f 0000 

  0x000002a8259f7fb0: ;   {other}
  0x000002a8259f7fb0: 41ff d20f | 1f84 0000 | 0000 00e9 | 1ef2 ffff 

  0x000002a8259f7fc0: ;   {metadata('sun/nio/fs/NativeBuffer'[])}
  0x000002a8259f7fc0: 48ba 082c | 0439 a802 | 0000 41b8 | 0300 0000 

  0x000002a8259f7fd0: ;   {runtime_call _new_array_Java}
  0x000002a8259f7fd0: c5f8 77e8 

  0x000002a8259f7fd4: ; ImmutableOopMap {[32]=Oop [40]=Oop [48]=NarrowOop [56]=Oop [72]=NarrowOop [76]=NarrowOop [80]=Oop [88]=Oop [96]=Oop [104]=Oop [112]=Oop [120]=Oop [128]=Oop [136]=Oop [152]=NarrowOop [168]=NarrowOop [224]=Oop [264]=Oop }
                      ;*anewarray {reexecute=0 rethrow=0 return_oop=1}
                      ; - sun.nio.fs.NativeBuffers::releaseNativeBuffer@15 (line 110)
                      ; - sun.nio.fs.NativeBuffer::release@1 (line 70)
                      ; - sun.nio.fs.NativeBuffer::close@1 (line 66)
                      ; - sun.nio.fs.WindowsFileAttributes::get@86 (line 296)
                      ; - sun.nio.fs.WindowsFileAttributeViews$Basic::readAttributes@15 (line 51)
                      ; - sun.nio.fs.WindowsFileAttributeViews$Basic::readAttributes@1 (line 38)
                      ; - sun.nio.fs.WindowsFileSystemProvider::readAttributes@57 (line 197)
                      ; - java.nio.file.Files::readAttributes@7 (line 1854)
                      ; - java.io.IoOverNioFileSystem::getNioPath@66 (line 166)
                      ; - java.io.FileInputStream::<init>@104 (line 178)
                      ; - jdk.internal.loader.URLClassPath$FileLoader$1::getInputStream@8 (line 1119)
                      ; - jdk.internal.loader.Resource::cachedInputStream@9 (line 77)
                      ; - jdk.internal.loader.Resource::getByteBuffer@1 (line 163)
                      ; - java.net.URLClassLoader::defineClass@132 (line 511)
                      ; - java.net.URLClassLoader$1::run@43 (line 427)
  0x000002a8259f7fd4: a8cc 1bff 

  0x000002a8259f7fd8: ;   {other}
  0x000002a8259f7fd8: 0f1f 8400 | 487c 00b7 | e963 fcff | ff4b 8d1c | c445 33d2 | eb16 48c1 | e303 41ba | 0100 0000 
  0x000002a8259f7ff8: eb0a 498d | 1cfc 41ba | 0200 0000 | ba45 ffff | ff48 8b6c | 2458 4c8b | 5c24 3844 | 8b44 2430 
  0x000002a8259f8018: 4489 4424 | 284c 895c | 2430 4c8b | 5c24 404c | 895c 2438 | 448b 8424 | a800 0000 | 4489 4424 
  0x000002a8259f8038: 2c44 8b5c | 2448 4489 | 5c24 404c | 8b5c 2468 | 4c89 5c24 | 584c 895c | 2460 448b | 4424 4c44 
  0x000002a8259f8058: 8944 2444 | 4c8b 5c24 | 784c 895c | 2448 4c8b | 9c24 8800 | 0000 4c89 | 9c24 8000 | 0000 4c89 
  0x000002a8259f8078: 8c24 a000 | 0000 4489 | 9424 a800 | 0000 4889 | 9c24 b000 | 0000 89b4 | 24ac 0000 | 0089 8c24 
  0x000002a8259f8098: b800 0000 

  0x000002a8259f809c: ;   {runtime_call UncommonTrapBlob}
  0x000002a8259f809c: c5f8 77e8 

  0x000002a8259f80a0: ; ImmutableOopMap {rbp=Oop [40]=NarrowOop [44]=NarrowOop [48]=Oop [64]=NarrowOop [68]=NarrowOop [72]=Oop [88]=Oop [96]=Oop [112]=Oop [128]=Oop [136]=Oop [160]=Oop [176]=Oop [224]=Oop [264]=Oop }
                      ;*if_icmpge {reexecute=1 rethrow=0 return_oop=0}
                      ; - (reexecute) sun.nio.fs.NativeBuffers::releaseNativeBuffer@74 (line 125)
                      ; - sun.nio.fs.NativeBuffer::release@1 (line 70)
                      ; - sun.nio.fs.NativeBuffer::close@1 (line 66)
                      ; - sun.nio.fs.WindowsFileAttributes::get@86 (line 296)
                      ; - sun.nio.fs.WindowsFileAttributeViews$Basic::readAttributes@15 (line 51)
                      ; - sun.nio.fs.WindowsFileAttributeViews$Basic::readAttributes@1 (line 38)
                      ; - sun.nio.fs.WindowsFileSystemProvider::readAttributes@57 (line 197)
                      ; - java.nio.file.Files::readAttributes@7 (line 1854)
                      ; - java.io.IoOverNioFileSystem::getNioPath@66 (line 166)
                      ; - java.io.FileInputStream::<init>@104 (line 178)
                      ; - jdk.internal.loader.URLClassPath$FileLoader$1::getInputStream@8 (line 1119)
                      ; - jdk.internal.loader.Resource::cachedInputStream@9 (line 77)
                      ; - jdk.internal.loader.Resource::getByteBuffer@1 (line 163)
                      ; - java.net.URLClassLoader::defineClass@132 (line 511)
                      ; - java.net.URLClassLoader$1::run@43 (line 427)
  0x000002a8259f80a0: 5cfa 0eff 

  0x000002a8259f80a4: ;   {other}
  0x000002a8259f80a4: 0f1f 8400 | 147d 00b8 | bade ffff | ff48 8b6c | 2458 4c8b | 5424 3844 | 8b5c 2430 | 4489 5c24 
  0x000002a8259f80c4: 284c 8954 | 2430 4c8b | 5424 404c | 8954 2438 | 448b 5424 | 4844 8954 | 2440 4c8b | 5424 684c 
  0x000002a8259f80e4: 8954 2458 | 4c89 5424 | 6044 8b5c | 244c 4489 | 5c24 444c | 8b54 2478 | 4c89 5424 | 484c 8b94 
  0x000002a8259f8104: 2488 0000 | 004c 8994 | 2480 0000 | 0048 8984 | 2490 0000 | 0066 6690 

  0x000002a8259f811c: ;   {runtime_call UncommonTrapBlob}
  0x000002a8259f811c: c5f8 77e8 

  0x000002a8259f8120: ; ImmutableOopMap {rbp=Oop [40]=NarrowOop [48]=Oop [64]=NarrowOop [68]=NarrowOop [72]=Oop [88]=Oop [96]=Oop [112]=Oop [128]=Oop [136]=Oop [144]=Oop [168]=NarrowOop }
                      ;*checkcast {reexecute=0 rethrow=0 return_oop=0}
                      ; - sun.nio.fs.NativeBuffers::getNativeBufferFromCache@6 (line 74)
                      ; - sun.nio.fs.NativeBuffers::getNativeBuffer@1 (line 93)
                      ; - sun.nio.fs.WindowsFileAttributes::get@10 (line 297)
                      ; - sun.nio.fs.WindowsFileAttributeViews$Basic::readAttributes@15 (line 51)
                      ; - sun.nio.fs.WindowsFileAttributeViews$Basic::readAttributes@1 (line 38)
                      ; - sun.nio.fs.WindowsFileSystemProvider::readAttributes@57 (line 197)
                      ; - java.nio.file.Files::readAttributes@7 (line 1854)
                      ; - java.io.IoOverNioFileSystem::getNioPath@66 (line 166)
                      ; - java.io.FileInputStream::<init>@104 (line 178)
                      ; - jdk.internal.loader.URLClassPath$FileLoader$1::getInputStream@8 (line 1119)
                      ; - jdk.internal.loader.Resource::cachedInputStream@9 (line 77)
                      ; - jdk.internal.loader.Resource::getByteBuffer@1 (line 163)
                      ; - java.net.URLClassLoader::defineClass@132 (line 511)
                      ; - java.net.URLClassLoader$1::run@43 (line 427)
  0x000002a8259f8120: dcf9 0eff 

  0x000002a8259f8124: ;   {other}
  0x000002a8259f8124: 0f1f 8400 | 947d 00b9 | bade ffff | ff48 8b6c | 2458 4c8b | 5424 3844 | 8b5c 2430 | 4489 5c24 
  0x000002a8259f8144: 284c 8954 | 2430 4c8b | 5424 404c | 8954 2438 | 448b 5424 | 4844 8954 | 2440 4c8b | 5424 684c 
  0x000002a8259f8164: 8954 2458 | 4c89 5424 | 6044 8b5c | 244c 4489 | 5c24 444c | 8b54 2478 | 4c89 5424 | 484c 8b94 
  0x000002a8259f8184: 2488 0000 | 004c 8994 | 2480 0000 | 0048 8984 | 24a0 0000 | 0066 6690 

  0x000002a8259f819c: ;   {runtime_call UncommonTrapBlob}
  0x000002a8259f819c: c5f8 77e8 

  0x000002a8259f81a0: ; ImmutableOopMap {rbp=Oop [40]=NarrowOop [48]=Oop [64]=NarrowOop [68]=NarrowOop [72]=Oop [88]=Oop [96]=Oop [112]=Oop [128]=Oop [136]=Oop [160]=Oop [168]=NarrowOop [192]=Oop [264]=Oop }
                      ;*checkcast {reexecute=0 rethrow=0 return_oop=0}
                      ; - sun.nio.fs.NativeBuffers::releaseNativeBuffer@6 (line 108)
                      ; - sun.nio.fs.NativeBuffer::release@1 (line 70)
                      ; - sun.nio.fs.NativeBuffer::close@1 (line 66)
                      ; - sun.nio.fs.WindowsFileAttributes::get@62 (line 306)
                      ; - sun.nio.fs.WindowsFileAttributeViews$Basic::readAttributes@15 (line 51)
                      ; - sun.nio.fs.WindowsFileAttributeViews$Basic::readAttributes@1 (line 38)
                      ; - sun.nio.fs.WindowsFileSystemProvider::readAttributes@57 (line 197)
                      ; - java.nio.file.Files::readAttributes@7 (line 1854)
                      ; - java.io.IoOverNioFileSystem::getNioPath@66 (line 166)
                      ; - java.io.FileInputStream::<init>@104 (line 178)
                      ; - jdk.internal.loader.URLClassPath$FileLoader$1::getInputStream@8 (line 1119)
                      ; - jdk.internal.loader.Resource::cachedInputStream@9 (line 77)
                      ; - jdk.internal.loader.Resource::getByteBuffer@1 (line 163)
                      ; - java.net.URLClassLoader::defineClass@132 (line 511)
                      ; - java.net.URLClassLoader$1::run@43 (line 427)
  0x000002a8259f81a0: 5cf9 0eff 

  0x000002a8259f81a4: ;   {other}
  0x000002a8259f81a4: 0f1f 8400 | 147e 00ba | bade ffff | ff48 8b6c | 2458 448b | 5c24 3044 | 895c 2428 | 4c8b 5c24 
  0x000002a8259f81c4: 384c 895c | 2430 4c8b | 5c24 404c | 895c 2438 | 448b 4424 | 4844 8944 | 2440 4c8b | 5c24 684c 
  0x000002a8259f81e4: 895c 2458 | 4c89 5c24 | 6044 8b5c | 244c 4489 | 5c24 444c | 8b5c 2478 | 4c89 5c24 | 484c 8b9c 
  0x000002a8259f8204: 2488 0000 | 004c 899c | 2480 0000 | 0048 8984 | 24a0 0000 | 0066 6690 

  0x000002a8259f821c: ;   {runtime_call UncommonTrapBlob}
  0x000002a8259f821c: c5f8 77e8 

  0x000002a8259f8220: ; ImmutableOopMap {rbp=Oop [40]=NarrowOop [48]=Oop [64]=NarrowOop [68]=NarrowOop [72]=Oop [88]=Oop [96]=Oop [112]=Oop [128]=Oop [136]=Oop [160]=Oop [168]=NarrowOop [224]=Oop [264]=Oop }
                      ;*checkcast {reexecute=0 rethrow=0 return_oop=0}
                      ; - sun.nio.fs.NativeBuffers::releaseNativeBuffer@6 (line 108)
                      ; - sun.nio.fs.NativeBuffer::release@1 (line 70)
                      ; - sun.nio.fs.NativeBuffer::close@1 (line 66)
                      ; - sun.nio.fs.WindowsFileAttributes::get@86 (line 296)
                      ; - sun.nio.fs.WindowsFileAttributeViews$Basic::readAttributes@15 (line 51)
                      ; - sun.nio.fs.WindowsFileAttributeViews$Basic::readAttributes@1 (line 38)
                      ; - sun.nio.fs.WindowsFileSystemProvider::readAttributes@57 (line 197)
                      ; - java.nio.file.Files::readAttributes@7 (line 1854)
                      ; - java.io.IoOverNioFileSystem::getNioPath@66 (line 166)
                      ; - java.io.FileInputStream::<init>@104 (line 178)
                      ; - jdk.internal.loader.URLClassPath$FileLoader$1::getInputStream@8 (line 1119)
                      ; - jdk.internal.loader.Resource::cachedInputStream@9 (line 77)
                      ; - jdk.internal.loader.Resource::getByteBuffer@1 (line 163)
                      ; - java.net.URLClassLoader::defineClass@132 (line 511)
                      ; - java.net.URLClassLoader$1::run@43 (line 427)
  0x000002a8259f8220: dcf8 0eff 

  0x000002a8259f8224: ;   {other}
  0x000002a8259f8224: 0f1f 8400 | 947e 00bb | baf6 ffff | ff48 8b6c | 2458 6690 

  0x000002a8259f8238: ;   {runtime_call UncommonTrapBlob}
  0x000002a8259f8238: c5f8 77e8 

  0x000002a8259f823c: ; ImmutableOopMap {rbp=Oop }
                      ;*invokevirtual replace {reexecute=0 rethrow=0 return_oop=0}
                      ; - java.net.URLClassLoader$1::run@8 (line 423)
  0x000002a8259f823c: c0f8 0eff 

  0x000002a8259f8240: ;   {other}
  0x000002a8259f8240: 0f1f 8400 | b07e 00bc | baf6 ffff | ff48 8b6c | 2458 6690 

  0x000002a8259f8254: ;   {runtime_call UncommonTrapBlob}
  0x000002a8259f8254: c5f8 77e8 

  0x000002a8259f8258: ; ImmutableOopMap {rbp=Oop }
                      ;*arraylength {reexecute=0 rethrow=0 return_oop=0}
                      ; - java.lang.StringLatin1::replace@8 (line 299)
                      ; - java.lang.String::replace@18 (line 2922)
                      ; - java.net.URLClassLoader$1::run@8 (line 423)
  0x000002a8259f8258: a4f8 0eff 

  0x000002a8259f825c: ;   {other}
  0x000002a8259f825c: 0f1f 8400 | cc7e 00bd | baf6 ffff | ff48 8b6c | 2458 4889 | 4424 2090 

  0x000002a8259f8274: ;   {runtime_call UncommonTrapBlob}
  0x000002a8259f8274: c5f8 77e8 

  0x000002a8259f8278: ; ImmutableOopMap {rbp=Oop [32]=Oop }
                      ;*getfield ucp {reexecute=1 rethrow=0 return_oop=0}
                      ; - (reexecute) java.net.URLClassLoader$1::run@21 (line 424)
  0x000002a8259f8278: 84f8 0eff 

  0x000002a8259f827c: ;   {other}
  0x000002a8259f827c: 0f1f 8400 | ec7e 00be | baf6 ffff | ff48 8b6c | 2458 448b | 5c24 3044 | 895c 2428 | 4c89 6c24 
  0x000002a8259f829c: 3066 6690 

  0x000002a8259f82a0: ;   {runtime_call UncommonTrapBlob}
  0x000002a8259f82a0: c5f8 77e8 

  0x000002a8259f82a4: ; ImmutableOopMap {rbp=Oop [40]=NarrowOop [48]=Oop }
                      ;*invokevirtual lastIndexOf {reexecute=0 rethrow=0 return_oop=0}
                      ; - java.net.URLClassLoader::defineClass@7 (line 486)
                      ; - java.net.URLClassLoader$1::run@43 (line 427)
  0x000002a8259f82a4: 58f8 0eff 

  0x000002a8259f82a8: ;   {other}
  0x000002a8259f82a8: 0f1f 8400 | 187f 00bf | baf6 ffff | ff48 8b6c | 2458 448b | 5c24 3044 | 895c 2428 | 4c89 6c24 
  0x000002a8259f82c8: 3066 6690 

  0x000002a8259f82cc: ;   {runtime_call UncommonTrapBlob}
  0x000002a8259f82cc: c5f8 77e8 

  0x000002a8259f82d0: ; ImmutableOopMap {rbp=Oop [40]=NarrowOop [48]=Oop [168]=NarrowOop }
                      ;*arraylength {reexecute=0 rethrow=0 return_oop=0}
                      ; - java.lang.String::length@4 (line 1508)
                      ; - java.lang.String::lastIndexOf@3 (line 2524)
                      ; - java.net.URLClassLoader::defineClass@7 (line 486)
                      ; - java.net.URLClassLoader$1::run@43 (line 427)
  0x000002a8259f82d0: 2cf8 0eff 

  0x000002a8259f82d4: ;   {other}
  0x000002a8259f82d4: 0f1f 8400 | 447f 00c0 | baf4 ffff | ff44 8b5c | 2430 4489 | 5c24 284c | 896c 2430 | 4c8b 5424 
  0x000002a8259f82f4: 404c 8954 | 2438 4489 | 7424 4090 

  0x000002a8259f8300: ;   {runtime_call UncommonTrapBlob}
  0x000002a8259f8300: c5f8 77e8 

  0x000002a8259f8304: ; ImmutableOopMap {[40]=NarrowOop [48]=Oop [64]=NarrowOop [88]=Oop [168]=NarrowOop }
                      ;*instanceof {reexecute=0 rethrow=0 return_oop=0}
                      ; - jdk.internal.loader.Resource::getByteBuffer@6 (line 164)
                      ; - java.net.URLClassLoader::defineClass@132 (line 511)
                      ; - java.net.URLClassLoader$1::run@43 (line 427)
  0x000002a8259f8304: f8f7 0eff 

  0x000002a8259f8308: ;   {other}
  0x000002a8259f8308: 0f1f 8400 | 787f 00c1 | baf6 ffff | ff44 8b5c | 2430 4489 | 5c24 2890 

  0x000002a8259f8320: ;   {runtime_call UncommonTrapBlob}
  0x000002a8259f8320: c5f8 77e8 

  0x000002a8259f8324: ; ImmutableOopMap {[40]=NarrowOop [72]=Oop [88]=Oop [96]=Oop [168]=NarrowOop }
                      ;*arraylength {reexecute=0 rethrow=0 return_oop=0}
                      ; - java.net.URLClassLoader::defineClass@217 (line 524)
                      ; - java.net.URLClassLoader$1::run@43 (line 427)
  0x000002a8259f8324: d8f7 0eff 

  0x000002a8259f8328: ;   {other}
  0x000002a8259f8328: 0f1f 8400 | 987f 00c2 | baf6 ffff | ff48 8b6c | 2458 4c89 | 6c24 2044 | 8b4c 2430 | 4489 4c24 
  0x000002a8259f8348: 284c 8b5c | 2440 4c89 | 5c24 3044 | 8954 242c | 4c89 4424 | 4066 6690 

  0x000002a8259f8360: ;   {runtime_call UncommonTrapBlob}
  0x000002a8259f8360: c5f8 77e8 

  0x000002a8259f8364: ; ImmutableOopMap {rbp=Oop [32]=Oop [40]=NarrowOop [64]=Oop [168]=NarrowOop }
                      ;*getfield csu {reexecute=1 rethrow=0 return_oop=0}
                      ; - (reexecute) jdk.internal.loader.URLClassPath$JarLoader$2::getCodeSourceURL@4 (line 846)
                      ; - java.net.URLClassLoader::defineClass@13 (line 487)
                      ; - java.net.URLClassLoader$1::run@43 (line 427)
  0x000002a8259f8364: 98f7 0eff 

  0x000002a8259f8368: ;   {other}
  0x000002a8259f8368: 0f1f 8400 | d87f 00c3 | baf6 ffff | ff48 8b6c | 2458 4c89 | 6c24 2044 | 8b44 2430 | 4489 4424 
  0x000002a8259f8388: 284c 8b5c | 2440 4c89 | 5c24 304c | 8954 2438 | 4489 7424 | 4066 6690 

  0x000002a8259f83a0: ;   {runtime_call UncommonTrapBlob}
  0x000002a8259f83a0: c5f8 77e8 

  0x000002a8259f83a4: ; ImmutableOopMap {rbp=Oop [32]=Oop [40]=NarrowOop [56]=Oop [64]=NarrowOop [144]=Oop [168]=NarrowOop }
                      ;*getfield jar {reexecute=1 rethrow=0 return_oop=0}
                      ; - (reexecute) jdk.internal.loader.URLClassPath$JarLoader$2::getManifest@7 (line 852)
                      ; - java.net.URLClassLoader::defineClass@34 (line 491)
                      ; - java.net.URLClassLoader$1::run@43 (line 427)
  0x000002a8259f83a4: 58f7 0eff 

  0x000002a8259f83a8: ;   {other}
  0x000002a8259f83a8: 0f1f 8400 | 1880 00c4 | baf6 ffff | ff4c 8b54 | 2438 4c89 | 5424 2044 | 8b54 2430 | 4489 5424 
  0x000002a8259f83c8: 284c 8b54 | 2440 4c89 | 5424 3044 | 8b54 2448 | 4489 5424 | 4066 6690 

  0x000002a8259f83e0: ;   {runtime_call UncommonTrapBlob}
  0x000002a8259f83e0: c5f8 77e8 

  0x000002a8259f83e4: ; ImmutableOopMap {[32]=Oop [40]=NarrowOop [64]=NarrowOop [88]=Oop [104]=Oop [144]=Oop [168]=NarrowOop }
                      ;*getfield jar {reexecute=1 rethrow=0 return_oop=0}
                      ; - (reexecute) jdk.internal.loader.URLClassPath$JarLoader$2::getManifest@19 (line 853)
                      ; - java.net.URLClassLoader::defineClass@34 (line 491)
                      ; - java.net.URLClassLoader$1::run@43 (line 427)
  0x000002a8259f83e4: 18f7 0eff 

  0x000002a8259f83e8: ;   {other}
  0x000002a8259f83e8: 0f1f 8400 | 5880 00c5 | baf6 ffff | ff4c 8b54 | 2438 4c89 | 5424 2044 | 8b54 2430 | 4489 5424 
  0x000002a8259f8408: 284c 8b54 | 2440 4c89 | 5424 3044 | 8b54 2448 | 4489 5424 | 4066 6690 

  0x000002a8259f8420: ;   {runtime_call UncommonTrapBlob}
  0x000002a8259f8420: c5f8 77e8 

  0x000002a8259f8424: ; ImmutableOopMap {[32]=Oop [40]=NarrowOop [64]=NarrowOop [88]=Oop [104]=Oop [144]=Oop [168]=NarrowOop }
                      ;*invokevirtual getManifest {reexecute=0 rethrow=0 return_oop=0}
                      ; - jdk.internal.loader.URLClassPath$JarLoader$2::getManifest@22 (line 853)
                      ; - java.net.URLClassLoader::defineClass@34 (line 491)
                      ; - java.net.URLClassLoader$1::run@43 (line 427)
  0x000002a8259f8424: d8f6 0eff 

  0x000002a8259f8428: ;   {other}
  0x000002a8259f8428: 0f1f 8400 | 9880 00c6 | baf6 ffff | ff44 8b54 | 2430 4489 | 5424 284c | 896c 2430 | 4c8b 5424 
  0x000002a8259f8448: 404c 8954 | 2438 4489 | 7424 4048 | 895c 2448 

  0x000002a8259f8458: ;   {runtime_call UncommonTrapBlob}
  0x000002a8259f8458: c5f8 77e8 

  0x000002a8259f845c: ; ImmutableOopMap {[40]=NarrowOop [48]=Oop [64]=NarrowOop [72]=Oop [88]=Oop [168]=NarrowOop }
                      ;*getfield jar {reexecute=1 rethrow=0 return_oop=0}
                      ; - (reexecute) jdk.internal.loader.URLClassPath$JarLoader$2::getInputStream@4 (line 848)
                      ; - jdk.internal.loader.Resource::cachedInputStream@9 (line 77)
                      ; - jdk.internal.loader.Resource::getByteBuffer@1 (line 163)
                      ; - java.net.URLClassLoader::defineClass@132 (line 511)
                      ; - java.net.URLClassLoader$1::run@43 (line 427)
  0x000002a8259f845c: a0f6 0eff 

  0x000002a8259f8460: ;   {other}
  0x000002a8259f8460: 0f1f 8400 | d080 00c7 | ba45 ffff | ff48 8b6c | 2458 4c89 | 6c24 2044 | 8b4c 2430 | 4489 4c24 
  0x000002a8259f8480: 284c 8b44 | 2440 4c89 | 4424 3044 | 8974 2440 | 4c89 5424 | 5044 895c | 2458 6690 

  0x000002a8259f849c: ;   {runtime_call UncommonTrapBlob}
  0x000002a8259f849c: c5f8 77e8 

  0x000002a8259f84a0: ; ImmutableOopMap {rbp=Oop [32]=Oop [40]=NarrowOop [64]=NarrowOop [80]=Oop [88]=NarrowOop [144]=Oop [168]=NarrowOop }
                      ;*ifnonnull {reexecute=1 rethrow=0 return_oop=0}
                      ; - (reexecute) jdk.internal.access.SharedSecrets::javaUtilJarAccess@5 (line 139)
                      ; - jdk.internal.loader.URLClassPath$JarLoader$2::getManifest@0 (line 852)
                      ; - java.net.URLClassLoader::defineClass@34 (line 491)
                      ; - java.net.URLClassLoader$1::run@43 (line 427)
  0x000002a8259f84a0: 5cf6 0eff 

  0x000002a8259f84a4: ;   {other}
  0x000002a8259f84a4: 0f1f 8400 | 1481 00c8 | baf6 ffff | ff48 8b6c | 2458 4c89 | 6c24 2044 | 8b4c 2430 | 4489 4c24 
  0x000002a8259f84c4: 284c 8b5c | 2440 4c89 | 5c24 3044 | 8954 242c | 4c89 4424 | 4066 6690 

  0x000002a8259f84dc: ;   {runtime_call UncommonTrapBlob}
  0x000002a8259f84dc: c5f8 77e8 

  0x000002a8259f84e0: ; ImmutableOopMap {rbp=Oop [32]=Oop [40]=NarrowOop [64]=Oop [168]=NarrowOop }
                      ;*invokevirtual getBaseURL {reexecute=0 rethrow=0 return_oop=0}
                      ; - jdk.internal.loader.URLClassPath$FileLoader$1::getCodeSourceURL@4 (line 1117)
                      ; - java.net.URLClassLoader::defineClass@13 (line 487)
                      ; - java.net.URLClassLoader$1::run@43 (line 427)
  0x000002a8259f84e0: 1cf6 0eff 

  0x000002a8259f84e4: ;   {other}
  0x000002a8259f84e4: 0f1f 8400 | 5481 00c9 | baf6 ffff | ff48 8b6c | 2458 448b | 5424 3044 | 8954 2428 | 4c8b 5424 
  0x000002a8259f8504: 384c 8954 | 2430 4c8b | 5424 404c | 8954 2438 | 4c8b 5424 | 684c 8954 | 2458 4c89 | 5424 6090 
  0x000002a8259f8524: ;   {runtime_call UncommonTrapBlob}
  0x000002a8259f8524: c5f8 77e8 

  0x000002a8259f8528: ; ImmutableOopMap {rbp=Oop [40]=NarrowOop [48]=Oop [72]=NarrowOop [76]=NarrowOop [88]=Oop [96]=Oop [112]=Oop [168]=NarrowOop }
                      ;*arraylength {reexecute=0 rethrow=0 return_oop=0}
                      ; - java.lang.ThreadLocal$ThreadLocalMap::getEntry@8 (line 499)
                      ; - java.lang.ThreadLocal::get@12 (line 187)
                      ; - java.lang.ThreadLocal::get@4 (line 172)
                      ; - com.jetbrains.internal.IoOverNio$RecursionGuard::create@5 (line 203)
                      ; - java.io.FileInputStream::<init>@92 (line 176)
                      ; - jdk.internal.loader.URLClassPath$FileLoader$1::getInputStream@8 (line 1119)
                      ; - jdk.internal.loader.Resource::cachedInputStream@9 (line 77)
                      ; - jdk.internal.loader.Resource::getByteBuffer@1 (line 163)
                      ; - java.net.URLClassLoader::defineClass@132 (line 511)
                      ; - java.net.URLClassLoader$1::run@43 (line 427)
  0x000002a8259f8528: d4f5 0eff 

  0x000002a8259f852c: ;   {other}
  0x000002a8259f852c: 0f1f 8400 | 9c81 00ca | baf6 ffff | ff48 8b6c | 2458 4c8b | 5424 3844 | 8b5c 2430 | 4489 5c24 
  0x000002a8259f854c: 284c 8954 | 2430 4c8b | 5424 404c | 8954 2438 | 448b 5c24 | 4844 895c | 2440 4c8b | 5424 684c 
  0x000002a8259f856c: 8954 2458 | 4c89 5424 | 6066 6690 

  0x000002a8259f8578: ;   {runtime_call UncommonTrapBlob}
  0x000002a8259f8578: c5f8 77e8 

  0x000002a8259f857c: ; ImmutableOopMap {rbp=Oop [40]=NarrowOop [48]=Oop [64]=NarrowOop [76]=NarrowOop [88]=Oop [96]=Oop [112]=Oop [168]=NarrowOop }
                      ;*arraylength {reexecute=0 rethrow=0 return_oop=0}
                      ; - java.lang.ThreadLocal$ThreadLocalMap::getEntry@8 (line 499)
                      ; - java.lang.ThreadLocal::get@12 (line 187)
                      ; - java.lang.ThreadLocal::get@4 (line 172)
                      ; - com.jetbrains.internal.IoOverNio::isAllowedInThisThread@9 (line 68)
                      ; - java.io.IoOverNioFileSystem::acquireNioFs@16 (line 94)
                      ; - java.io.IoOverNioFileSystem::isInvalid@4 (line 472)
                      ; - java.io.File::isInvalid@13 (line 199)
                      ; - java.io.FileInputStream::<init>@66 (line 171)
                      ; - jdk.internal.loader.URLClassPath$FileLoader$1::getInputStream@8 (line 1119)
                      ; - jdk.internal.loader.Resource::cachedInputStream@9 (line 77)
                      ; - jdk.internal.loader.Resource::getByteBuffer@1 (line 163)
                      ; - java.net.URLClassLoader::defineClass@132 (line 511)
                      ; - java.net.URLClassLoader$1::run@43 (line 427)
  0x000002a8259f857c: 80f5 0eff 

  0x000002a8259f8580: ;   {other}
  0x000002a8259f8580: 0f1f 8400 | f081 00cb | baf6 ffff | ff48 8b6c | 2458 4c8b | 5424 3844 | 8b5c 2430 | 4489 5c24 
  0x000002a8259f85a0: 284c 8954 | 2430 4c8b | 5424 404c | 8954 2438 | 448b 5c24 | 4844 895c | 2440 4c8b | 5424 684c 
  0x000002a8259f85c0: 8954 2458 | 4c89 5424 | 6066 6690 

  0x000002a8259f85cc: ;   {runtime_call UncommonTrapBlob}
  0x000002a8259f85cc: c5f8 77e8 

  0x000002a8259f85d0: ; ImmutableOopMap {rbp=Oop [40]=NarrowOop [48]=Oop [64]=NarrowOop [76]=NarrowOop [88]=Oop [96]=Oop [112]=Oop [168]=NarrowOop }
                      ;*invokevirtual equals {reexecute=0 rethrow=0 return_oop=0}
                      ; - java.io.IoOverNioFileSystem::isInvalid@30 (line 474)
                      ; - java.io.File::isInvalid@13 (line 199)
                      ; - java.io.FileInputStream::<init>@66 (line 171)
                      ; - jdk.internal.loader.URLClassPath$FileLoader$1::getInputStream@8 (line 1119)
                      ; - jdk.internal.loader.Resource::cachedInputStream@9 (line 77)
                      ; - jdk.internal.loader.Resource::getByteBuffer@1 (line 163)
                      ; - java.net.URLClassLoader::defineClass@132 (line 511)
                      ; - java.net.URLClassLoader$1::run@43 (line 427)
  0x000002a8259f85d0: 2cf5 0eff 

  0x000002a8259f85d4: ;   {other}
  0x000002a8259f85d4: 0f1f 8400 | 4482 00cc | ba45 ffff | ff48 8b6c | 2458 4c8b | 5c24 3844 | 8b44 2430 | 4489 4424 
  0x000002a8259f85f4: 284c 895c | 2430 4c8b | 5c24 404c | 895c 2438 | 448b 5c24 | 4844 895c | 2440 4c8b | 5c24 684c 
  0x000002a8259f8614: 895c 2450 | 4c89 5c24 | 584c 894c | 2468 4489 | 5424 7090 

  0x000002a8259f8628: ;   {runtime_call UncommonTrapBlob}
  0x000002a8259f8628: c5f8 77e8 

  0x000002a8259f862c: ; ImmutableOopMap {rbp=Oop [40]=NarrowOop [48]=Oop [64]=NarrowOop [80]=Oop [88]=Oop [104]=Oop [112]=NarrowOop [168]=NarrowOop }
                      ;*ifnull {reexecute=1 rethrow=0 return_oop=0}
                      ; - (reexecute) java.io.FileInputStream::<init>@28 (line 162)
                      ; - jdk.internal.loader.URLClassPath$FileLoader$1::getInputStream@8 (line 1119)
                      ; - jdk.internal.loader.Resource::cachedInputStream@9 (line 77)
                      ; - jdk.internal.loader.Resource::getByteBuffer@1 (line 163)
                      ; - java.net.URLClassLoader::defineClass@132 (line 511)
                      ; - java.net.URLClassLoader$1::run@43 (line 427)
  0x000002a8259f862c: d0f4 0eff 

  0x000002a8259f8630: ;   {other}
  0x000002a8259f8630: 0f1f 8400 | a082 00cd | ba45 ffff | ff48 8b6c | 2458 4c8b | 5424 3844 | 8b44 2430 | 4489 4424 
  0x000002a8259f8650: 284c 8954 | 2430 4c8b | 5424 404c | 8954 2438 | 448b 4424 | 4844 8944 | 2440 448b | 5424 4c44 
  0x000002a8259f8670: 8954 2444 | 4c8b 5424 | 604c 8954 | 2448 4489 | 5c24 6490 

  0x000002a8259f8684: ;   {runtime_call UncommonTrapBlob}
  0x000002a8259f8684: c5f8 77e8 

  0x000002a8259f8688: ; ImmutableOopMap {rbp=Oop [40]=NarrowOop [48]=Oop [64]=NarrowOop [68]=NarrowOop [72]=Oop [100]=NarrowOop [104]=Oop [112]=Oop [168]=NarrowOop }
                      ;*ifnull {reexecute=1 rethrow=0 return_oop=0}
                      ; - (reexecute) java.lang.ThreadLocal::get@7 (line 186)
                      ; - java.lang.ThreadLocal::get@4 (line 172)
                      ; - com.jetbrains.internal.IoOverNio$RecursionGuard::create@5 (line 203)
                      ; - java.io.FileInputStream::<init>@92 (line 176)
                      ; - jdk.internal.loader.URLClassPath$FileLoader$1::getInputStream@8 (line 1119)
                      ; - jdk.internal.loader.Resource::cachedInputStream@9 (line 77)
                      ; - jdk.internal.loader.Resource::getByteBuffer@1 (line 163)
                      ; - java.net.URLClassLoader::defineClass@132 (line 511)
                      ; - java.net.URLClassLoader$1::run@43 (line 427)
  0x000002a8259f8688: 74f4 0eff 

  0x000002a8259f868c: ;   {other}
  0x000002a8259f868c: 0f1f 8400 | fc82 00ce | ba45 ffff | ff48 8b6c | 2458 448b | 5c24 3044 | 895c 2428 | 4c8b 5c24 
  0x000002a8259f86ac: 384c 895c | 2430 4c8b | 5c24 404c | 895c 2438 | 448b 5c24 | 4844 895c | 2440 4489 | 9424 8800 
  0x000002a8259f86cc: 0000 6690 

  0x000002a8259f86d0: ;   {runtime_call UncommonTrapBlob}
  0x000002a8259f86d0: c5f8 77e8 

  0x000002a8259f86d4: ; ImmutableOopMap {rbp=Oop [40]=NarrowOop [48]=Oop [64]=NarrowOop [76]=NarrowOop [96]=Oop [104]=Oop [112]=Oop [120]=NarrowOop [136]=NarrowOop [168]=NarrowOop }
                      ;*ifnull {reexecute=1 rethrow=0 return_oop=0}
                      ; - (reexecute) java.lang.ThreadLocal::get@7 (line 186)
                      ; - java.lang.ThreadLocal::get@4 (line 172)
                      ; - com.jetbrains.internal.IoOverNio::isAllowedInThisThread@9 (line 68)
                      ; - java.io.IoOverNioFileSystem::acquireNioFs@16 (line 94)
                      ; - java.io.IoOverNioFileSystem::isInvalid@4 (line 472)
                      ; - java.io.File::isInvalid@13 (line 199)
                      ; - java.io.FileInputStream::<init>@66 (line 171)
                      ; - jdk.internal.loader.URLClassPath$FileLoader$1::getInputStream@8 (line 1119)
                      ; - jdk.internal.loader.Resource::cachedInputStream@9 (line 77)
                      ; - jdk.internal.loader.Resource::getByteBuffer@1 (line 163)
                      ; - java.net.URLClassLoader::defineClass@132 (line 511)
                      ; - java.net.URLClassLoader$1::run@43 (line 427)
  0x000002a8259f86d4: 28f4 0eff 

  0x000002a8259f86d8: ;   {other}
  0x000002a8259f86d8: 0f1f 8400 | 4883 00cf | ba97 ffff | ff48 8b6c | 2458 4c8b | 5424 3844 | 8b5c 2430 | 4489 5c24 
  0x000002a8259f86f8: 284c 8954 | 2430 4c8b | 5424 404c | 8954 2438 

  0x000002a8259f8708: ;   {runtime_call UncommonTrapBlob}
  0x000002a8259f8708: c5f8 77e8 

  0x000002a8259f870c: ; ImmutableOopMap {rbp=Oop [40]=NarrowOop [48]=Oop [72]=NarrowOop [76]=NarrowOop [104]=Oop [168]=NarrowOop }
                      ;*invokevirtual clone {reexecute=1 rethrow=0 return_oop=0}
                      ; - (reexecute) java.util.Arrays::copyOfRange@18 (line 3856)
                      ; - java.lang.StringLatin1::newString@16 (line 756)
                      ; - java.lang.String::substring@41 (line 2828)
                      ; - java.net.URLClassLoader::defineClass@28 (line 489)
                      ; - java.net.URLClassLoader$1::run@43 (line 427)
  0x000002a8259f870c: f0f3 0eff 

  0x000002a8259f8710: ;   {other}
  0x000002a8259f8710: 0f1f 8400 | 8083 00d0 | baf6 ffff | ff48 8b6c | 2458 4c8b | 5424 3844 | 8b5c 2430 | 4489 5c24 
  0x000002a8259f8730: 284c 8954 | 2430 4c8b | 5424 404c | 8954 2438 | 448b 5c24 | 4844 895c | 2440 4c8b | 5424 684c 
  0x000002a8259f8750: 8954 2458 | 4c89 5424 | 6066 6690 

  0x000002a8259f875c: ;   {runtime_call UncommonTrapBlob}
  0x000002a8259f875c: c5f8 77e8 

  0x000002a8259f8760: ; ImmutableOopMap {rbp=Oop [40]=NarrowOop [48]=Oop [64]=NarrowOop [76]=NarrowOop [88]=Oop [96]=Oop [112]=Oop [168]=NarrowOop }
                      ;*invokevirtual isInvalid {reexecute=0 rethrow=0 return_oop=0}
                      ; - java.io.IoOverNioFileSystem::isInvalid@61 (line 484)
                      ; - java.io.File::isInvalid@13 (line 199)
                      ; - java.io.FileInputStream::<init>@66 (line 171)
                      ; - jdk.internal.loader.URLClassPath$FileLoader$1::getInputStream@8 (line 1119)
                      ; - jdk.internal.loader.Resource::cachedInputStream@9 (line 77)
                      ; - jdk.internal.loader.Resource::getByteBuffer@1 (line 163)
                      ; - java.net.URLClassLoader::defineClass@132 (line 511)
                      ; - java.net.URLClassLoader$1::run@43 (line 427)
  0x000002a8259f8760: 9cf3 0eff 

  0x000002a8259f8764: ;   {other}
  0x000002a8259f8764: 0f1f 8400 | d483 00d1 | baf6 ffff | ff48 8b6c | 2458 448b | 5424 3044 | 8954 2428 | 4c8b 5424 
  0x000002a8259f8784: 384c 8954 | 2430 4c8b | 5424 404c | 8954 2438 | 4c8b 5424 | 684c 8954 | 2458 4c89 | 5424 6090 
  0x000002a8259f87a4: ;   {runtime_call UncommonTrapBlob}
  0x000002a8259f87a4: c5f8 77e8 

  0x000002a8259f87a8: ; ImmutableOopMap {rbp=Oop [40]=NarrowOop [48]=Oop [72]=NarrowOop [76]=NarrowOop [88]=Oop [96]=Oop [112]=Oop [168]=NarrowOop }
                      ;*arraylength {reexecute=0 rethrow=0 return_oop=0}
                      ; - java.lang.ThreadLocal$ThreadLocalMap::getEntry@8 (line 499)
                      ; - java.lang.ThreadLocal::get@12 (line 187)
                      ; - java.lang.ThreadLocal::get@4 (line 172)
                      ; - com.jetbrains.internal.IoOverNio$RecursionGuard::create@46 (line 209)
                      ; - java.io.FileInputStream::<init>@92 (line 176)
                      ; - jdk.internal.loader.URLClassPath$FileLoader$1::getInputStream@8 (line 1119)
                      ; - jdk.internal.loader.Resource::cachedInputStream@9 (line 77)
                      ; - jdk.internal.loader.Resource::getByteBuffer@1 (line 163)
                      ; - java.net.URLClassLoader::defineClass@132 (line 511)
                      ; - java.net.URLClassLoader$1::run@43 (line 427)
  0x000002a8259f87a8: 54f3 0eff 

  0x000002a8259f87ac: ;   {other}
  0x000002a8259f87ac: 0f1f 8400 | 1c84 00d2 | baf6 ffff | ff48 8b6c | 2458 448b | 5424 3044 | 8954 2428 | 4c8b 5424 
  0x000002a8259f87cc: 384c 8954 | 2430 4c8b | 5424 404c | 8954 2438 | 448b 5424 | 4844 8954 | 2440 4c8b | 5424 684c 
  0x000002a8259f87ec: 8954 2458 | 4c89 5424 | 6044 8b54 | 244c 4489 | 5424 444c | 8b54 2478 | 4c89 5424 | 4866 6690 
  0x000002a8259f880c: ;   {runtime_call UncommonTrapBlob}
  0x000002a8259f880c: c5f8 77e8 

  0x000002a8259f8810: ; ImmutableOopMap {rbp=Oop [40]=NarrowOop [48]=Oop [64]=NarrowOop [68]=NarrowOop [72]=Oop [88]=Oop [96]=Oop [112]=Oop [144]=NarrowOop [168]=NarrowOop }
                      ;*arraylength {reexecute=0 rethrow=0 return_oop=0}
                      ; - java.lang.ThreadLocal$ThreadLocalMap::getEntry@8 (line 499)
                      ; - java.lang.ThreadLocal::get@12 (line 187)
                      ; - java.lang.ThreadLocal::get@4 (line 172)
                      ; - com.jetbrains.internal.IoOverNio::isAllowedInThisThread@9 (line 68)
                      ; - java.io.IoOverNioFileSystem::acquireNioFs@16 (line 94)
                      ; - java.io.IoOverNioFileSystem::getNioPath@6 (line 130)
                      ; - java.io.FileInputStream::<init>@104 (line 178)
                      ; - jdk.internal.loader.URLClassPath$FileLoader$1::getInputStream@8 (line 1119)
                      ; - jdk.internal.loader.Resource::cachedInputStream@9 (line 77)
                      ; - jdk.internal.loader.Resource::getByteBuffer@1 (line 163)
                      ; - java.net.URLClassLoader::defineClass@132 (line 511)
                      ; - java.net.URLClassLoader$1::run@43 (line 427)
  0x000002a8259f8810: ecf2 0eff 

  0x000002a8259f8814: ;   {other}
  0x000002a8259f8814: 0f1f 8400 | 8484 00d3 | ba45 ffff | ff48 8b6c | 2458 4c8b | 5c24 3844 | 8b44 2430 | 4489 4424 
  0x000002a8259f8834: 284c 895c | 2430 4c8b | 5c24 404c | 895c 2438 | 448b 4424 | 4844 8944 | 2440 4c8b | 5c24 684c 
  0x000002a8259f8854: 895c 2458 | 4c89 5c24 | 6044 8b5c | 244c 4489 | 5c24 444c | 8b5c 2478 | 4c89 5c24 | 4844 8954 
  0x000002a8259f8874: 247c 4489 | 9424 8000 | 0000 6690 

  0x000002a8259f8880: ;   {runtime_call UncommonTrapBlob}
  0x000002a8259f8880: c5f8 77e8 

  0x000002a8259f8884: ; ImmutableOopMap {rbp=Oop [40]=NarrowOop [48]=Oop [64]=NarrowOop [68]=NarrowOop [72]=Oop [88]=Oop [96]=Oop [112]=Oop [124]=NarrowOop [128]=NarrowOop [168]=NarrowOop }
                      ;*ifnonnull {reexecute=1 rethrow=0 return_oop=0}
                      ; - (reexecute) java.util.Objects::requireNonNull@1 (line 232)
                      ; - sun.nio.fs.WindowsFileSystem::getPath@1 (line 215)
                      ; - java.io.IoOverNioFileSystem::getNioPath@22 (line 137)
                      ; - java.io.FileInputStream::<init>@104 (line 178)
                      ; - jdk.internal.loader.URLClassPath$FileLoader$1::getInputStream@8 (line 1119)
                      ; - jdk.internal.loader.Resource::cachedInputStream@9 (line 77)
                      ; - jdk.internal.loader.Resource::getByteBuffer@1 (line 163)
                      ; - java.net.URLClassLoader::defineClass@132 (line 511)
                      ; - java.net.URLClassLoader$1::run@43 (line 427)
  0x000002a8259f8884: 78f2 0eff 

  0x000002a8259f8888: ;   {other}
  0x000002a8259f8888: 0f1f 8400 | f884 00d4 | baf6 ffff | ff48 8b6c | 2458 4c8b | 5424 3844 | 8b5c 2430 | 4489 5c24 
  0x000002a8259f88a8: 284c 8954 | 2430 4c8b | 5424 404c | 8954 2438 | 448b 5c24 | 4844 895c | 2440 4c8b | 5424 684c 
  0x000002a8259f88c8: 8954 2458 | 4c89 5424 | 6044 8b5c | 244c 4489 | 5c24 4490 

  0x000002a8259f88dc: ;   {runtime_call UncommonTrapBlob}
  0x000002a8259f88dc: c5f8 77e8 

  0x000002a8259f88e0: ; ImmutableOopMap {rbp=Oop [40]=NarrowOop [48]=Oop [64]=NarrowOop [68]=NarrowOop [88]=Oop [96]=Oop [112]=Oop [120]=Oop [168]=NarrowOop }
                      ;*invokevirtual type {reexecute=0 rethrow=0 return_oop=0}
                      ; - sun.nio.fs.WindowsPath::parse@11 (line 96)
                      ; - sun.nio.fs.WindowsFileSystem::getPath@102 (line 231)
                      ; - java.io.IoOverNioFileSystem::getNioPath@22 (line 137)
                      ; - java.io.FileInputStream::<init>@104 (line 178)
                      ; - jdk.internal.loader.URLClassPath$FileLoader$1::getInputStream@8 (line 1119)
                      ; - jdk.internal.loader.Resource::cachedInputStream@9 (line 77)
                      ; - jdk.internal.loader.Resource::getByteBuffer@1 (line 163)
                      ; - java.net.URLClassLoader::defineClass@132 (line 511)
                      ; - java.net.URLClassLoader$1::run@43 (line 427)
  0x000002a8259f88e0: 1cf2 0eff 

  0x000002a8259f88e4: ;   {other}
  0x000002a8259f88e4: 0f1f 8400 | 5485 00d5 | baf6 ffff | ff48 8b6c | 2458 448b | 5424 3044 | 8954 2428 | 4c8b 5424 
  0x000002a8259f8904: 384c 8954 | 2430 4c8b | 5424 404c | 8954 2438 | 4c8b 5424 | 684c 8954 | 2458 4c89 | 5424 6090 
  0x000002a8259f8924: ;   {runtime_call UncommonTrapBlob}
  0x000002a8259f8924: c5f8 77e8 

  0x000002a8259f8928: ; ImmutableOopMap {rbp=Oop [40]=NarrowOop [48]=Oop [72]=NarrowOop [76]=NarrowOop [88]=Oop [96]=Oop [112]=Oop [168]=NarrowOop }
                      ;*arraylength {reexecute=0 rethrow=0 return_oop=0}
                      ; - java.lang.ThreadLocal$ThreadLocalMap::set@6 (line 546)
                      ; - java.lang.ThreadLocal::set@13 (line 265)
                      ; - java.lang.ThreadLocal::set@5 (line 251)
                      ; - com.jetbrains.internal.IoOverNio$RecursionGuard::create@62 (line 210)
                      ; - java.io.FileInputStream::<init>@92 (line 176)
                      ; - jdk.internal.loader.URLClassPath$FileLoader$1::getInputStream@8 (line 1119)
                      ; - jdk.internal.loader.Resource::cachedInputStream@9 (line 77)
                      ; - jdk.internal.loader.Resource::getByteBuffer@1 (line 163)
                      ; - java.net.URLClassLoader::defineClass@132 (line 511)
                      ; - java.net.URLClassLoader$1::run@43 (line 427)
  0x000002a8259f8928: d4f1 0eff 

  0x000002a8259f892c: ;   {other}
  0x000002a8259f892c: 0f1f 8400 | 9c85 00d6 | baf6 ffff | ff48 8b6c | 2458 4c8b | 5424 3844 | 8b5c 2430 | 4489 5c24 
  0x000002a8259f894c: 284c 8954 | 2430 4c8b | 5424 404c | 8954 2438 | 448b 5c24 | 4844 895c | 2440 4c8b | 5424 684c 
  0x000002a8259f896c: 8954 2458 | 4c89 5424 | 6044 8b54 | 244c 4489 | 5424 444c | 8b54 2478 | 4c89 5424 | 484c 8944 
  0x000002a8259f898c: 2478 6690 

  0x000002a8259f8990: ;   {runtime_call UncommonTrapBlob}
  0x000002a8259f8990: c5f8 77e8 

  0x000002a8259f8994: ; ImmutableOopMap {rbp=Oop [40]=NarrowOop [48]=Oop [64]=NarrowOop [68]=NarrowOop [72]=Oop [88]=Oop [96]=Oop [112]=Oop [120]=Oop [168]=NarrowOop }
                      ;*invokevirtual isEmpty {reexecute=0 rethrow=0 return_oop=0}
                      ; - sun.nio.fs.WindowsPath::getRoot@4 (line 362)
                      ; - sun.nio.fs.WindowsPath::getRoot@1 (line 42)
                      ; - java.io.IoOverNioFileSystem::isWindowsPipe@10 (line 187)
                      ; - java.io.IoOverNioFileSystem::getNioPath@43 (line 146)
                      ; - java.io.FileInputStream::<init>@104 (line 178)
                      ; - jdk.internal.loader.URLClassPath$FileLoader$1::getInputStream@8 (line 1119)
                      ; - jdk.internal.loader.Resource::cachedInputStream@9 (line 77)
                      ; - jdk.internal.loader.Resource::getByteBuffer@1 (line 163)
                      ; - java.net.URLClassLoader::defineClass@132 (line 511)
                      ; - java.net.URLClassLoader$1::run@43 (line 427)
  0x000002a8259f8994: 68f1 0eff 

  0x000002a8259f8998: ;   {other}
  0x000002a8259f8998: 0f1f 8400 | 0886 00d7 | baf6 ffff | ff48 8b6c | 2458 4c8b | 5424 3844 | 8b5c 2430 | 4489 5c24 
  0x000002a8259f89b8: 284c 8954 | 2430 4c8b | 5424 404c | 8954 2438 | 448b 5424 | 4844 8954 | 2440 4c8b | 5424 684c 
  0x000002a8259f89d8: 8954 2458 | 4c89 5424 | 6044 8b5c | 244c 4489 | 5c24 444c | 8b54 2478 | 4c89 5424 | 484c 8944 
  0x000002a8259f89f8: 2478 6690 

  0x000002a8259f89fc: ;   {runtime_call UncommonTrapBlob}
  0x000002a8259f89fc: c5f8 77e8 

  0x000002a8259f8a00: ; ImmutableOopMap {rbp=Oop [40]=NarrowOop [48]=Oop [64]=NarrowOop [68]=NarrowOop [72]=Oop [88]=Oop [96]=Oop [112]=Oop [120]=Oop [168]=NarrowOop }
                      ;*arraylength {reexecute=0 rethrow=0 return_oop=0}
                      ; - java.lang.String::isEmpty@4 (line 1521)
                      ; - sun.nio.fs.WindowsPath::getRoot@4 (line 362)
                      ; - sun.nio.fs.WindowsPath::getRoot@1 (line 42)
                      ; - java.io.IoOverNioFileSystem::isWindowsPipe@10 (line 187)
                      ; - java.io.IoOverNioFileSystem::getNioPath@43 (line 146)
                      ; - java.io.FileInputStream::<init>@104 (line 178)
                      ; - jdk.internal.loader.URLClassPath$FileLoader$1::getInputStream@8 (line 1119)
                      ; - jdk.internal.loader.Resource::cachedInputStream@9 (line 77)
                      ; - jdk.internal.loader.Resource::getByteBuffer@1 (line 163)
                      ; - java.net.URLClassLoader::defineClass@132 (line 511)
                      ; - java.net.URLClassLoader$1::run@43 (line 427)
  0x000002a8259f8a00: fcf0 0eff 

  0x000002a8259f8a04: ;   {other}
  0x000002a8259f8a04: 0f1f 8400 | 7486 00d8 | baf6 ffff | ff48 8b6c | 2458 448b | 5424 3044 | 8954 2428 | 4c8b 5424 
  0x000002a8259f8a24: 384c 8954 | 2430 4c8b | 5424 404c | 8954 2438 | 448b 5424 | 4844 8954 | 2440 4c8b | 5424 684c 
  0x000002a8259f8a44: 8954 2458 | 4c89 5424 | 6044 8b5c | 244c 4489 | 5c24 444c | 8b54 2478 | 4c89 5424 | 484c 8b94 
  0x000002a8259f8a64: 2488 0000 | 004c 8954 | 2478 6690 

  0x000002a8259f8a70: ;   {runtime_call UncommonTrapBlob}
  0x000002a8259f8a70: c5f8 77e8 

  0x000002a8259f8a74: ; ImmutableOopMap {rbp=Oop [40]=NarrowOop [48]=Oop [64]=NarrowOop [68]=NarrowOop [72]=Oop [88]=Oop [96]=Oop [112]=Oop [120]=Oop [168]=NarrowOop [264]=Oop }
                      ;*invokevirtual length {reexecute=0 rethrow=0 return_oop=0}
                      ; - sun.nio.fs.WindowsPath::getPathForWin32Calls@15 (line 190)
                      ; - sun.nio.fs.WindowsPath::getPathForWin32Calls@2 (line 180)
                      ; - sun.nio.fs.WindowsFileAttributes::get@21 (line 299)
                      ; - sun.nio.fs.WindowsFileAttributeViews$Basic::readAttributes@15 (line 51)
                      ; - sun.nio.fs.WindowsFileAttributeViews$Basic::readAttributes@1 (line 38)
                      ; - sun.nio.fs.WindowsFileSystemProvider::readAttributes@57 (line 197)
                      ; - java.nio.file.Files::readAttributes@7 (line 1854)
                      ; - java.io.IoOverNioFileSystem::getNioPath@66 (line 166)
                      ; - java.io.FileInputStream::<init>@104 (line 178)
                      ; - jdk.internal.loader.URLClassPath$FileLoader$1::getInputStream@8 (line 1119)
                      ; - jdk.internal.loader.Resource::cachedInputStream@9 (line 77)
                      ; - jdk.internal.loader.Resource::getByteBuffer@1 (line 163)
                      ; - java.net.URLClassLoader::defineClass@132 (line 511)
                      ; - java.net.URLClassLoader$1::run@43 (line 427)
  0x000002a8259f8a74: 88f0 0eff 

  0x000002a8259f8a78: ;   {other}
  0x000002a8259f8a78: 0f1f 8400 | e886 00d9 | baf6 ffff | ff48 8b6c | 2458 4c8b | 5424 3844 | 8b5c 2430 | 4489 5c24 
  0x000002a8259f8a98: 284c 8954 | 2430 4c8b | 5424 404c | 8954 2438 | 448b 5c24 | 4844 895c | 2440 4c8b | 5424 684c 
  0x000002a8259f8ab8: 8954 2458 | 4c89 5424 | 6044 8b54 | 244c 4489 | 5424 444c | 8b54 2478 | 4c89 5424 | 484c 8b94 
  0x000002a8259f8ad8: 2488 0000 | 004c 8954 | 2478 6690 

  0x000002a8259f8ae4: ;   {runtime_call UncommonTrapBlob}
  0x000002a8259f8ae4: c5f8 77e8 

  0x000002a8259f8ae8: ; ImmutableOopMap {rbp=Oop [40]=NarrowOop [48]=Oop [64]=NarrowOop [68]=NarrowOop [72]=Oop [88]=Oop [96]=Oop [112]=Oop [120]=Oop [168]=NarrowOop [264]=Oop }
                      ;*arraylength {reexecute=0 rethrow=0 return_oop=0}
                      ; - java.lang.String::length@4 (line 1508)
                      ; - sun.nio.fs.WindowsPath::getPathForWin32Calls@15 (line 190)
                      ; - sun.nio.fs.WindowsPath::getPathForWin32Calls@2 (line 180)
                      ; - sun.nio.fs.WindowsFileAttributes::get@21 (line 299)
                      ; - sun.nio.fs.WindowsFileAttributeViews$Basic::readAttributes@15 (line 51)
                      ; - sun.nio.fs.WindowsFileAttributeViews$Basic::readAttributes@1 (line 38)
                      ; - sun.nio.fs.WindowsFileSystemProvider::readAttributes@57 (line 197)
                      ; - java.nio.file.Files::readAttributes@7 (line 1854)
                      ; - java.io.IoOverNioFileSystem::getNioPath@66 (line 166)
                      ; - java.io.FileInputStream::<init>@104 (line 178)
                      ; - jdk.internal.loader.URLClassPath$FileLoader$1::getInputStream@8 (line 1119)
                      ; - jdk.internal.loader.Resource::cachedInputStream@9 (line 77)
                      ; - jdk.internal.loader.Resource::getByteBuffer@1 (line 163)
                      ; - java.net.URLClassLoader::defineClass@132 (line 511)
                      ; - java.net.URLClassLoader$1::run@43 (line 427)
  0x000002a8259f8ae8: 14f0 0eff 

  0x000002a8259f8aec: ;   {other}
  0x000002a8259f8aec: 0f1f 8400 | 5c87 00da | baf6 ffff | ff48 8b6c | 2458 448b | 5424 3044 | 8954 2428 | 4c8b 5424 
  0x000002a8259f8b0c: 384c 8954 | 2430 4c8b | 5424 404c | 8954 2438 | 448b 5424 | 4844 8954 | 2440 4c8b | 5424 684c 
  0x000002a8259f8b2c: 8954 2458 | 4c89 5424 | 6044 8b5c | 244c 4489 | 5c24 4490 

  0x000002a8259f8b40: ;   {runtime_call UncommonTrapBlob}
  0x000002a8259f8b40: c5f8 77e8 

  0x000002a8259f8b44: ; ImmutableOopMap {rbp=Oop [40]=NarrowOop [48]=Oop [64]=NarrowOop [68]=NarrowOop [88]=Oop [96]=Oop [112]=Oop [120]=Oop [168]=NarrowOop }
                      ;*invokevirtual channel {reexecute=0 rethrow=0 return_oop=0}
                      ; - java.io.FileInputStream::<init>@159 (line 183)
                      ; - jdk.internal.loader.URLClassPath$FileLoader$1::getInputStream@8 (line 1119)
                      ; - jdk.internal.loader.Resource::cachedInputStream@9 (line 77)
                      ; - jdk.internal.loader.Resource::getByteBuffer@1 (line 163)
                      ; - java.net.URLClassLoader::defineClass@132 (line 511)
                      ; - java.net.URLClassLoader$1::run@43 (line 427)
  0x000002a8259f8b44: b8ef 0eff 

  0x000002a8259f8b48: ;   {other}
  0x000002a8259f8b48: 0f1f 8400 | b887 00db | ba45 ffff | ff48 8b6c | 2458 4c8b | 5c24 3844 | 8b44 2430 | 4489 4424 
  0x000002a8259f8b68: 284c 895c | 2430 4c8b | 5c24 404c | 895c 2438 | 448b 4424 | 4844 8944 | 2440 448b | 4424 4c44 
  0x000002a8259f8b88: 8944 2444 | 4489 9424 | 8c00 0000 

  0x000002a8259f8b94: ;   {runtime_call UncommonTrapBlob}
  0x000002a8259f8b94: c5f8 77e8 

  0x000002a8259f8b98: ; ImmutableOopMap {rbp=Oop [40]=NarrowOop [48]=Oop [64]=NarrowOop [68]=NarrowOop [96]=Oop [104]=Oop [112]=Oop [120]=Oop [140]=NarrowOop [168]=NarrowOop }
                      ;*ifnull {reexecute=1 rethrow=0 return_oop=0}
                      ; - (reexecute) java.lang.ThreadLocal::get@7 (line 186)
                      ; - java.lang.ThreadLocal::get@4 (line 172)
                      ; - com.jetbrains.internal.IoOverNio$RecursionGuard::create@46 (line 209)
                      ; - java.io.FileInputStream::<init>@92 (line 176)
                      ; - jdk.internal.loader.URLClassPath$FileLoader$1::getInputStream@8 (line 1119)
                      ; - jdk.internal.loader.Resource::cachedInputStream@9 (line 77)
                      ; - jdk.internal.loader.Resource::getByteBuffer@1 (line 163)
                      ; - java.net.URLClassLoader::defineClass@132 (line 511)
                      ; - java.net.URLClassLoader$1::run@43 (line 427)
  0x000002a8259f8b98: 64ef 0eff 

  0x000002a8259f8b9c: ;   {other}
  0x000002a8259f8b9c: 0f1f 8400 | 0c88 00dc | ba45 ffff | ff48 8b6c | 2458 4c8b | 5424 3844 | 8b44 2430 | 4489 4424 
  0x000002a8259f8bbc: 284c 8954 | 2430 4c8b | 5424 404c | 8954 2438 | 448b 4424 | 4844 8944 | 2440 448b | 4424 4c44 
  0x000002a8259f8bdc: 8944 2444 | 4c8b 5424 | 784c 8954 | 2448 448b | 9424 9000 | 0000 4489 | 5424 7c44 | 899c 248c 
  0x000002a8259f8bfc: 0000 0090 

  0x000002a8259f8c00: ;   {runtime_call UncommonTrapBlob}
  0x000002a8259f8c00: c5f8 77e8 

  0x000002a8259f8c04: ; ImmutableOopMap {rbp=Oop [40]=NarrowOop [48]=Oop [64]=NarrowOop [68]=NarrowOop [72]=Oop [96]=Oop [104]=Oop [112]=Oop [124]=NarrowOop [140]=NarrowOop [144]=NarrowOop [168]=NarrowOop }
                      ;*ifnull {reexecute=1 rethrow=0 return_oop=0}
                      ; - (reexecute) java.lang.ThreadLocal::get@7 (line 186)
                      ; - java.lang.ThreadLocal::get@4 (line 172)
                      ; - com.jetbrains.internal.IoOverNio::isAllowedInThisThread@9 (line 68)
                      ; - java.io.IoOverNioFileSystem::acquireNioFs@16 (line 94)
                      ; - java.io.IoOverNioFileSystem::getNioPath@6 (line 130)
                      ; - java.io.FileInputStream::<init>@104 (line 178)
                      ; - jdk.internal.loader.URLClassPath$FileLoader$1::getInputStream@8 (line 1119)
                      ; - jdk.internal.loader.Resource::cachedInputStream@9 (line 77)
                      ; - jdk.internal.loader.Resource::getByteBuffer@1 (line 163)
                      ; - java.net.URLClassLoader::defineClass@132 (line 511)
                      ; - java.net.URLClassLoader$1::run@43 (line 427)
  0x000002a8259f8c04: f8ee 0eff 

  0x000002a8259f8c08: ;   {other}
  0x000002a8259f8c08: 0f1f 8400 | 7888 00dd | baf4 ffff | ff48 8b6c | 2458 448b | 5424 3044 | 8954 2428 | 4c8b 5424 
  0x000002a8259f8c28: 384c 8954 | 2430 4c8b | 5424 404c | 8954 2438 | 448b 5424 | 4844 8954 | 2440 4c8b | 5424 684c 
  0x000002a8259f8c48: 8954 2458 | 4c89 5424 | 6044 8b5c | 244c 4489 | 5c24 444c | 8b54 2478 | 4c89 5424 | 484c 8b94 
  0x000002a8259f8c68: 2488 0000 | 004c 8954 | 2478 6690 

  0x000002a8259f8c74: ;   {runtime_call UncommonTrapBlob}
  0x000002a8259f8c74: c5f8 77e8 

  0x000002a8259f8c78: ; ImmutableOopMap {rbp=Oop [40]=NarrowOop [48]=Oop [64]=NarrowOop [68]=NarrowOop [72]=Oop [88]=Oop [96]=Oop [112]=Oop [120]=Oop [168]=NarrowOop [264]=Oop }
                      ;*checkcast {reexecute=0 rethrow=0 return_oop=0}
                      ; - sun.nio.fs.WindowsPath::getPathForWin32Calls@42 (line 195)
                      ; - sun.nio.fs.WindowsPath::getPathForWin32Calls@2 (line 180)
                      ; - sun.nio.fs.WindowsFileAttributes::get@21 (line 299)
                      ; - sun.nio.fs.WindowsFileAttributeViews$Basic::readAttributes@15 (line 51)
                      ; - sun.nio.fs.WindowsFileAttributeViews$Basic::readAttributes@1 (line 38)
                      ; - sun.nio.fs.WindowsFileSystemProvider::readAttributes@57 (line 197)
                      ; - java.nio.file.Files::readAttributes@7 (line 1854)
                      ; - java.io.IoOverNioFileSystem::getNioPath@66 (line 166)
                      ; - java.io.FileInputStream::<init>@104 (line 178)
                      ; - jdk.internal.loader.URLClassPath$FileLoader$1::getInputStream@8 (line 1119)
                      ; - jdk.internal.loader.Resource::cachedInputStream@9 (line 77)
                      ; - jdk.internal.loader.Resource::getByteBuffer@1 (line 163)
                      ; - java.net.URLClassLoader::defineClass@132 (line 511)
                      ; - java.net.URLClassLoader$1::run@43 (line 427)
  0x000002a8259f8c78: 84ee 0eff 

  0x000002a8259f8c7c: ;   {other}
  0x000002a8259f8c7c: 0f1f 8400 | ec88 00de | 448b 4008 | 49ba 0000 | 0037 a802 | 0000 4d03 | d0e9 2ce4 | ffff 488b 
  0x000002a8259f8c9c: d8e9 d8e1 | ffff 448b | 5808 49b8 | 0000 0037 | a802 0000 | 4d03 c3e9 | a9e3 ffff | 488b d8e9 
  0x000002a8259f8cbc: 58ea ffff | 448b 5008 

  0x000002a8259f8cc4: ;   {metadata('sun/nio/fs/WindowsException')}
  0x000002a8259f8cc4: 4181 fa40 | 7f83 0075 | 0d48 8984 | 24c0 0000 | 00e9 61e5 | ffff 49b8 | 0000 0037 | a802 0000 
  0x000002a8259f8ce4: 4d03 c2e9 | 75e3 ffff | 4c8b c0eb | 0d4c 8bc0 | eb08 4c8b | c0eb 034c | 8bc0 488b | 9424 e000 
  0x000002a8259f8d04: 0000 6690 

  0x000002a8259f8d08: ;   {optimized virtual_call}
  0x000002a8259f8d08: c5f8 77e8 

  0x000002a8259f8d0c: ; ImmutableOopMap {[32]=Oop [40]=Oop [48]=NarrowOop [56]=Oop [72]=NarrowOop [76]=NarrowOop [80]=Oop [88]=Oop [96]=Oop [104]=Oop [112]=Oop [120]=Oop [128]=Oop [136]=Oop [168]=NarrowOop [224]=Oop }
                      ;*invokevirtual addSuppressed {reexecute=0 rethrow=0 return_oop=0}
                      ; - sun.nio.fs.WindowsFileAttributes::get@98 (line 296)
                      ; - sun.nio.fs.WindowsFileAttributeViews$Basic::readAttributes@15 (line 51)
                      ; - sun.nio.fs.WindowsFileAttributeViews$Basic::readAttributes@1 (line 38)
                      ; - sun.nio.fs.WindowsFileSystemProvider::readAttributes@57 (line 197)
                      ; - java.nio.file.Files::readAttributes@7 (line 1854)
                      ; - java.io.IoOverNioFileSystem::getNioPath@66 (line 166)
                      ; - java.io.FileInputStream::<init>@104 (line 178)
                      ; - jdk.internal.loader.URLClassPath$FileLoader$1::getInputStream@8 (line 1119)
                      ; - jdk.internal.loader.Resource::cachedInputStream@9 (line 77)
                      ; - jdk.internal.loader.Resource::getByteBuffer@1 (line 163)
                      ; - java.net.URLClassLoader::defineClass@132 (line 511)
                      ; - java.net.URLClassLoader$1::run@43 (line 427)
  0x000002a8259f8d0c: 7061 0eff 

  0x000002a8259f8d10: ;   {other}
  0x000002a8259f8d10: 0f1f 8400 | 8089 00df | e9fd e4ff 

  0x000002a8259f8d1c: ;   {internal_word}
  0x000002a8259f8d1c: ff49 ba17 | 1d9f 25a8 | 0200 004d | 8997 6804 

  0x000002a8259f8d2c: ;   {runtime_call SafepointBlob}
  0x000002a8259f8d2c: 0000 e94d 

  0x000002a8259f8d30: ;   {runtime_call StubRoutines (final stubs)}
  0x000002a8259f8d30: dc0e ffe8 | a8f5 0cff | e961 80ff | fff4 f4f4 
[Stub Code]
  0x000002a8259f8d40: ;   {no_reloc}
  0x000002a8259f8d40: 48bb 0000 | 0000 0000 

  0x000002a8259f8d48: ;   {runtime_call nmethod}
  0x000002a8259f8d48: 0000 e9fb 

  0x000002a8259f8d4c: ;   {static_stub}
  0x000002a8259f8d4c: ffff ff48 | bb00 0000 | 0000 0000 

  0x000002a8259f8d58: ;   {runtime_call nmethod}
  0x000002a8259f8d58: 00e9 fbff 

  0x000002a8259f8d5c: ;   {static_stub}
  0x000002a8259f8d5c: ffff 48bb | 0000 0000 | 0000 0000 

  0x000002a8259f8d68: ;   {runtime_call nmethod}
  0x000002a8259f8d68: e9fb ffff 

  0x000002a8259f8d6c: ;   {static_stub}
  0x000002a8259f8d6c: ff48 bb00 | 0000 0000 

  0x000002a8259f8d74: ;   {runtime_call nmethod}
  0x000002a8259f8d74: 0000 00e9 | fbff ffff 

  0x000002a8259f8d7c: ;   {static_stub}
  0x000002a8259f8d7c: 48bb 0000 | 0000 0000 

  0x000002a8259f8d84: ;   {runtime_call nmethod}
  0x000002a8259f8d84: 0000 e9fb 

  0x000002a8259f8d88: ;   {static_stub}
  0x000002a8259f8d88: ffff ff48 | bb00 0000 | 0000 0000 

  0x000002a8259f8d94: ;   {runtime_call nmethod}
  0x000002a8259f8d94: 00e9 fbff 

  0x000002a8259f8d98: ;   {static_stub}
  0x000002a8259f8d98: ffff 48bb | 0000 0000 | 0000 0000 

  0x000002a8259f8da4: ;   {runtime_call nmethod}
  0x000002a8259f8da4: e9fb ffff 

  0x000002a8259f8da8: ;   {static_stub}
  0x000002a8259f8da8: ff48 bb00 | 0000 0000 

  0x000002a8259f8db0: ;   {runtime_call nmethod}
  0x000002a8259f8db0: 0000 00e9 | fbff ffff 

  0x000002a8259f8db8: ;   {static_stub}
  0x000002a8259f8db8: 48bb 0000 | 0000 0000 

  0x000002a8259f8dc0: ;   {runtime_call nmethod}
  0x000002a8259f8dc0: 0000 e9fb 

  0x000002a8259f8dc4: ;   {static_stub}
  0x000002a8259f8dc4: ffff ff48 | bb00 0000 | 0000 0000 

  0x000002a8259f8dd0: ;   {runtime_call nmethod}
  0x000002a8259f8dd0: 00e9 fbff 

  0x000002a8259f8dd4: ;   {static_stub}
  0x000002a8259f8dd4: ffff 48bb | 0000 0000 | 0000 0000 

  0x000002a8259f8de0: ;   {runtime_call nmethod}
  0x000002a8259f8de0: e9fb ffff 

  0x000002a8259f8de4: ;   {static_stub}
  0x000002a8259f8de4: ff48 bb00 | 0000 0000 

  0x000002a8259f8dec: ;   {runtime_call nmethod}
  0x000002a8259f8dec: 0000 00e9 | fbff ffff 

  0x000002a8259f8df4: ;   {static_stub}
  0x000002a8259f8df4: 48bb 0000 | 0000 0000 

  0x000002a8259f8dfc: ;   {runtime_call nmethod}
  0x000002a8259f8dfc: 0000 e9fb 

  0x000002a8259f8e00: ;   {static_stub}
  0x000002a8259f8e00: ffff ff48 | bb00 0000 | 0000 0000 

  0x000002a8259f8e0c: ;   {runtime_call nmethod}
  0x000002a8259f8e0c: 00e9 fbff 

  0x000002a8259f8e10: ;   {static_stub}
  0x000002a8259f8e10: ffff 48bb | 0000 0000 | 0000 0000 

  0x000002a8259f8e1c: ;   {runtime_call nmethod}
  0x000002a8259f8e1c: e9fb ffff 

  0x000002a8259f8e20: ;   {static_stub}
  0x000002a8259f8e20: ff48 bb00 | 0000 0000 

  0x000002a8259f8e28: ;   {runtime_call nmethod}
  0x000002a8259f8e28: 0000 00e9 | fbff ffff 

  0x000002a8259f8e30: ;   {static_stub}
  0x000002a8259f8e30: 48bb 0000 | 0000 0000 

  0x000002a8259f8e38: ;   {runtime_call nmethod}
  0x000002a8259f8e38: 0000 e9fb 

  0x000002a8259f8e3c: ;   {static_stub}
  0x000002a8259f8e3c: ffff ff48 | bb00 0000 | 0000 0000 

  0x000002a8259f8e48: ;   {runtime_call nmethod}
  0x000002a8259f8e48: 00e9 fbff 

  0x000002a8259f8e4c: ;   {static_stub}
  0x000002a8259f8e4c: ffff 48bb | 0000 0000 | 0000 0000 

  0x000002a8259f8e58: ;   {runtime_call nmethod}
  0x000002a8259f8e58: e9fb ffff 

  0x000002a8259f8e5c: ;   {static_stub}
  0x000002a8259f8e5c: ff48 bb00 | 0000 0000 

  0x000002a8259f8e64: ;   {runtime_call nmethod}
  0x000002a8259f8e64: 0000 00e9 | fbff ffff 

  0x000002a8259f8e6c: ;   {static_stub}
  0x000002a8259f8e6c: 48bb 0000 | 0000 0000 

  0x000002a8259f8e74: ;   {runtime_call nmethod}
  0x000002a8259f8e74: 0000 e9fb 

  0x000002a8259f8e78: ;   {static_stub}
  0x000002a8259f8e78: ffff ff48 | bb00 0000 | 0000 0000 

  0x000002a8259f8e84: ;   {runtime_call nmethod}
  0x000002a8259f8e84: 00e9 fbff 

  0x000002a8259f8e88: ;   {static_stub}
  0x000002a8259f8e88: ffff 48bb | 0000 0000 | 0000 0000 

  0x000002a8259f8e94: ;   {runtime_call nmethod}
  0x000002a8259f8e94: e9fb ffff 

  0x000002a8259f8e98: ;   {static_stub}
  0x000002a8259f8e98: ff48 bbf8 | 5334 37a8 

  0x000002a8259f8ea0: ;   {runtime_call I2C/C2I adapters}
  0x000002a8259f8ea0: 0200 00e9 | 3750 0eff 

  0x000002a8259f8ea8: ;   {static_stub}
  0x000002a8259f8ea8: 48bb 0000 | 0000 0000 

  0x000002a8259f8eb0: ;   {runtime_call nmethod}
  0x000002a8259f8eb0: 0000 e9fb 

  0x000002a8259f8eb4: ;   {static_stub}
  0x000002a8259f8eb4: ffff ff48 | bb00 0000 | 0000 0000 

  0x000002a8259f8ec0: ;   {runtime_call nmethod}
  0x000002a8259f8ec0: 00e9 fbff 

  0x000002a8259f8ec4: ;   {static_stub}
  0x000002a8259f8ec4: ffff 48bb | 0000 0000 | 0000 0000 

  0x000002a8259f8ed0: ;   {runtime_call nmethod}
  0x000002a8259f8ed0: e9fb ffff 

  0x000002a8259f8ed4: ;   {static_stub}
  0x000002a8259f8ed4: ff48 bb00 | 0000 0000 

  0x000002a8259f8edc: ;   {runtime_call nmethod}
  0x000002a8259f8edc: 0000 00e9 | fbff ffff 

  0x000002a8259f8ee4: ;   {static_stub}
  0x000002a8259f8ee4: 48bb 0000 | 0000 0000 

  0x000002a8259f8eec: ;   {runtime_call nmethod}
  0x000002a8259f8eec: 0000 e9fb 

  0x000002a8259f8ef0: ;   {static_stub}
  0x000002a8259f8ef0: ffff ff48 | bb00 0000 | 0000 0000 

  0x000002a8259f8efc: ;   {runtime_call nmethod}
  0x000002a8259f8efc: 00e9 fbff 

  0x000002a8259f8f00: ;   {static_stub}
  0x000002a8259f8f00: ffff 48bb | 0000 0000 | 0000 0000 

  0x000002a8259f8f0c: ;   {runtime_call nmethod}
  0x000002a8259f8f0c: e9fb ffff 

  0x000002a8259f8f10: ;   {static_stub}
  0x000002a8259f8f10: ff48 bb00 | 0000 0000 

  0x000002a8259f8f18: ;   {runtime_call nmethod}
  0x000002a8259f8f18: 0000 00e9 | fbff ffff 

  0x000002a8259f8f20: ;   {static_stub}
  0x000002a8259f8f20: 48bb 0000 | 0000 0000 

  0x000002a8259f8f28: ;   {runtime_call nmethod}
  0x000002a8259f8f28: 0000 e9fb 

  0x000002a8259f8f2c: ;   {static_stub}
  0x000002a8259f8f2c: ffff ff48 | bb00 0000 | 0000 0000 

  0x000002a8259f8f38: ;   {runtime_call nmethod}
  0x000002a8259f8f38: 00e9 fbff 

  0x000002a8259f8f3c: ;   {static_stub}
  0x000002a8259f8f3c: ffff 48bb | 0000 0000 | 0000 0000 

  0x000002a8259f8f48: ;   {runtime_call nmethod}
  0x000002a8259f8f48: e9fb ffff 

  0x000002a8259f8f4c: ;   {static_stub}
  0x000002a8259f8f4c: ff48 bb00 | 0000 0000 

  0x000002a8259f8f54: ;   {runtime_call nmethod}
  0x000002a8259f8f54: 0000 00e9 | fbff ffff 

  0x000002a8259f8f5c: ;   {static_stub}
  0x000002a8259f8f5c: 48bb 0000 | 0000 0000 

  0x000002a8259f8f64: ;   {runtime_call nmethod}
  0x000002a8259f8f64: 0000 e9fb 

  0x000002a8259f8f68: ;   {static_stub}
  0x000002a8259f8f68: ffff ff48 | bb00 0000 | 0000 0000 

  0x000002a8259f8f74: ;   {runtime_call nmethod}
  0x000002a8259f8f74: 00e9 fbff 

  0x000002a8259f8f78: ;   {static_stub}
  0x000002a8259f8f78: ffff 48bb | 0000 0000 | 0000 0000 

  0x000002a8259f8f84: ;   {runtime_call nmethod}
  0x000002a8259f8f84: e9fb ffff 

  0x000002a8259f8f88: ;   {static_stub}
  0x000002a8259f8f88: ff48 bb00 | 0000 0000 

  0x000002a8259f8f90: ;   {runtime_call nmethod}
  0x000002a8259f8f90: 0000 00e9 | fbff ffff 

  0x000002a8259f8f98: ;   {static_stub}
  0x000002a8259f8f98: 48bb 0000 | 0000 0000 

  0x000002a8259f8fa0: ;   {runtime_call nmethod}
  0x000002a8259f8fa0: 0000 e9fb 

  0x000002a8259f8fa4: ;   {static_stub}
  0x000002a8259f8fa4: ffff ff48 | bb00 0000 | 0000 0000 

  0x000002a8259f8fb0: ;   {runtime_call nmethod}
  0x000002a8259f8fb0: 00e9 fbff 

  0x000002a8259f8fb4: ;   {static_stub}
  0x000002a8259f8fb4: ffff 48bb | 0000 0000 | 0000 0000 

  0x000002a8259f8fc0: ;   {runtime_call nmethod}
  0x000002a8259f8fc0: e9fb ffff 

  0x000002a8259f8fc4: ;   {static_stub}
  0x000002a8259f8fc4: ff48 bb00 | 0000 0000 

  0x000002a8259f8fcc: ;   {runtime_call nmethod}
  0x000002a8259f8fcc: 0000 00e9 | fbff ffff 

  0x000002a8259f8fd4: ;   {static_stub}
  0x000002a8259f8fd4: 48bb 0000 | 0000 0000 

  0x000002a8259f8fdc: ;   {runtime_call nmethod}
  0x000002a8259f8fdc: 0000 e9fb 

  0x000002a8259f8fe0: ;   {static_stub}
  0x000002a8259f8fe0: ffff ff48 | bb00 0000 | 0000 0000 

  0x000002a8259f8fec: ;   {runtime_call nmethod}
  0x000002a8259f8fec: 00e9 fbff 

  0x000002a8259f8ff0: ;   {static_stub}
  0x000002a8259f8ff0: ffff 48bb | 0000 0000 | 0000 0000 

  0x000002a8259f8ffc: ;   {runtime_call nmethod}
  0x000002a8259f8ffc: e9fb ffff 

  0x000002a8259f9000: ;   {static_stub}
  0x000002a8259f9000: ff48 bb00 | 0000 0000 

  0x000002a8259f9008: ;   {runtime_call nmethod}
  0x000002a8259f9008: 0000 00e9 | fbff ffff 

  0x000002a8259f9010: ;   {static_stub}
  0x000002a8259f9010: 48bb 0000 | 0000 0000 

  0x000002a8259f9018: ;   {runtime_call nmethod}
  0x000002a8259f9018: 0000 e9fb 

  0x000002a8259f901c: ;   {static_stub}
  0x000002a8259f901c: ffff ff48 | bb00 0000 | 0000 0000 

  0x000002a8259f9028: ;   {runtime_call nmethod}
  0x000002a8259f9028: 00e9 fbff 

  0x000002a8259f902c: ;   {static_stub}
  0x000002a8259f902c: ffff 48bb | 0000 0000 | 0000 0000 

  0x000002a8259f9038: ;   {runtime_call nmethod}
  0x000002a8259f9038: e9fb ffff 

  0x000002a8259f903c: ;   {static_stub}
  0x000002a8259f903c: ff48 bb00 | 0000 0000 

  0x000002a8259f9044: ;   {runtime_call nmethod}
  0x000002a8259f9044: 0000 00e9 | fbff ffff 

  0x000002a8259f904c: ;   {static_stub}
  0x000002a8259f904c: 48bb 0000 | 0000 0000 

  0x000002a8259f9054: ;   {runtime_call nmethod}
  0x000002a8259f9054: 0000 e9fb 

  0x000002a8259f9058: ;   {runtime_call ExceptionBlob}
  0x000002a8259f9058: ffff ffe9 | a0ab 1bff 
[Deopt Handler Code]
  0x000002a8259f9060: e800 0000 | 0048 832c 

  0x000002a8259f9068: ;   {runtime_call DeoptimizationBlob}
  0x000002a8259f9068: 2405 e9b1 | ed0e fff4 
[/MachCode]


---------------  P R O C E S S  ---------------

Threads class SMR info:
_java_thread_list=0x000002a806779470, length=121, elements={
0x000002a816bf62d0, 0x000002a83652b9e0, 0x000002a83652ef80, 0x000002a8365319f0,
0x000002a836534b80, 0x000002a836555950, 0x000002a8365563b0, 0x000002a83655cf60,
0x000002a836579340, 0x000002a83657ce00, 0x000002a836639a60, 0x000002a83663a800,
0x000002a83663b5a0, 0x000002a8367f1570, 0x000002a83663aed0, 0x000002a83663a130,
0x000002a836637f20, 0x000002a8366385f0, 0x000002a800fd0570, 0x000002a836638cc0,
0x000002a87e2e5060, 0x000002a87e83e8e0, 0x000002a87ee48240, 0x000002a87e008030,
0x000002a87f004b00, 0x000002a87e972f50, 0x000002a800dd5990, 0x000002a800dd3f50,
0x000002a800dd3230, 0x000002a800dd45e0, 0x000002a800dd5300, 0x000002a800dd38c0,
0x000002a87dd9d630, 0x000002a87dd9e350, 0x000002a87dd9f700, 0x000002a87dd9cfa0,
0x000002a87dda0ab0, 0x000002a87dda24f0, 0x000002a87dd9fd90, 0x000002a87dda1e60,
0x000002a87dda3210, 0x000002a87dda0420, 0x000002a87dda1140, 0x000002a80144e100,
0x000002a80144f4b0, 0x000002a801450ef0, 0x000002a80144fb40, 0x000002a8014501d0,
0x000002a801450860, 0x000002a801451580, 0x000002a801451c10, 0x000002a8014522a0,
0x000002a80144ee20, 0x000002a801454370, 0x000002a801454a00, 0x000002a801453650,
0x000002a801453ce0, 0x000002a801455090, 0x000002a801455720, 0x000002a801452930,
0x000002a801452fc0, 0x000002a8056dddd0, 0x000002a8056e0530, 0x000002a8056deaf0,
0x000002a8056df180, 0x000002a8056dfea0, 0x000002a8056df810, 0x000002a8056e0bc0,
0x000002a8056e18e0, 0x000002a8056de460, 0x000002a8056e4040, 0x000002a8056e39b0,
0x000002a8056e46d0, 0x000002a8056e1f70, 0x000002a8056e2600, 0x000002a8056e1250,
0x000002a8056e2c90, 0x000002a8056e3320, 0x000002a8056e4d60, 0x000002a8056e53f0,
0x000002a801a9c130, 0x000002a801a9ba60, 0x000002a803baf370, 0x000002a803bb2e80,
0x000002a803bb3510, 0x000002a803bb55e0, 0x000002a803615ff0, 0x000002a803615960,
0x000002a803614c40, 0x000002a800bfb7a0, 0x000002a803946500, 0x000002a8039457e0,
0x000002a803945e70, 0x000002a803945150, 0x000002a8064cbcb0, 0x000002a8064cd060,
0x000002a8064cc9d0, 0x000002a8064cd6f0, 0x000002a8064cdd80, 0x000002a8064ce410,
0x000002a8064cb620, 0x000002a8064ceaa0, 0x000002a8064cc340, 0x000002a801e0c820,
0x000002a801e0bb00, 0x000002a801e0c190, 0x000002a801e093a0, 0x000002a801e0b470,
0x000002a801e09a30, 0x000002a801e0a0c0, 0x000002a801e0a750, 0x000002a801e0ade0,
0x000002a802e7a1a0, 0x000002a802e79480, 0x000002a802e7a830, 0x000002a802e79b10,
0x000002a806e97350, 0x000002a806e98070, 0x000002a806e98700, 0x000002a806e99ab0,
0x000002a80c0f1cd0
}

Java Threads: ( => current thread )
  0x000002a816bf62d0 JavaThread "main"                              [_thread_blocked, id=37692, stack(0x000000e39a200000,0x000000e39a300000) (1024K)]
  0x000002a83652b9e0 JavaThread "Common-Cleaner"             daemon [_thread_blocked, id=32828, stack(0x000000e39aa00000,0x000000e39ab00000) (1024K)]
  0x000002a83652ef80 JavaThread "Reference Handler"          daemon [_thread_blocked, id=37832, stack(0x000000e39ab00000,0x000000e39ac00000) (1024K)]
  0x000002a8365319f0 JavaThread "Finalizer"                  daemon [_thread_blocked, id=27784, stack(0x000000e39ac00000,0x000000e39ad00000) (1024K)]
  0x000002a836534b80 JavaThread "Signal Dispatcher"          daemon [_thread_blocked, id=37912, stack(0x000000e39ad00000,0x000000e39ae00000) (1024K)]
  0x000002a836555950 JavaThread "Attach Listener"            daemon [_thread_blocked, id=14628, stack(0x000000e39ae00000,0x000000e39af00000) (1024K)]
  0x000002a8365563b0 JavaThread "Service Thread"             daemon [_thread_blocked, id=27588, stack(0x000000e39af00000,0x000000e39b000000) (1024K)]
  0x000002a83655cf60 JavaThread "Monitor Deflation Thread"   daemon [_thread_blocked, id=8264, stack(0x000000e39b000000,0x000000e39b100000) (1024K)]
  0x000002a836579340 JavaThread "C2 CompilerThread0"         daemon [_thread_blocked, id=23504, stack(0x000000e39b100000,0x000000e39b200000) (1024K)]
  0x000002a83657ce00 JavaThread "C1 CompilerThread0"         daemon [_thread_blocked, id=36876, stack(0x000000e39b200000,0x000000e39b300000) (1024K)]
  0x000002a836639a60 JavaThread "C1 CompilerThread1"         daemon [_thread_blocked, id=20272, stack(0x000000e39b300000,0x000000e39b400000) (1024K)]
  0x000002a83663a800 JavaThread "C1 CompilerThread2"         daemon [_thread_blocked, id=27492, stack(0x000000e39b400000,0x000000e39b500000) (1024K)]
  0x000002a83663b5a0 JavaThread "C2 CompilerThread1"         daemon [_thread_blocked, id=14652, stack(0x000000e39b500000,0x000000e39b600000) (1024K)]
  0x000002a8367f1570 JavaThread "Notification Thread"        daemon [_thread_blocked, id=37860, stack(0x000000e39b600000,0x000000e39b700000) (1024K)]
  0x000002a83663aed0 JavaThread "C1 CompilerThread3"         daemon [_thread_blocked, id=38680, stack(0x000000e39b700000,0x000000e39b800000) (1024K)]
  0x000002a83663a130 JavaThread "C2 CompilerThread2"         daemon [_thread_blocked, id=25560, stack(0x000000e39b800000,0x000000e39b900000) (1024K)]
  0x000002a836637f20 JavaThread "C2 CompilerThread3"         daemon [_thread_blocked, id=7200, stack(0x000000e39b900000,0x000000e39ba00000) (1024K)]
  0x000002a8366385f0 JavaThread "C2 CompilerThread4"         daemon [_thread_blocked, id=37340, stack(0x000000e39ba00000,0x000000e39bb00000) (1024K)]
  0x000002a800fd0570 JavaThread "Daemon health stats"               [_thread_blocked, id=35224, stack(0x000000e39c600000,0x000000e39c700000) (1024K)]
  0x000002a836638cc0 JavaThread "C1 CompilerThread4"         daemon [_thread_blocked, id=13460, stack(0x000000e39c700000,0x000000e39c800000) (1024K)]
  0x000002a87e2e5060 JavaThread "Incoming local TCP Connector on port 57471"        [_thread_in_native, id=20596, stack(0x000000e39c800000,0x000000e39c900000) (1024K)]
  0x000002a87e83e8e0 JavaThread "Daemon periodic checks"            [_thread_blocked, id=38880, stack(0x000000e39c900000,0x000000e39ca00000) (1024K)]
  0x000002a87ee48240 JavaThread "Daemon"                            [_thread_blocked, id=36796, stack(0x000000e39ca00000,0x000000e39cb00000) (1024K)]
  0x000002a87e008030 JavaThread "Handler for socket connection from /127.0.0.1:57471 to /127.0.0.1:57472"        [_thread_in_native, id=22816, stack(0x000000e39cb00000,0x000000e39cc00000) (1024K)]
  0x000002a87f004b00 JavaThread "Cancel handler"                    [_thread_blocked, id=36724, stack(0x000000e39cc00000,0x000000e39cd00000) (1024K)]
  0x000002a87e972f50 JavaThread "Daemon worker"                     [_thread_blocked, id=23072, stack(0x000000e39cd00000,0x000000e39ce00000) (1024K)]
  0x000002a800dd5990 JavaThread "Asynchronous log dispatcher for DefaultDaemonConnection: socket connection from /127.0.0.1:57471 to /127.0.0.1:57472"        [_thread_blocked, id=4988, stack(0x000000e39ce00000,0x000000e39cf00000) (1024K)]
  0x000002a800dd3f50 JavaThread "Stdin handler"                     [_thread_blocked, id=13500, stack(0x000000e39cf00000,0x000000e39d000000) (1024K)]
  0x000002a800dd3230 JavaThread "Daemon client event forwarder"        [_thread_blocked, id=15992, stack(0x000000e39d000000,0x000000e39d100000) (1024K)]
  0x000002a800dd45e0 JavaThread "Cache worker for journal cache (C:\Users\maxin\.gradle\caches\journal-1)"        [_thread_blocked, id=8704, stack(0x000000e39d100000,0x000000e39d200000) (1024K)]
  0x000002a800dd5300 JavaThread "File lock request listener"        [_thread_in_native, id=38748, stack(0x000000e39d200000,0x000000e39d300000) (1024K)]
  0x000002a800dd38c0 JavaThread "Cache worker for file hash cache (C:\Users\maxin\.gradle\caches\9.4.1\fileHashes)"        [_thread_blocked, id=38876, stack(0x000000e39d300000,0x000000e39d400000) (1024K)]
  0x000002a87dd9d630 JavaThread "Cache worker for file hash cache (D:\StudioProjects\ProyectosApps\informaticamaverick-App-PBEN2.8.1\.gradle\9.4.1\fileHashes)"        [_thread_blocked, id=9440, stack(0x000000e39e400000,0x000000e39e500000) (1024K)]
  0x000002a87dd9e350 JavaThread "Cache worker for Build Output Cleanup Cache (D:\StudioProjects\ProyectosApps\informaticamaverick-App-PBEN2.8.1\.gradle\buildOutputCleanup)"        [_thread_blocked, id=32284, stack(0x000000e39e500000,0x000000e39e600000) (1024K)]
  0x000002a87dd9f700 JavaThread "Cache worker for file content cache (C:\Users\maxin\.gradle\caches\9.4.1\fileContent)"        [_thread_blocked, id=7748, stack(0x000000e39e600000,0x000000e39e700000) (1024K)]
  0x000002a87dd9cfa0 JavaThread "Cache worker for checksums cache (D:\StudioProjects\ProyectosApps\informaticamaverick-App-PBEN2.8.1\.gradle\9.4.1\checksums)"        [_thread_blocked, id=34648, stack(0x000000e39e700000,0x000000e39e800000) (1024K)]
  0x000002a87dda0ab0 JavaThread "Cache worker for cache directory md-supplier (C:\Users\maxin\.gradle\caches\9.4.1\md-supplier)"        [_thread_blocked, id=24508, stack(0x000000e39e800000,0x000000e39e900000) (1024K)]
  0x000002a87dda24f0 JavaThread "Cache worker for cache directory md-rule (C:\Users\maxin\.gradle\caches\9.4.1\md-rule)"        [_thread_blocked, id=36200, stack(0x000000e39e900000,0x000000e39ea00000) (1024K)]
  0x000002a87dd9fd90 JavaThread "jar transforms"                    [_thread_blocked, id=36084, stack(0x000000e39ea00000,0x000000e39eb00000) (1024K)]
  0x000002a87dda1e60 JavaThread "jar transforms Thread 2"           [_thread_blocked, id=3268, stack(0x000000e39eb00000,0x000000e39ec00000) (1024K)]
  0x000002a87dda3210 JavaThread "jar transforms Thread 3"           [_thread_blocked, id=18096, stack(0x000000e39ec00000,0x000000e39ed00000) (1024K)]
  0x000002a87dda0420 JavaThread "jar transforms Thread 4"           [_thread_blocked, id=32868, stack(0x000000e39ed00000,0x000000e39ee00000) (1024K)]
  0x000002a87dda1140 JavaThread "jar transforms Thread 5"           [_thread_blocked, id=22452, stack(0x000000e39ee00000,0x000000e39ef00000) (1024K)]
  0x000002a80144e100 JavaThread "Build operations"                  [_thread_blocked, id=33660, stack(0x000000e39ef00000,0x000000e39f000000) (1024K)]
  0x000002a80144f4b0 JavaThread "Build operations Thread 2"         [_thread_blocked, id=37568, stack(0x000000e39f000000,0x000000e39f100000) (1024K)]
  0x000002a801450ef0 JavaThread "Build operations Thread 3"         [_thread_blocked, id=13476, stack(0x000000e39f100000,0x000000e39f200000) (1024K)]
  0x000002a80144fb40 JavaThread "Build operations Thread 4"         [_thread_blocked, id=17220, stack(0x000000e39f200000,0x000000e39f300000) (1024K)]
  0x000002a8014501d0 JavaThread "Build operations Thread 5"         [_thread_blocked, id=24932, stack(0x000000e39f300000,0x000000e39f400000) (1024K)]
  0x000002a801450860 JavaThread "Build operations Thread 6"         [_thread_blocked, id=25824, stack(0x000000e39f400000,0x000000e39f500000) (1024K)]
  0x000002a801451580 JavaThread "Build operations Thread 7"         [_thread_blocked, id=33232, stack(0x000000e39f500000,0x000000e39f600000) (1024K)]
  0x000002a801451c10 JavaThread "Build operations Thread 8"         [_thread_blocked, id=21440, stack(0x000000e39f600000,0x000000e39f700000) (1024K)]
  0x000002a8014522a0 JavaThread "Build operations Thread 9"         [_thread_blocked, id=33336, stack(0x000000e39f700000,0x000000e39f800000) (1024K)]
  0x000002a80144ee20 JavaThread "Build operations Thread 10"        [_thread_blocked, id=20332, stack(0x000000e39f800000,0x000000e39f900000) (1024K)]
  0x000002a801454370 JavaThread "Build operations Thread 11"        [_thread_blocked, id=28332, stack(0x000000e39f900000,0x000000e39fa00000) (1024K)]
  0x000002a801454a00 JavaThread "Build operations Thread 12"        [_thread_blocked, id=15580, stack(0x000000e39fa00000,0x000000e39fb00000) (1024K)]
  0x000002a801453650 JavaThread "Build operations Thread 13"        [_thread_blocked, id=26520, stack(0x000000e39fb00000,0x000000e39fc00000) (1024K)]
  0x000002a801453ce0 JavaThread "Build operations Thread 14"        [_thread_blocked, id=29752, stack(0x000000e39fc00000,0x000000e39fd00000) (1024K)]
  0x000002a801455090 JavaThread "Build operations Thread 15"        [_thread_blocked, id=26356, stack(0x000000e39fd00000,0x000000e39fe00000) (1024K)]
  0x000002a801455720 JavaThread "Build operations Thread 16"        [_thread_blocked, id=34756, stack(0x000000e39fe00000,0x000000e39ff00000) (1024K)]
  0x000002a801452930 JavaThread "Build operations Thread 17"        [_thread_blocked, id=1504, stack(0x000000e39ff00000,0x000000e3a0000000) (1024K)]
  0x000002a801452fc0 JavaThread "Build operations Thread 18"        [_thread_blocked, id=31624, stack(0x000000e3a0000000,0x000000e3a0100000) (1024K)]
  0x000002a8056dddd0 JavaThread "Build operations Thread 19"        [_thread_blocked, id=28320, stack(0x000000e3a0100000,0x000000e3a0200000) (1024K)]
  0x000002a8056e0530 JavaThread "Build operations Thread 20"        [_thread_blocked, id=37300, stack(0x000000e3a0200000,0x000000e3a0300000) (1024K)]
  0x000002a8056deaf0 JavaThread "Build operations Thread 21"        [_thread_blocked, id=37384, stack(0x000000e3a0300000,0x000000e3a0400000) (1024K)]
  0x000002a8056df180 JavaThread "Build operations Thread 22"        [_thread_blocked, id=3352, stack(0x000000e3a0400000,0x000000e3a0500000) (1024K)]
  0x000002a8056dfea0 JavaThread "jar transforms Thread 6"           [_thread_blocked, id=36436, stack(0x000000e3a0500000,0x000000e3a0600000) (1024K)]
  0x000002a8056df810 JavaThread "jar transforms Thread 7"           [_thread_blocked, id=28156, stack(0x000000e3a0600000,0x000000e3a0700000) (1024K)]
  0x000002a8056e0bc0 JavaThread "Build operations Thread 23"        [_thread_blocked, id=22064, stack(0x000000e3a0700000,0x000000e3a0800000) (1024K)]
  0x000002a8056e18e0 JavaThread "Build operations Thread 24"        [_thread_blocked, id=13196, stack(0x000000e3a0800000,0x000000e3a0900000) (1024K)]
  0x000002a8056de460 JavaThread "Build operations Thread 25"        [_thread_blocked, id=34100, stack(0x000000e3a0900000,0x000000e3a0a00000) (1024K)]
  0x000002a8056e4040 JavaThread "Build operations Thread 26"        [_thread_blocked, id=35908, stack(0x000000e3a0a00000,0x000000e3a0b00000) (1024K)]
  0x000002a8056e39b0 JavaThread "Build operations Thread 27"        [_thread_blocked, id=36696, stack(0x000000e3a0b00000,0x000000e3a0c00000) (1024K)]
  0x000002a8056e46d0 JavaThread "Build operations Thread 28"        [_thread_blocked, id=34364, stack(0x000000e3a0c00000,0x000000e3a0d00000) (1024K)]
  0x000002a8056e1f70 JavaThread "Build operations Thread 29"        [_thread_blocked, id=6396, stack(0x000000e3a0d00000,0x000000e3a0e00000) (1024K)]
  0x000002a8056e2600 JavaThread "Build operations Thread 30"        [_thread_blocked, id=37288, stack(0x000000e3a0e00000,0x000000e3a0f00000) (1024K)]
  0x000002a8056e1250 JavaThread "Build operations Thread 31"        [_thread_blocked, id=12168, stack(0x000000e3a0f00000,0x000000e3a1000000) (1024K)]
  0x000002a8056e2c90 JavaThread "Build operations Thread 32"        [_thread_blocked, id=22824, stack(0x000000e3a1000000,0x000000e3a1100000) (1024K)]
  0x000002a8056e3320 JavaThread "jar transforms Thread 8"           [_thread_blocked, id=35976, stack(0x000000e3a1100000,0x000000e3a1200000) (1024K)]
  0x000002a8056e4d60 JavaThread "jar transforms Thread 9"           [_thread_blocked, id=3856, stack(0x000000e3a1200000,0x000000e3a1300000) (1024K)]
  0x000002a8056e53f0 JavaThread "jar transforms Thread 10"          [_thread_blocked, id=672, stack(0x000000e3a1300000,0x000000e3a1400000) (1024K)]
  0x000002a801a9c130 JavaThread "C2 CompilerThread5"         daemon [_thread_blocked, id=25020, stack(0x000000e3a1400000,0x000000e3a1500000) (1024K)]
  0x000002a801a9ba60 JavaThread "C2 CompilerThread6"         daemon [_thread_blocked, id=30132, stack(0x000000e3a1500000,0x000000e3a1600000) (1024K)]
  0x000002a803baf370 JavaThread "build event listener"              [_thread_blocked, id=33104, stack(0x000000e3a1600000,0x000000e3a1700000) (1024K)]
  0x000002a803bb2e80 JavaThread "Memory manager"                    [_thread_blocked, id=34068, stack(0x000000e3a1700000,0x000000e3a1800000) (1024K)]
  0x000002a803bb3510 JavaThread "build event listener"              [_thread_blocked, id=25240, stack(0x000000e3a1800000,0x000000e3a1900000) (1024K)]
  0x000002a803bb55e0 JavaThread "build event listener"              [_thread_blocked, id=1148, stack(0x000000e3a1900000,0x000000e3a1a00000) (1024K)]
  0x000002a803615ff0 JavaThread "pool-3-thread-1"                   [_thread_blocked, id=11488, stack(0x000000e3a1a00000,0x000000e3a1b00000) (1024K)]
  0x000002a803615960 JavaThread "build event listener"              [_thread_blocked, id=23256, stack(0x000000e3a1b00000,0x000000e3a1c00000) (1024K)]
  0x000002a803614c40 JavaThread "included builds"                   [_thread_blocked, id=35024, stack(0x000000e3a1c00000,0x000000e3a1d00000) (1024K)]
  0x000002a800bfb7a0 JavaThread "Execution worker"                  [_thread_blocked, id=38724, stack(0x000000e3a1d00000,0x000000e3a1e00000) (1024K)]
  0x000002a803946500 JavaThread "Execution worker Thread 2"         [_thread_blocked, id=28604, stack(0x000000e3a1e00000,0x000000e3a1f00000) (1024K)]
  0x000002a8039457e0 JavaThread "Execution worker Thread 3"         [_thread_blocked, id=12272, stack(0x000000e3a1f00000,0x000000e3a2000000) (1024K)]
  0x000002a803945e70 JavaThread "Execution worker Thread 4"         [_thread_blocked, id=13100, stack(0x000000e3a2000000,0x000000e3a2100000) (1024K)]
  0x000002a803945150 JavaThread "Execution worker Thread 5"         [_thread_blocked, id=23032, stack(0x000000e3a2100000,0x000000e3a2200000) (1024K)]
  0x000002a8064cbcb0 JavaThread "Execution worker Thread 6"         [_thread_blocked, id=26400, stack(0x000000e3a2200000,0x000000e3a2300000) (1024K)]
  0x000002a8064cd060 JavaThread "Execution worker Thread 7"         [_thread_blocked, id=38800, stack(0x000000e3a2300000,0x000000e3a2400000) (1024K)]
  0x000002a8064cc9d0 JavaThread "Execution worker Thread 8"         [_thread_blocked, id=38488, stack(0x000000e3a2400000,0x000000e3a2500000) (1024K)]
  0x000002a8064cd6f0 JavaThread "Execution worker Thread 9"         [_thread_blocked, id=36820, stack(0x000000e3a2500000,0x000000e3a2600000) (1024K)]
  0x000002a8064cdd80 JavaThread "Execution worker Thread 10"        [_thread_blocked, id=9744, stack(0x000000e3a2600000,0x000000e3a2700000) (1024K)]
  0x000002a8064ce410 JavaThread "Execution worker Thread 11"        [_thread_blocked, id=22784, stack(0x000000e3a2700000,0x000000e3a2800000) (1024K)]
  0x000002a8064cb620 JavaThread "Execution worker Thread 12"        [_thread_blocked, id=37728, stack(0x000000e3a2800000,0x000000e3a2900000) (1024K)]
  0x000002a8064ceaa0 JavaThread "Execution worker Thread 13"        [_thread_blocked, id=30376, stack(0x000000e3a2900000,0x000000e3a2a00000) (1024K)]
  0x000002a8064cc340 JavaThread "Execution worker Thread 14"        [_thread_blocked, id=13164, stack(0x000000e3a2a00000,0x000000e3a2b00000) (1024K)]
  0x000002a801e0c820 JavaThread "Execution worker Thread 15"        [_thread_blocked, id=38804, stack(0x000000e3a2b00000,0x000000e3a2c00000) (1024K)]
  0x000002a801e0bb00 JavaThread "Execution worker Thread 16"        [_thread_blocked, id=16456, stack(0x000000e3a2c00000,0x000000e3a2d00000) (1024K)]
  0x000002a801e0c190 JavaThread "Execution worker Thread 17"        [_thread_blocked, id=38040, stack(0x000000e3a2d00000,0x000000e3a2e00000) (1024K)]
  0x000002a801e093a0 JavaThread "Execution worker Thread 18"        [_thread_blocked, id=23752, stack(0x000000e3a2e00000,0x000000e3a2f00000) (1024K)]
  0x000002a801e0b470 JavaThread "Execution worker Thread 19"        [_thread_blocked, id=33628, stack(0x000000e3a2f00000,0x000000e3a3000000) (1024K)]
=>0x000002a801e09a30 JavaThread "Execution worker Thread 20"        [_thread_in_vm, id=13252, stack(0x000000e3a3000000,0x000000e3a3100000) (1024K)]
  0x000002a801e0a0c0 JavaThread "Execution worker Thread 21"        [_thread_blocked, id=6596, stack(0x000000e3a3100000,0x000000e3a3200000) (1024K)]
  0x000002a801e0a750 JavaThread "Execution worker Thread 22"        [_thread_blocked, id=20792, stack(0x000000e3a3200000,0x000000e3a3300000) (1024K)]
  0x000002a801e0ade0 JavaThread "Execution worker Thread 23"        [_thread_blocked, id=21476, stack(0x000000e3a3300000,0x000000e3a3400000) (1024K)]
  0x000002a802e7a1a0 JavaThread "Execution worker Thread 24"        [_thread_blocked, id=34108, stack(0x000000e3a3400000,0x000000e3a3500000) (1024K)]
  0x000002a802e79480 JavaThread "Execution worker Thread 25"        [_thread_blocked, id=1948, stack(0x000000e3a3500000,0x000000e3a3600000) (1024K)]
  0x000002a802e7a830 JavaThread "Execution worker Thread 26"        [_thread_blocked, id=21316, stack(0x000000e3a3600000,0x000000e3a3700000) (1024K)]
  0x000002a802e79b10 JavaThread "Execution worker Thread 27"        [_thread_blocked, id=24896, stack(0x000000e3a3700000,0x000000e3a3800000) (1024K)]
  0x000002a806e97350 JavaThread "Execution worker Thread 28"        [_thread_blocked, id=38012, stack(0x000000e3a3800000,0x000000e3a3900000) (1024K)]
  0x000002a806e98070 JavaThread "Execution worker Thread 29"        [_thread_blocked, id=30776, stack(0x000000e3a3900000,0x000000e3a3a00000) (1024K)]
  0x000002a806e98700 JavaThread "Execution worker Thread 30"        [_thread_blocked, id=5888, stack(0x000000e3a3a00000,0x000000e3a3b00000) (1024K)]
  0x000002a806e99ab0 JavaThread "Execution worker Thread 31"        [_thread_blocked, id=11808, stack(0x000000e3a3b00000,0x000000e3a3c00000) (1024K)]
  0x000002a80c0f1cd0 JavaThread "Cache worker for execution history cache (D:\StudioProjects\ProyectosApps\informaticamaverick-App-PBEN2.8.1\.gradle\9.4.1\executionHistory)"        [_thread_blocked, id=38700, stack(0x000000e3a3c00000,0x000000e3a3d00000) (1024K)]
Total: 121

Other Threads:
  0x000002a8359de480 VMThread "VM Thread"                           [id=16620, stack(0x000000e39a900000,0x000000e39aa00000) (1024K)]
  0x000002a836510090 WatcherThread "VM Periodic Task Thread"        [id=36476, stack(0x000000e39a800000,0x000000e39a900000) (1024K)]
  0x000002a819239190 WorkerThread "GC Thread#0"                     [id=38496, stack(0x000000e39a300000,0x000000e39a400000) (1024K)]
  0x000002a87dfda1e0 WorkerThread "GC Thread#1"                     [id=15996, stack(0x000000e39bb00000,0x000000e39bc00000) (1024K)]
  0x000002a87dfda590 WorkerThread "GC Thread#2"                     [id=21076, stack(0x000000e39bc00000,0x000000e39bd00000) (1024K)]
  0x000002a87dfda940 WorkerThread "GC Thread#3"                     [id=37952, stack(0x000000e39bd00000,0x000000e39be00000) (1024K)]
  0x000002a87dfd9a80 WorkerThread "GC Thread#4"                     [id=37052, stack(0x000000e39be00000,0x000000e39bf00000) (1024K)]
  0x000002a87dfdb0a0 WorkerThread "GC Thread#5"                     [id=38764, stack(0x000000e39bf00000,0x000000e39c000000) (1024K)]
  0x000002a87dfdacf0 WorkerThread "GC Thread#6"                     [id=38772, stack(0x000000e39c000000,0x000000e39c100000) (1024K)]
  0x000002a87dfd96d0 WorkerThread "GC Thread#7"                     [id=4628, stack(0x000000e39c100000,0x000000e39c200000) (1024K)]
  0x000002a87d491b70 WorkerThread "GC Thread#8"                     [id=13628, stack(0x000000e39c200000,0x000000e39c300000) (1024K)]
  0x000002a87d491f20 WorkerThread "GC Thread#9"                     [id=37328, stack(0x000000e39c300000,0x000000e39c400000) (1024K)]
  0x000002a87d48fa40 WorkerThread "GC Thread#10"                    [id=25880, stack(0x000000e39c400000,0x000000e39c500000) (1024K)]
  0x000002a87d490900 WorkerThread "GC Thread#11"                    [id=21184, stack(0x000000e39c500000,0x000000e39c600000) (1024K)]
  0x000002a801332480 WorkerThread "GC Thread#12"                    [id=20952, stack(0x000000e39d400000,0x000000e39d500000) (1024K)]
  0x000002a80132f840 WorkerThread "GC Thread#13"                    [id=35588, stack(0x000000e39d500000,0x000000e39d600000) (1024K)]
  0x000002a80132ffa0 WorkerThread "GC Thread#14"                    [id=21648, stack(0x000000e39d600000,0x000000e39d700000) (1024K)]
  0x000002a801330ab0 WorkerThread "GC Thread#15"                    [id=12764, stack(0x000000e39d700000,0x000000e39d800000) (1024K)]
  0x000002a801331d20 WorkerThread "GC Thread#16"                    [id=6620, stack(0x000000e39d800000,0x000000e39d900000) (1024K)]
  0x000002a801330350 WorkerThread "GC Thread#17"                    [id=12468, stack(0x000000e39d900000,0x000000e39da00000) (1024K)]
  0x000002a801332830 WorkerThread "GC Thread#18"                    [id=31648, stack(0x000000e39da00000,0x000000e39db00000) (1024K)]
  0x000002a801332be0 WorkerThread "GC Thread#19"                    [id=37392, stack(0x000000e39db00000,0x000000e39dc00000) (1024K)]
  0x000002a801330700 WorkerThread "GC Thread#20"                    [id=10876, stack(0x000000e39dc00000,0x000000e39dd00000) (1024K)]
  0x000002a801331210 WorkerThread "GC Thread#21"                    [id=23804, stack(0x000000e39dd00000,0x000000e39de00000) (1024K)]
  0x000002a80132f490 WorkerThread "GC Thread#22"                    [id=32216, stack(0x000000e39de00000,0x000000e39df00000) (1024K)]
  0x000002a81924afd0 ConcurrentGCThread "G1 Main Marker"            [id=14244, stack(0x000000e39a400000,0x000000e39a500000) (1024K)]
  0x000002a81924c190 WorkerThread "G1 Conc#0"                       [id=37624, stack(0x000000e39a500000,0x000000e39a600000) (1024K)]
  0x000002a80132fbf0 WorkerThread "G1 Conc#1"                       [id=7736, stack(0x000000e39df00000,0x000000e39e000000) (1024K)]
  0x000002a803919d10 WorkerThread "G1 Conc#2"                       [id=18996, stack(0x000000e39e000000,0x000000e39e100000) (1024K)]
  0x000002a80391a0c0 WorkerThread "G1 Conc#3"                       [id=26612, stack(0x000000e39e100000,0x000000e39e200000) (1024K)]
  0x000002a803916d20 WorkerThread "G1 Conc#4"                       [id=16532, stack(0x000000e39e200000,0x000000e39e300000) (1024K)]
  0x000002a803918aa0 WorkerThread "G1 Conc#5"                       [id=26036, stack(0x000000e39e300000,0x000000e39e400000) (1024K)]
  0x000002a8359225b0 ConcurrentGCThread "G1 Refine#0"               [id=25520, stack(0x000000e39a600000,0x000000e39a700000) (1024K)]
  0x000002a835923ef0 ConcurrentGCThread "G1 Service"                [id=15256, stack(0x000000e39a700000,0x000000e39a800000) (1024K)]
Total: 34

Threads with active compile tasks:
Total: 0

VM state: not at safepoint (normal execution)

VM Mutex/Monitor currently owned by a thread:  ([mutex/lock_event])
[0x00007ffeb23d9c20] CodeCache_lock - owner thread: 0x000002a801e09a30

Heap address: 0x0000000700000000, size: 4096 MB, Compressed Oops mode: Zero based, Oop shift amount: 3

CDS archive(s) mapped at: [0x000002a837000000-0x000002a838c20000-0x000002a838c20000), size 29491200, SharedBaseAddress: 0x000002a837000000, ArchiveRelocationMode: 1.
Compressed class space mapped at: 0x000002a839000000-0x000002a879000000, reserved size: 1073741824
Narrow klass base: 0x000002a837000000, Narrow klass shift: 0, Narrow klass range: 0x100000000

GC Precious Log:
 CardTable entry size: 512
 Card Set container configuration: InlinePtr #cards 4 size 8 Array Of Cards #cards 16 size 48 Howl #buckets 8 coarsen threshold 3686 Howl Bitmap #cards 512 size 80 coarsen threshold 460 Card regions per heap region 1 cards per card region 4096
 CPUs: 32 total, 32 available
 Memory: 31898M
 Large Page Support: Disabled
 NUMA Support: Disabled
 Compressed Oops: Enabled (Zero based)
 Heap Region Size: 2M
 Heap Min Capacity: 8M
 Heap Initial Capacity: 500M
 Heap Max Capacity: 4G
 Pre-touch: Disabled
 Parallel Workers: 23
 Concurrent Workers: 6
 Concurrent Refinement Workers: 23
 Periodic GC: Disabled

Heap:
 garbage-first heap   total 217088K, used 171813K [0x0000000700000000, 0x0000000800000000)
  region size 2048K, 30 young (61440K), 6 survivors (12288K)
 Metaspace       used 111108K, committed 113600K, reserved 1179648K
  class space    used 16023K, committed 17216K, reserved 1048576K

Heap Regions: E=young(eden), S=young(survivor), O=old, HS=humongous(starts), HC=humongous(continues), CS=collection set, F=free, TAMS=top-at-mark-start, PB=parsable bottom
|   0|0x0000000700000000, 0x0000000700200000, 0x0000000700200000|100%|HS|  |TAMS 0x0000000700000000| PB 0x0000000700000000| Complete 
|   1|0x0000000700200000, 0x0000000700400000, 0x0000000700400000|100%|HC|  |TAMS 0x0000000700200000| PB 0x0000000700200000| Complete 
|   2|0x0000000700400000, 0x0000000700600000, 0x0000000700600000|100%| O|  |TAMS 0x0000000700400000| PB 0x0000000700400000| Untracked 
|   3|0x0000000700600000, 0x0000000700800000, 0x0000000700800000|100%| O|  |TAMS 0x0000000700600000| PB 0x0000000700600000| Untracked 
|   4|0x0000000700800000, 0x0000000700a00000, 0x0000000700a00000|100%| O|  |TAMS 0x0000000700800000| PB 0x0000000700800000| Untracked 
|   5|0x0000000700a00000, 0x0000000700c00000, 0x0000000700c00000|100%| O|  |TAMS 0x0000000700a00000| PB 0x0000000700a00000| Untracked 
|   6|0x0000000700c00000, 0x0000000700e00000, 0x0000000700e00000|100%| O|  |TAMS 0x0000000700c00000| PB 0x0000000700c00000| Untracked 
|   7|0x0000000700e00000, 0x0000000701000000, 0x0000000701000000|100%| O|  |TAMS 0x0000000700e00000| PB 0x0000000700e00000| Untracked 
|   8|0x0000000701000000, 0x0000000701200000, 0x0000000701200000|100%| O|  |TAMS 0x0000000701000000| PB 0x0000000701000000| Untracked 
|   9|0x0000000701200000, 0x0000000701400000, 0x0000000701400000|100%| O|  |TAMS 0x0000000701200000| PB 0x0000000701200000| Untracked 
|  10|0x0000000701400000, 0x0000000701600000, 0x0000000701600000|100%| O|  |TAMS 0x0000000701400000| PB 0x0000000701400000| Untracked 
|  11|0x0000000701600000, 0x0000000701800000, 0x0000000701800000|100%|HS|  |TAMS 0x0000000701600000| PB 0x0000000701600000| Complete 
|  12|0x0000000701800000, 0x0000000701a00000, 0x0000000701a00000|100%| O|  |TAMS 0x0000000701800000| PB 0x0000000701800000| Untracked 
|  13|0x0000000701a00000, 0x0000000701c00000, 0x0000000701c00000|100%| O|  |TAMS 0x0000000701a00000| PB 0x0000000701a00000| Untracked 
|  14|0x0000000701c00000, 0x0000000701e00000, 0x0000000701e00000|100%| O|  |TAMS 0x0000000701c00000| PB 0x0000000701c00000| Untracked 
|  15|0x0000000701e00000, 0x0000000702000000, 0x0000000702000000|100%| O|  |TAMS 0x0000000701e00000| PB 0x0000000701e00000| Untracked 
|  16|0x0000000702000000, 0x0000000702200000, 0x0000000702200000|100%| O|  |TAMS 0x0000000702000000| PB 0x0000000702000000| Untracked 
|  17|0x0000000702200000, 0x0000000702400000, 0x0000000702400000|100%| O|  |TAMS 0x0000000702200000| PB 0x0000000702200000| Untracked 
|  18|0x0000000702400000, 0x0000000702600000, 0x0000000702600000|100%| O|  |TAMS 0x0000000702400000| PB 0x0000000702400000| Untracked 
|  19|0x0000000702600000, 0x0000000702800000, 0x0000000702800000|100%| O|Cm|TAMS 0x0000000702600000| PB 0x0000000702600000| Complete 
|  20|0x0000000702800000, 0x0000000702a00000, 0x0000000702a00000|100%| O|  |TAMS 0x0000000702800000| PB 0x0000000702800000| Untracked 
|  21|0x0000000702a00000, 0x0000000702c00000, 0x0000000702c00000|100%|HS|  |TAMS 0x0000000702a00000| PB 0x0000000702a00000| Complete 
|  22|0x0000000702c00000, 0x0000000702e00000, 0x0000000702e00000|100%| O|  |TAMS 0x0000000702c00000| PB 0x0000000702c00000| Untracked 
|  23|0x0000000702e00000, 0x0000000703000000, 0x0000000703000000|100%| O|  |TAMS 0x0000000702e00000| PB 0x0000000702e00000| Untracked 
|  24|0x0000000703000000, 0x0000000703200000, 0x0000000703200000|100%| O|  |TAMS 0x0000000703000000| PB 0x0000000703000000| Untracked 
|  25|0x0000000703200000, 0x0000000703400000, 0x0000000703400000|100%| O|  |TAMS 0x0000000703200000| PB 0x0000000703200000| Untracked 
|  26|0x0000000703400000, 0x0000000703600000, 0x0000000703600000|100%| O|  |TAMS 0x0000000703400000| PB 0x0000000703400000| Untracked 
|  27|0x0000000703600000, 0x0000000703800000, 0x0000000703800000|100%| O|  |TAMS 0x0000000703600000| PB 0x0000000703600000| Untracked 
|  28|0x0000000703800000, 0x0000000703a00000, 0x0000000703a00000|100%| O|  |TAMS 0x0000000703800000| PB 0x0000000703800000| Untracked 
|  29|0x0000000703a00000, 0x0000000703c00000, 0x0000000703c00000|100%| O|  |TAMS 0x0000000703a00000| PB 0x0000000703a00000| Untracked 
|  30|0x0000000703c00000, 0x0000000703e00000, 0x0000000703e00000|100%| O|  |TAMS 0x0000000703c00000| PB 0x0000000703c00000| Untracked 
|  31|0x0000000703e00000, 0x0000000704000000, 0x0000000704000000|100%| O|  |TAMS 0x0000000703e00000| PB 0x0000000703e00000| Untracked 
|  32|0x0000000704000000, 0x0000000704200000, 0x0000000704200000|100%| O|  |TAMS 0x0000000704000000| PB 0x0000000704000000| Untracked 
|  33|0x0000000704200000, 0x0000000704400000, 0x0000000704400000|100%| O|  |TAMS 0x0000000704200000| PB 0x0000000704200000| Untracked 
|  34|0x0000000704400000, 0x0000000704600000, 0x0000000704600000|100%| O|  |TAMS 0x0000000704400000| PB 0x0000000704400000| Untracked 
|  35|0x0000000704600000, 0x0000000704800000, 0x0000000704800000|100%| O|  |TAMS 0x0000000704600000| PB 0x0000000704600000| Untracked 
|  36|0x0000000704800000, 0x0000000704a00000, 0x0000000704a00000|100%| O|  |TAMS 0x0000000704800000| PB 0x0000000704800000| Untracked 
|  37|0x0000000704a00000, 0x0000000704c00000, 0x0000000704c00000|100%| O|  |TAMS 0x0000000704a00000| PB 0x0000000704a00000| Untracked 
|  38|0x0000000704c00000, 0x0000000704e00000, 0x0000000704e00000|100%| O|  |TAMS 0x0000000704c00000| PB 0x0000000704c00000| Untracked 
|  39|0x0000000704e00000, 0x0000000705000000, 0x0000000705000000|100%| O|  |TAMS 0x0000000704e00000| PB 0x0000000704e00000| Untracked 
|  40|0x0000000705000000, 0x0000000705200000, 0x0000000705200000|100%| O|  |TAMS 0x0000000705000000| PB 0x0000000705000000| Untracked 
|  41|0x0000000705200000, 0x0000000705400000, 0x0000000705400000|100%| O|  |TAMS 0x0000000705200000| PB 0x0000000705200000| Untracked 
|  42|0x0000000705400000, 0x0000000705600000, 0x0000000705600000|100%| O|Cm|TAMS 0x0000000705400000| PB 0x0000000705400000| Complete 
|  43|0x0000000705600000, 0x0000000705800000, 0x0000000705800000|100%| O|  |TAMS 0x0000000705600000| PB 0x0000000705600000| Untracked 
|  44|0x0000000705800000, 0x0000000705a00000, 0x0000000705a00000|100%| O|  |TAMS 0x0000000705800000| PB 0x0000000705800000| Untracked 
|  45|0x0000000705a00000, 0x0000000705c00000, 0x0000000705c00000|100%| O|  |TAMS 0x0000000705a00000| PB 0x0000000705a00000| Untracked 
|  46|0x0000000705c00000, 0x0000000705c00000, 0x0000000705e00000|  0%| F|  |TAMS 0x0000000705c00000| PB 0x0000000705c00000| Untracked 
|  47|0x0000000705e00000, 0x0000000706000000, 0x0000000706000000|100%| O|  |TAMS 0x0000000705e00000| PB 0x0000000705e00000| Untracked 
|  48|0x0000000706000000, 0x0000000706200000, 0x0000000706200000|100%| O|  |TAMS 0x0000000706000000| PB 0x0000000706000000| Untracked 
|  49|0x0000000706200000, 0x0000000706400000, 0x0000000706400000|100%| O|  |TAMS 0x0000000706200000| PB 0x0000000706200000| Untracked 
|  50|0x0000000706400000, 0x0000000706600000, 0x0000000706600000|100%| S|CS|TAMS 0x0000000706400000| PB 0x0000000706400000| Complete 
|  51|0x0000000706600000, 0x0000000706800000, 0x0000000706800000|100%| S|CS|TAMS 0x0000000706600000| PB 0x0000000706600000| Complete 
|  52|0x0000000706800000, 0x0000000706a00000, 0x0000000706a00000|100%| S|CS|TAMS 0x0000000706800000| PB 0x0000000706800000| Complete 
|  53|0x0000000706a00000, 0x0000000706c00000, 0x0000000706c00000|100%| S|CS|TAMS 0x0000000706a00000| PB 0x0000000706a00000| Complete 
|  54|0x0000000706c00000, 0x0000000706c00000, 0x0000000706e00000|  0%| F|  |TAMS 0x0000000706c00000| PB 0x0000000706c00000| Untracked 
|  55|0x0000000706e00000, 0x0000000706e00000, 0x0000000707000000|  0%| F|  |TAMS 0x0000000706e00000| PB 0x0000000706e00000| Untracked 
|  56|0x0000000707000000, 0x0000000707000000, 0x0000000707200000|  0%| F|  |TAMS 0x0000000707000000| PB 0x0000000707000000| Untracked 
|  57|0x0000000707200000, 0x0000000707400000, 0x0000000707400000|100%| S|CS|TAMS 0x0000000707200000| PB 0x0000000707200000| Complete 
|  58|0x0000000707400000, 0x0000000707600000, 0x0000000707600000|100%| S|CS|TAMS 0x0000000707400000| PB 0x0000000707400000| Complete 
|  59|0x0000000707600000, 0x0000000707600000, 0x0000000707800000|  0%| F|  |TAMS 0x0000000707600000| PB 0x0000000707600000| Untracked 
|  60|0x0000000707800000, 0x0000000707800000, 0x0000000707a00000|  0%| F|  |TAMS 0x0000000707800000| PB 0x0000000707800000| Untracked 
|  61|0x0000000707a00000, 0x0000000707a00000, 0x0000000707c00000|  0%| F|  |TAMS 0x0000000707a00000| PB 0x0000000707a00000| Untracked 
|  62|0x0000000707c00000, 0x0000000707c00000, 0x0000000707e00000|  0%| F|  |TAMS 0x0000000707c00000| PB 0x0000000707c00000| Untracked 
|  63|0x0000000707e00000, 0x0000000707e00000, 0x0000000708000000|  0%| F|  |TAMS 0x0000000707e00000| PB 0x0000000707e00000| Untracked 
|  64|0x0000000708000000, 0x0000000708000000, 0x0000000708200000|  0%| F|  |TAMS 0x0000000708000000| PB 0x0000000708000000| Untracked 
|  65|0x0000000708200000, 0x0000000708200000, 0x0000000708400000|  0%| F|  |TAMS 0x0000000708200000| PB 0x0000000708200000| Untracked 
|  66|0x0000000708400000, 0x0000000708400000, 0x0000000708600000|  0%| F|  |TAMS 0x0000000708400000| PB 0x0000000708400000| Untracked 
|  67|0x0000000708600000, 0x0000000708600000, 0x0000000708800000|  0%| F|  |TAMS 0x0000000708600000| PB 0x0000000708600000| Untracked 
|  68|0x0000000708800000, 0x0000000708800000, 0x0000000708a00000|  0%| F|  |TAMS 0x0000000708800000| PB 0x0000000708800000| Untracked 
|  69|0x0000000708a00000, 0x0000000708a00000, 0x0000000708c00000|  0%| F|  |TAMS 0x0000000708a00000| PB 0x0000000708a00000| Untracked 
|  70|0x0000000708c00000, 0x0000000708c00000, 0x0000000708e00000|  0%| F|  |TAMS 0x0000000708c00000| PB 0x0000000708c00000| Untracked 
|  71|0x0000000708e00000, 0x0000000708e00000, 0x0000000709000000|  0%| F|  |TAMS 0x0000000708e00000| PB 0x0000000708e00000| Untracked 
|  72|0x0000000709000000, 0x0000000709000000, 0x0000000709200000|  0%| F|  |TAMS 0x0000000709000000| PB 0x0000000709000000| Untracked 
|  73|0x0000000709200000, 0x0000000709200000, 0x0000000709400000|  0%| F|  |TAMS 0x0000000709200000| PB 0x0000000709200000| Untracked 
|  74|0x0000000709400000, 0x0000000709400000, 0x0000000709600000|  0%| F|  |TAMS 0x0000000709400000| PB 0x0000000709400000| Untracked 
|  75|0x0000000709600000, 0x00000007097d3c00, 0x0000000709800000| 91%| E|  |TAMS 0x0000000709600000| PB 0x0000000709600000| Complete 
|  76|0x0000000709800000, 0x0000000709a00000, 0x0000000709a00000|100%| E|CS|TAMS 0x0000000709800000| PB 0x0000000709800000| Complete 
|  77|0x0000000709a00000, 0x0000000709c00000, 0x0000000709c00000|100%| E|CS|TAMS 0x0000000709a00000| PB 0x0000000709a00000| Complete 
|  78|0x0000000709c00000, 0x0000000709e00000, 0x0000000709e00000|100%| E|CS|TAMS 0x0000000709c00000| PB 0x0000000709c00000| Complete 
|  79|0x0000000709e00000, 0x000000070a000000, 0x000000070a000000|100%| E|CS|TAMS 0x0000000709e00000| PB 0x0000000709e00000| Complete 
|  80|0x000000070a000000, 0x000000070a200000, 0x000000070a200000|100%| E|CS|TAMS 0x000000070a000000| PB 0x000000070a000000| Complete 
|  81|0x000000070a200000, 0x000000070a400000, 0x000000070a400000|100%| E|CS|TAMS 0x000000070a200000| PB 0x000000070a200000| Complete 
|  82|0x000000070a400000, 0x000000070a600000, 0x000000070a600000|100%| E|CS|TAMS 0x000000070a400000| PB 0x000000070a400000| Complete 
|  83|0x000000070a600000, 0x000000070a800000, 0x000000070a800000|100%| E|CS|TAMS 0x000000070a600000| PB 0x000000070a600000| Complete 
|  84|0x000000070a800000, 0x000000070aa00000, 0x000000070aa00000|100%| E|CS|TAMS 0x000000070a800000| PB 0x000000070a800000| Complete 
|  85|0x000000070aa00000, 0x000000070ac00000, 0x000000070ac00000|100%| E|CS|TAMS 0x000000070aa00000| PB 0x000000070aa00000| Complete 
|  86|0x000000070ac00000, 0x000000070ae00000, 0x000000070ae00000|100%| E|CS|TAMS 0x000000070ac00000| PB 0x000000070ac00000| Complete 
|  87|0x000000070ae00000, 0x000000070b000000, 0x000000070b000000|100%| E|CS|TAMS 0x000000070ae00000| PB 0x000000070ae00000| Complete 
|  88|0x000000070b000000, 0x000000070b200000, 0x000000070b200000|100%| E|  |TAMS 0x000000070b000000| PB 0x000000070b000000| Complete 
|  89|0x000000070b200000, 0x000000070b400000, 0x000000070b400000|100%| E|CS|TAMS 0x000000070b200000| PB 0x000000070b200000| Complete 
|  90|0x000000070b400000, 0x000000070b600000, 0x000000070b600000|100%| E|CS|TAMS 0x000000070b400000| PB 0x000000070b400000| Complete 
|  91|0x000000070b600000, 0x000000070b800000, 0x000000070b800000|100%| E|CS|TAMS 0x000000070b600000| PB 0x000000070b600000| Complete 
|  92|0x000000070b800000, 0x000000070ba00000, 0x000000070ba00000|100%| E|CS|TAMS 0x000000070b800000| PB 0x000000070b800000| Complete 
|  93|0x000000070ba00000, 0x000000070bc00000, 0x000000070bc00000|100%| E|CS|TAMS 0x000000070ba00000| PB 0x000000070ba00000| Complete 
|  94|0x000000070bc00000, 0x000000070be00000, 0x000000070be00000|100%| E|CS|TAMS 0x000000070bc00000| PB 0x000000070bc00000| Complete 
|  95|0x000000070be00000, 0x000000070c000000, 0x000000070c000000|100%| E|CS|TAMS 0x000000070be00000| PB 0x000000070be00000| Complete 
|  96|0x000000070c000000, 0x000000070c200000, 0x000000070c200000|100%| E|CS|TAMS 0x000000070c000000| PB 0x000000070c000000| Complete 
| 249|0x000000071f200000, 0x000000071f400000, 0x000000071f400000|100%| E|CS|TAMS 0x000000071f200000| PB 0x000000071f200000| Complete 
|2040|0x00000007ff000000, 0x00000007ff1c9680, 0x00000007ff200000| 89%| O|  |TAMS 0x00000007ff000000| PB 0x00000007ff000000| Untracked 
|2041|0x00000007ff200000, 0x00000007ff400000, 0x00000007ff400000|100%| E|CS|TAMS 0x00000007ff200000| PB 0x00000007ff200000| Complete 
|2042|0x00000007ff400000, 0x00000007ff600000, 0x00000007ff600000|100%| O|  |TAMS 0x00000007ff400000| PB 0x00000007ff400000| Untracked 
|2043|0x00000007ff600000, 0x00000007ff800000, 0x00000007ff800000|100%| O|  |TAMS 0x00000007ff600000| PB 0x00000007ff600000| Untracked 
|2044|0x00000007ff800000, 0x00000007ffa00000, 0x00000007ffa00000|100%| O|  |TAMS 0x00000007ff800000| PB 0x00000007ff800000| Untracked 
|2045|0x00000007ffa00000, 0x00000007ffc00000, 0x00000007ffc00000|100%| O|  |TAMS 0x00000007ffa00000| PB 0x00000007ffa00000| Untracked 
|2046|0x00000007ffc00000, 0x00000007ffe00000, 0x00000007ffe00000|100%| O|  |TAMS 0x00000007ffc00000| PB 0x00000007ffc00000| Untracked 
|2047|0x00000007ffe00000, 0x0000000800000000, 0x0000000800000000|100%| O|  |TAMS 0x00000007ffe00000| PB 0x00000007ffe00000| Untracked 

Card table byte_map: [0x000002a82e0a0000,0x000002a82e8a0000] _byte_map_base: 0x000002a82a8a0000

Marking Bits: (CMBitMap*) 0x000002a8192397b0
 Bits: [0x000002a82e8a0000, 0x000002a8328a0000)

Polling page: 0x000002a816f50000

Metaspace:

Usage:
  Non-class:     92.86 MB used.
      Class:     15.65 MB used.
       Both:    108.50 MB used.

Virtual space:
  Non-class space:      128.00 MB reserved,      94.12 MB ( 74%) committed,  2 nodes.
      Class space:        1.00 GB reserved,      16.81 MB (  2%) committed,  1 nodes.
             Both:        1.12 GB reserved,     110.94 MB ( 10%) committed. 

Chunk freelists:
   Non-Class:  1.34 MB
       Class:  15.14 MB
        Both:  16.48 MB

MaxMetaspaceSize: unlimited
CompressedClassSpaceSize: 1.00 GB
Initial GC threshold: 21.00 MB
Current GC threshold: 178.56 MB
CDS: on
 - commit_granule_bytes: 65536.
 - commit_granule_words: 8192.
 - virtual_space_node_default_size: 8388608.
 - enlarge_chunks_in_place: 1.
 - use_allocation_guard: 0.


Internal statistics:

num_allocs_failed_limit: 12.
num_arena_births: 4824.
num_arena_deaths: 0.
num_vsnodes_births: 3.
num_vsnodes_deaths: 0.
num_space_committed: 1773.
num_space_uncommitted: 0.
num_chunks_returned_to_freelist: 12.
num_chunks_taken_from_freelist: 10396.
num_chunk_merges: 9.
num_chunk_splits: 6779.
num_chunks_enlarged: 4220.
num_inconsistent_stats: 0.

CodeHeap 'non-profiled nmethods': size=118848Kb used=9284Kb max_used=9284Kb free=109563Kb
 bounds [0x000002a825270000, 0x000002a825b90000, 0x000002a82c680000]
CodeHeap 'profiled nmethods': size=118848Kb used=28294Kb max_used=28294Kb free=90553Kb
 bounds [0x000002a81d680000, 0x000002a81f230000, 0x000002a824a90000]
CodeHeap 'non-nmethods': size=8064Kb used=4528Kb max_used=4599Kb free=3535Kb
 bounds [0x000002a824a90000, 0x000002a824f20000, 0x000002a825270000]
CodeCache: size=245760Kb, used=42106Kb, max_used=42177Kb, free=203651Kb
 total_blobs=15521, nmethods=14612, adapters=808, full_count=0
Compilation: enabled, stopped_count=0, restarted_count=0

Compilation events (20 events):
Event: 6.452 Thread 0x000002a83663a800 16922       1       org.gradle.internal.snapshot.impl.MapEntrySnapshot::getKey (5 bytes)
Event: 6.452 Thread 0x000002a836638cc0 16923       1       org.gradle.internal.snapshot.impl.MapEntrySnapshot::getValue (5 bytes)
Event: 6.452 Thread 0x000002a83663a800 nmethod 16922 0x000002a825b80790 code [0x000002a825b80920, 0x000002a825b809f0]
Event: 6.452 Thread 0x000002a836638cc0 nmethod 16923 0x000002a825b80a90 code [0x000002a825b80c20, 0x000002a825b80cf0]
Event: 6.452 Thread 0x000002a83657ce00 16924       1       java.io.SerialCallbackContext::getDesc (5 bytes)
Event: 6.453 Thread 0x000002a83657ce00 nmethod 16924 0x000002a825b80d90 code [0x000002a825b80f20, 0x000002a825b80ff0]
Event: 6.453 Thread 0x000002a83657ce00 16925       3       com.android.tools.build.gradle.internal.profile.GradleTaskExecutionType::<init> (12 bytes)
Event: 6.453 Thread 0x000002a83657ce00 nmethod 16925 0x000002a81f21d910 code [0x000002a81f21dac0, 0x000002a81f21dcf0]
Event: 6.454 Thread 0x000002a83663aed0 16926       3       java.lang.invoke.MethodHandles$Lookup::findStatic (27 bytes)
Event: 6.454 Thread 0x000002a83663aed0 nmethod 16926 0x000002a81f21de10 code [0x000002a81f21e040, 0x000002a81f21e7a0]
Event: 6.454 Thread 0x000002a83663a800 16927       3       org.gradle.internal.instantiation.generator.AsmBackedClassGenerator$ClassBuilderImpl::applyServiceInjectionToGetter (8 bytes)
Event: 6.454 Thread 0x000002a83663aed0 16928       3       java.lang.invoke.DirectMethodHandle$Interface::<init> (40 bytes)
Event: 6.455 Thread 0x000002a83663a800 nmethod 16927 0x000002a81f21ea90 code [0x000002a81f21ec40, 0x000002a81f21eda0]
Event: 6.455 Thread 0x000002a83663aed0 nmethod 16928 0x000002a81f21ee90 code [0x000002a81f21f040, 0x000002a81f21f1f8]
Event: 6.455 Thread 0x000002a83663aed0 16929       3       org.gradle.internal.instantiation.generator.InjectUtil::isPackagePrivate (27 bytes)
Event: 6.455 Thread 0x000002a83663aed0 nmethod 16929 0x000002a81f21f290 code [0x000002a81f21f460, 0x000002a81f21f808]
Event: 6.456 Thread 0x000002a836638cc0 16930       1       org.gradle.internal.build.event.types.AbstractProgressEvent::getDescriptor (5 bytes)
Event: 6.456 Thread 0x000002a836638cc0 nmethod 16930 0x000002a825b81090 code [0x000002a825b81220, 0x000002a825b812f0]
Event: 6.456 Thread 0x000002a83663aed0 16931   !   3       java.util.concurrent.locks.AbstractQueuedSynchronizer::acquire (424 bytes)
Event: 6.457 Thread 0x000002a83663aed0 nmethod 16931 0x000002a81f21f910 code [0x000002a81f21fce0, 0x000002a81f221678]

GC Heap History (20 events):
Event: 3.287 GC heap before
{Heap before GC invocations=12 (full 0):
 garbage-first heap   total 178176K, used 140712K [0x0000000700000000, 0x0000000800000000)
  region size 2048K, 52 young (106496K), 9 survivors (18432K)
 Metaspace       used 63317K, committed 65344K, reserved 1114112K
  class space    used 9368K, committed 10368K, reserved 1048576K
}
Event: 3.291 GC heap after
{Heap after GC invocations=13 (full 0):
 garbage-first heap   total 178176K, used 69166K [0x0000000700000000, 0x0000000800000000)
  region size 2048K, 7 young (14336K), 7 survivors (14336K)
 Metaspace       used 63317K, committed 65344K, reserved 1114112K
  class space    used 9368K, committed 10368K, reserved 1048576K
}
Event: 3.600 GC heap before
{Heap before GC invocations=13 (full 0):
 garbage-first heap   total 178176K, used 153134K [0x0000000700000000, 0x0000000800000000)
  region size 2048K, 47 young (96256K), 7 survivors (14336K)
 Metaspace       used 70844K, committed 72896K, reserved 1114112K
  class space    used 10354K, committed 11328K, reserved 1048576K
}
Event: 3.603 GC heap after
{Heap after GC invocations=14 (full 0):
 garbage-first heap   total 178176K, used 74910K [0x0000000700000000, 0x0000000800000000)
  region size 2048K, 2 young (4096K), 2 survivors (4096K)
 Metaspace       used 70844K, committed 72896K, reserved 1114112K
  class space    used 10354K, committed 11328K, reserved 1048576K
}
Event: 3.891 GC heap before
{Heap before GC invocations=14 (full 0):
 garbage-first heap   total 178176K, used 154782K [0x0000000700000000, 0x0000000800000000)
  region size 2048K, 41 young (83968K), 2 survivors (4096K)
 Metaspace       used 75598K, committed 77696K, reserved 1179648K
  class space    used 11013K, committed 12032K, reserved 1048576K
}
Event: 3.894 GC heap after
{Heap after GC invocations=15 (full 0):
 garbage-first heap   total 178176K, used 82809K [0x0000000700000000, 0x0000000800000000)
  region size 2048K, 6 young (12288K), 6 survivors (12288K)
 Metaspace       used 75598K, committed 77696K, reserved 1179648K
  class space    used 11013K, committed 12032K, reserved 1048576K
}
Event: 4.172 GC heap before
{Heap before GC invocations=15 (full 0):
 garbage-first heap   total 178176K, used 154489K [0x0000000700000000, 0x0000000800000000)
  region size 2048K, 41 young (83968K), 6 survivors (12288K)
 Metaspace       used 80299K, committed 82432K, reserved 1179648K
  class space    used 11629K, committed 12672K, reserved 1048576K
}
Event: 4.175 GC heap after
{Heap after GC invocations=16 (full 0):
 garbage-first heap   total 178176K, used 86299K [0x0000000700000000, 0x0000000800000000)
  region size 2048K, 2 young (4096K), 2 survivors (4096K)
 Metaspace       used 80299K, committed 82432K, reserved 1179648K
  class space    used 11629K, committed 12672K, reserved 1048576K
}
Event: 4.463 GC heap before
{Heap before GC invocations=17 (full 0):
 garbage-first heap   total 178176K, used 155931K [0x0000000700000000, 0x0000000800000000)
  region size 2048K, 36 young (73728K), 2 survivors (4096K)
 Metaspace       used 84543K, committed 86720K, reserved 1179648K
  class space    used 12238K, committed 13312K, reserved 1048576K
}
Event: 4.466 GC heap after
{Heap after GC invocations=18 (full 0):
 garbage-first heap   total 215040K, used 90638K [0x0000000700000000, 0x0000000800000000)
  region size 2048K, 5 young (10240K), 5 survivors (10240K)
 Metaspace       used 84543K, committed 86720K, reserved 1179648K
  class space    used 12238K, committed 13312K, reserved 1048576K
}
Event: 4.857 GC heap before
{Heap before GC invocations=18 (full 0):
 garbage-first heap   total 215040K, used 186894K [0x0000000700000000, 0x0000000800000000)
  region size 2048K, 52 young (106496K), 5 survivors (10240K)
 Metaspace       used 91044K, committed 93248K, reserved 1179648K
  class space    used 13362K, committed 14400K, reserved 1048576K
}
Event: 4.861 GC heap after
{Heap after GC invocations=19 (full 0):
 garbage-first heap   total 215040K, used 92707K [0x0000000700000000, 0x0000000800000000)
  region size 2048K, 4 young (8192K), 4 survivors (8192K)
 Metaspace       used 91044K, committed 93248K, reserved 1179648K
  class space    used 13362K, committed 14400K, reserved 1048576K
}
Event: 5.286 GC heap before
{Heap before GC invocations=19 (full 0):
 garbage-first heap   total 215040K, used 191011K [0x0000000700000000, 0x0000000800000000)
  region size 2048K, 52 young (106496K), 4 survivors (8192K)
 Metaspace       used 95101K, committed 97408K, reserved 1179648K
  class space    used 13950K, committed 15040K, reserved 1048576K
}
Event: 5.289 GC heap after
{Heap after GC invocations=20 (full 0):
 garbage-first heap   total 215040K, used 99590K [0x0000000700000000, 0x0000000800000000)
  region size 2048K, 7 young (14336K), 7 survivors (14336K)
 Metaspace       used 95101K, committed 97408K, reserved 1179648K
  class space    used 13950K, committed 15040K, reserved 1048576K
}
Event: 5.649 GC heap before
{Heap before GC invocations=21 (full 0):
 garbage-first heap   total 215040K, used 191750K [0x0000000700000000, 0x0000000800000000)
  region size 2048K, 52 young (106496K), 7 survivors (14336K)
 Metaspace       used 100269K, committed 102656K, reserved 1179648K
  class space    used 14784K, committed 15936K, reserved 1048576K
}
Event: 5.653 GC heap after
{Heap after GC invocations=22 (full 0):
 garbage-first heap   total 215040K, used 106389K [0x0000000700000000, 0x0000000800000000)
  region size 2048K, 4 young (8192K), 4 survivors (8192K)
 Metaspace       used 100269K, committed 102656K, reserved 1179648K
  class space    used 14784K, committed 15936K, reserved 1048576K
}
Event: 5.989 GC heap before
{Heap before GC invocations=22 (full 0):
 garbage-first heap   total 215040K, used 192405K [0x0000000700000000, 0x0000000800000000)
  region size 2048K, 46 young (94208K), 4 survivors (8192K)
 Metaspace       used 105728K, committed 108160K, reserved 1179648K
  class space    used 15486K, committed 16640K, reserved 1048576K
}
Event: 5.992 GC heap after
{Heap after GC invocations=23 (full 0):
 garbage-first heap   total 215040K, used 112341K [0x0000000700000000, 0x0000000800000000)
  region size 2048K, 4 young (8192K), 4 survivors (8192K)
 Metaspace       used 105728K, committed 108160K, reserved 1179648K
  class space    used 15486K, committed 16640K, reserved 1048576K
}
Event: 6.252 GC heap before
{Heap before GC invocations=23 (full 0):
 garbage-first heap   total 215040K, used 192213K [0x0000000700000000, 0x0000000800000000)
  region size 2048K, 44 young (90112K), 4 survivors (8192K)
 Metaspace       used 107021K, committed 109440K, reserved 1179648K
  class space    used 15622K, committed 16768K, reserved 1048576K
}
Event: 6.255 GC heap after
{Heap after GC invocations=24 (full 0):
 garbage-first heap   total 217088K, used 126757K [0x0000000700000000, 0x0000000800000000)
  region size 2048K, 6 young (12288K), 6 survivors (12288K)
 Metaspace       used 107021K, committed 109440K, reserved 1179648K
  class space    used 15622K, committed 16768K, reserved 1048576K
}

Dll operation events (4 events):
Event: 0.005 Loaded shared library C:\Users\maxin\.gradle\jdks\jetbrains_s_r_o_-21-amd64-windows.2\bin\java.dll
Event: 0.026 Loaded shared library C:\Users\maxin\.gradle\jdks\jetbrains_s_r_o_-21-amd64-windows.2\bin\jsvml.dll
Event: 0.036 Loaded shared library C:\Users\maxin\.gradle\jdks\jetbrains_s_r_o_-21-amd64-windows.2\bin\zip.dll
Event: 0.193 Loaded shared library C:\Users\maxin\.gradle\jdks\jetbrains_s_r_o_-21-amd64-windows.2\bin\verify.dll

Deoptimization events (20 events):
Event: 6.449 Thread 0x000002a801e09a30 Uncommon trap: trap_request=0xffffffc6 fr.pc=0x000002a82578d8cc relative=0x000000000000196c
Event: 6.449 Thread 0x000002a801e09a30 Uncommon trap: reason=bimorphic_or_optimized_type_check action=maybe_recompile pc=0x000002a82578d8cc method=org.gradle.internal.snapshot.ChildMap$Entry.handleAncestorDescendantOrExactMatch(Lorg/gradle/internal/snapshot/VfsRelativePath;Lorg/gradle/internal
Event: 6.449 Thread 0x000002a801e09a30 DEOPT PACKING pc=0x000002a82578d8cc sp=0x000000e3a30fe820
Event: 6.449 Thread 0x000002a801e09a30 DEOPT UNPACKING pc=0x000002a824ae7ba2 sp=0x000000e3a30fe810 mode 2
Event: 6.449 Thread 0x000002a801e09a30 Uncommon trap: trap_request=0xffffffde fr.pc=0x000002a82579edb0 relative=0x0000000000002210
Event: 6.449 Thread 0x000002a801e09a30 Uncommon trap: reason=class_check action=maybe_recompile pc=0x000002a82579edb0 method=org.gradle.internal.snapshot.ChildMap$Entry.handleAncestorDescendantOrExactMatch(Lorg/gradle/internal/snapshot/VfsRelativePath;Lorg/gradle/internal/snapshot/CaseSensitiv
Event: 6.449 Thread 0x000002a801e09a30 DEOPT PACKING pc=0x000002a82579edb0 sp=0x000000e3a30fe5a0
Event: 6.449 Thread 0x000002a801e09a30 DEOPT UNPACKING pc=0x000002a824ae7ba2 sp=0x000000e3a30fe548 mode 2
Event: 6.449 Thread 0x000002a803baf370 Uncommon trap: trap_request=0xffffffbe fr.pc=0x000002a8259c609c relative=0x00000000000016fc
Event: 6.449 Thread 0x000002a803baf370 Uncommon trap: reason=profile_predicate action=maybe_recompile pc=0x000002a8259c609c method=java.io.ObjectStreamClass$FieldReflector.getPrimFieldValues(Ljava/lang/Object;[B)V @ 19 c2
Event: 6.449 Thread 0x000002a803baf370 DEOPT PACKING pc=0x000002a8259c609c sp=0x000000e3a16fe390
Event: 6.449 Thread 0x000002a803baf370 DEOPT UNPACKING pc=0x000002a824ae7ba2 sp=0x000000e3a16fe250 mode 2
Event: 6.456 Thread 0x000002a87dd9e350 Uncommon trap: trap_request=0xffffff45 fr.pc=0x000002a82547d2a8 relative=0x00000000000012a8
Event: 6.456 Thread 0x000002a87dd9e350 Uncommon trap: reason=unstable_if action=reinterpret pc=0x000002a82547d2a8 method=org.gradle.cache.internal.btree.BlockPointer.isNull()Z @ 6 c2
Event: 6.456 Thread 0x000002a87dd9e350 DEOPT PACKING pc=0x000002a82547d2a8 sp=0x000000e39e5fe810
Event: 6.456 Thread 0x000002a87dd9e350 DEOPT UNPACKING pc=0x000002a824ae7ba2 sp=0x000000e39e5fe6e8 mode 2
Event: 6.456 Thread 0x000002a80c0f1cd0 Uncommon trap: trap_request=0xffffff45 fr.pc=0x000002a82538d1b8 relative=0x00000000000002d8
Event: 6.456 Thread 0x000002a80c0f1cd0 Uncommon trap: reason=unstable_if action=reinterpret pc=0x000002a82538d1b8 method=java.lang.ThreadLocal$ThreadLocalMap.getEntry(Ljava/lang/ThreadLocal;)Ljava/lang/ThreadLocal$ThreadLocalMap$Entry; @ 29 c2
Event: 6.456 Thread 0x000002a80c0f1cd0 DEOPT PACKING pc=0x000002a82538d1b8 sp=0x000000e3a3cfdf20
Event: 6.456 Thread 0x000002a80c0f1cd0 DEOPT UNPACKING pc=0x000002a824ae7ba2 sp=0x000000e3a3cfdcd0 mode 2

Classes loaded (20 events):
Event: 6.077 Loading class java/security/SecureClassLoaderBeanInfo
Event: 6.077 Loading class java/security/SecureClassLoaderBeanInfo done
Event: 6.077 Loading class java/lang/ClassLoaderBeanInfo
Event: 6.077 Loading class java/lang/ClassLoaderBeanInfo done
Event: 6.077 Loading class java/lang/ClassLoaderBeanInfo
Event: 6.077 Loading class java/lang/ClassLoaderBeanInfo done
Event: 6.077 Loading class java/lang/ClassLoaderCustomizer
Event: 6.077 Loading class java/lang/ClassLoaderCustomizer done
Event: 6.077 Loading class java/lang/ClassLoaderCustomizer
Event: 6.077 Loading class java/lang/ClassLoaderCustomizer done
Event: 6.077 Loading class java/security/SecureClassLoaderCustomizer
Event: 6.077 Loading class java/security/SecureClassLoaderCustomizer done
Event: 6.077 Loading class java/security/SecureClassLoaderCustomizer
Event: 6.077 Loading class java/security/SecureClassLoaderCustomizer done
Event: 6.077 Loading class java/net/URLClassLoaderCustomizer
Event: 6.077 Loading class java/net/URLClassLoaderCustomizer done
Event: 6.077 Loading class java/net/URLClassLoaderCustomizer
Event: 6.077 Loading class java/net/URLClassLoaderCustomizer done
Event: 6.242 Loading class java/beans/ParameterDescriptor
Event: 6.242 Loading class java/beans/ParameterDescriptor done

Classes unloaded (0 events):
No events

Classes redefined (0 events):
No events

Internal exceptions (20 events):
Event: 6.449 Thread 0x000002a803bb55e0 Exception <a 'sun/nio/fs/WindowsException'{0x0000000709a5c8d8}> (0x0000000709a5c8d8) 
thrown [s\src\hotspot\share\prims\jni.cpp, line 537]
Event: 6.449 Thread 0x000002a803baf370 Exception <a 'java/lang/NoSuchMethodError'{0x000000070980fc20}: static Lcom/android/buildanalyzer/common/AndroidGradlePluginAttributionData$BuildInfo;.<clinit>()V> (0x000000070980fc20) 
thrown [s\src\hotspot\share\prims\jni.cpp, line 1144]
Event: 6.449 Thread 0x000002a803baf370 Exception <a 'java/lang/NoSuchMethodError'{0x000000070982d930}: static Lcom/android/buildanalyzer/common/AndroidGradlePluginAttributionData$JavaInfo;.<clinit>()V> (0x000000070982d930) 
thrown [s\src\hotspot\share\prims\jni.cpp, line 1144]
Event: 6.449 Thread 0x000002a803bb55e0 Exception <a 'sun/nio/fs/WindowsException'{0x000000070981fc50}> (0x000000070981fc50) 
thrown [s\src\hotspot\share\prims\jni.cpp, line 537]
Event: 6.450 Thread 0x000002a803615960 Exception <a 'sun/nio/fs/WindowsException'{0x000000070abf3b48}> (0x000000070abf3b48) 
thrown [s\src\hotspot\share\prims\jni.cpp, line 537]
Event: 6.450 Thread 0x000002a803bb55e0 Exception <a 'sun/nio/fs/WindowsException'{0x0000000709826c58}> (0x0000000709826c58) 
thrown [s\src\hotspot\share\prims\jni.cpp, line 537]
Event: 6.450 Thread 0x000002a803615960 Exception <a 'sun/nio/fs/WindowsException'{0x000000070abfb0d8}> (0x000000070abfb0d8) 
thrown [s\src\hotspot\share\prims\jni.cpp, line 537]
Event: 6.450 Thread 0x000002a803bb55e0 Exception <a 'sun/nio/fs/WindowsException'{0x0000000709855020}> (0x0000000709855020) 
thrown [s\src\hotspot\share\prims\jni.cpp, line 537]
Event: 6.450 Thread 0x000002a803baf370 Exception <a 'java/lang/NoSuchMethodError'{0x0000000709915c88}: static [Ljava/lang/String;.<clinit>()V> (0x0000000709915c88) 
thrown [s\src\hotspot\share\prims\jni.cpp, line 1144]
Event: 6.451 Thread 0x000002a803baf370 Exception <a 'java/lang/NoSuchMethodError'{0x0000000709922728}: static Lcom/android/buildanalyzer/common/AndroidGradlePluginAttributionData$TaskInfo;.<clinit>()V> (0x0000000709922728) 
thrown [s\src\hotspot\share\prims\jni.cpp, line 1144]
Event: 6.451 Thread 0x000002a803baf370 Exception <a 'java/lang/NoSuchMethodError'{0x000000070992fce0}: static Lcom/android/buildanalyzer/common/AndroidGradlePluginAttributionData$TaskCategoryInfo;.<clinit>()V> (0x000000070992fce0) 
thrown [s\src\hotspot\share\prims\jni.cpp, line 1144]
Event: 6.454 Thread 0x000002a803baf370 Exception <a 'sun/nio/fs/WindowsException'{0x000000070968a660}> (0x000000070968a660) 
thrown [s\src\hotspot\share\prims\jni.cpp, line 537]
Event: 6.454 Thread 0x000002a803615960 Exception <a 'sun/nio/fs/WindowsException'{0x000000070965b568}> (0x000000070965b568) 
thrown [s\src\hotspot\share\prims\jni.cpp, line 537]
Event: 6.454 Thread 0x000002a803615960 Exception <a 'sun/nio/fs/WindowsException'{0x0000000709666848}> (0x0000000709666848) 
thrown [s\src\hotspot\share\prims\jni.cpp, line 537]
Event: 6.455 Thread 0x000002a803615960 Exception <a 'sun/nio/fs/WindowsException'{0x000000070966e540}> (0x000000070966e540) 
thrown [s\src\hotspot\share\prims\jni.cpp, line 537]
Event: 6.455 Thread 0x000002a803615960 Exception <a 'sun/nio/fs/WindowsException'{0x000000070967ea98}> (0x000000070967ea98) 
thrown [s\src\hotspot\share\prims\jni.cpp, line 537]
Event: 6.455 Thread 0x000002a803615960 Exception <a 'sun/nio/fs/WindowsException'{0x000000070971f990}> (0x000000070971f990) 
thrown [s\src\hotspot\share\prims\jni.cpp, line 537]
Event: 6.455 Thread 0x000002a803615960 Exception <a 'sun/nio/fs/WindowsException'{0x0000000709725de8}> (0x0000000709725de8) 
thrown [s\src\hotspot\share\prims\jni.cpp, line 537]
Event: 6.456 Thread 0x000002a801e093a0 Exception <a 'sun/nio/fs/WindowsException'{0x0000000709890748}> (0x0000000709890748) 
thrown [s\src\hotspot\share\prims\jni.cpp, line 537]
Event: 6.456 Thread 0x000002a801e093a0 Exception <a 'sun/nio/fs/WindowsException'{0x0000000709891378}> (0x0000000709891378) 
thrown [s\src\hotspot\share\prims\jni.cpp, line 537]

ZGC Phase Switch (0 events):
No events

VM Operations (20 events):
Event: 6.273 Executing safepoint VM operation: G1PauseRemark
Event: 6.276 Executing safepoint VM operation: G1PauseRemark done
Event: 6.282 Executing safepoint VM operation: G1PauseCleanup
Event: 6.282 Executing safepoint VM operation: G1PauseCleanup done
Event: 6.393 Executing safepoint VM operation: ICBufferFull
Event: 6.393 Executing safepoint VM operation: ICBufferFull done
Event: 6.425 Executing non-safepoint VM operation: HandshakeAllThreads (Deoptimize)
Event: 6.425 Executing non-safepoint VM operation: HandshakeAllThreads (Deoptimize) done
Event: 6.437 Executing non-safepoint VM operation: HandshakeAllThreads (Deoptimize)
Event: 6.438 Executing non-safepoint VM operation: HandshakeAllThreads (Deoptimize) done
Event: 6.441 Executing non-safepoint VM operation: HandshakeAllThreads (Deoptimize)
Event: 6.441 Executing non-safepoint VM operation: HandshakeAllThreads (Deoptimize) done
Event: 6.447 Executing non-safepoint VM operation: HandshakeAllThreads (Deoptimize)
Event: 6.447 Executing non-safepoint VM operation: HandshakeAllThreads (Deoptimize) done
Event: 6.448 Executing safepoint VM operation: ICBufferFull
Event: 6.448 Executing safepoint VM operation: ICBufferFull done
Event: 6.448 Executing safepoint VM operation: ICBufferFull
Event: 6.448 Executing safepoint VM operation: ICBufferFull done
Event: 6.453 Executing non-safepoint VM operation: HandshakeAllThreads (Deoptimize)
Event: 6.453 Executing non-safepoint VM operation: HandshakeAllThreads (Deoptimize) done

Memory protections (0 events):
No events

Nmethod flushes (20 events):
Event: 6.275 Thread 0x000002a8359de480 flushing  nmethod 0x000002a81e897490
Event: 6.275 Thread 0x000002a8359de480 flushing  nmethod 0x000002a8254e5a90
Event: 6.275 Thread 0x000002a8359de480 flushing  nmethod 0x000002a81dd53790
Event: 6.275 Thread 0x000002a8359de480 flushing  nmethod 0x000002a81de35190
Event: 6.275 Thread 0x000002a8359de480 flushing  nmethod 0x000002a81df88b10
Event: 6.275 Thread 0x000002a8359de480 flushing  nmethod 0x000002a81df8c410
Event: 6.275 Thread 0x000002a8359de480 flushing  nmethod 0x000002a81e07c590
Event: 6.275 Thread 0x000002a8359de480 flushing  nmethod 0x000002a81e07ca10
Event: 6.275 Thread 0x000002a8359de480 flushing  nmethod 0x000002a81e07e790
Event: 6.275 Thread 0x000002a8359de480 flushing  nmethod 0x000002a81e080090
Event: 6.275 Thread 0x000002a8359de480 flushing  nmethod 0x000002a81e083890
Event: 6.275 Thread 0x000002a8359de480 flushing  nmethod 0x000002a81e084b90
Event: 6.275 Thread 0x000002a8359de480 flushing  nmethod 0x000002a81e1c8b90
Event: 6.275 Thread 0x000002a8359de480 flushing  nmethod 0x000002a81e1c8e90
Event: 6.275 Thread 0x000002a8359de480 flushing  nmethod 0x000002a81e599b90
Event: 6.275 Thread 0x000002a8359de480 flushing  nmethod 0x000002a81ea75d10
Event: 6.275 Thread 0x000002a8359de480 flushing  nmethod 0x000002a81ea78190
Event: 6.275 Thread 0x000002a8359de480 flushing  nmethod 0x000002a81ea78810
Event: 6.275 Thread 0x000002a8359de480 flushing  nmethod 0x000002a81ea7aa90
Event: 6.275 Thread 0x000002a8359de480 flushing  nmethod 0x000002a81ebbe110

Events (20 events):
Event: 6.420 Thread 0x000002a803614c40 Thread added: 0x000002a8064ceaa0
Event: 6.420 Thread 0x000002a803614c40 Thread added: 0x000002a8064cc340
Event: 6.420 Thread 0x000002a803614c40 Thread added: 0x000002a801e0c820
Event: 6.420 Thread 0x000002a803614c40 Thread added: 0x000002a801e0bb00
Event: 6.420 Thread 0x000002a803614c40 Thread added: 0x000002a801e0c190
Event: 6.420 Thread 0x000002a803614c40 Thread added: 0x000002a801e093a0
Event: 6.420 Thread 0x000002a803614c40 Thread added: 0x000002a801e0b470
Event: 6.420 Thread 0x000002a803614c40 Thread added: 0x000002a801e09a30
Event: 6.420 Thread 0x000002a803614c40 Thread added: 0x000002a801e0a0c0
Event: 6.420 Thread 0x000002a803614c40 Thread added: 0x000002a801e0a750
Event: 6.420 Thread 0x000002a803614c40 Thread added: 0x000002a801e0ade0
Event: 6.420 Thread 0x000002a803614c40 Thread added: 0x000002a802e7a1a0
Event: 6.420 Thread 0x000002a803614c40 Thread added: 0x000002a802e79480
Event: 6.420 Thread 0x000002a803614c40 Thread added: 0x000002a802e7a830
Event: 6.420 Thread 0x000002a803614c40 Thread added: 0x000002a802e79b10
Event: 6.420 Thread 0x000002a803614c40 Thread added: 0x000002a806e97350
Event: 6.421 Thread 0x000002a803614c40 Thread added: 0x000002a806e98070
Event: 6.421 Thread 0x000002a803614c40 Thread added: 0x000002a806e98700
Event: 6.421 Thread 0x000002a803614c40 Thread added: 0x000002a806e99ab0
Event: 6.429 Thread 0x000002a801e093a0 Thread added: 0x000002a80c0f1cd0


Dynamic libraries:
0x00007ff73f840000 - 0x00007ff73f84a000 	C:\Users\maxin\.gradle\jdks\jetbrains_s_r_o_-21-amd64-windows.2\bin\java.exe
0x00007fff9da00000 - 0x00007fff9dc66000 	C:\WINDOWS\SYSTEM32\ntdll.dll
0x00007fff9ba20000 - 0x00007fff9bae9000 	C:\WINDOWS\System32\KERNEL32.DLL
0x00007fff9b1b0000 - 0x00007fff9b5ae000 	C:\WINDOWS\System32\KERNELBASE.dll
0x00007fff9ae10000 - 0x00007fff9af5c000 	C:\WINDOWS\System32\ucrtbase.dll
0x00007fff80aa0000 - 0x00007fff80abb000 	C:\Users\maxin\.gradle\jdks\jetbrains_s_r_o_-21-amd64-windows.2\bin\VCRUNTIME140.dll
0x00007fff94250000 - 0x00007fff94268000 	C:\Users\maxin\.gradle\jdks\jetbrains_s_r_o_-21-amd64-windows.2\bin\jli.dll
0x00007fff9b850000 - 0x00007fff9ba17000 	C:\WINDOWS\System32\USER32.dll
0x00007fff7cab0000 - 0x00007fff7cd42000 	C:\WINDOWS\WinSxS\amd64_microsoft.windows.common-controls_6595b64144ccf1df_6.0.26100.8894_none_3e0f749ee32e02ea\COMCTL32.dll
0x00007fff9b180000 - 0x00007fff9b1a7000 	C:\WINDOWS\System32\win32u.dll
0x00007fff9c950000 - 0x00007fff9c9f9000 	C:\WINDOWS\System32\msvcrt.dll
0x00007fff9d2d0000 - 0x00007fff9d2fb000 	C:\WINDOWS\System32\GDI32.dll
0x00007fff9ac20000 - 0x00007fff9ad4a000 	C:\WINDOWS\System32\gdi32full.dll
0x00007fff9b5c0000 - 0x00007fff9b663000 	C:\WINDOWS\System32\msvcp_win.dll
0x00007fff9c880000 - 0x00007fff9c8b2000 	C:\WINDOWS\System32\IMM32.DLL
0x00007fff942f0000 - 0x00007fff942fc000 	C:\Users\maxin\.gradle\jdks\jetbrains_s_r_o_-21-amd64-windows.2\bin\vcruntime140_1.dll
0x00007fff4ebf0000 - 0x00007fff4ec7d000 	C:\Users\maxin\.gradle\jdks\jetbrains_s_r_o_-21-amd64-windows.2\bin\msvcp140.dll
0x00007ffeb1700000 - 0x00007ffeb24cd000 	C:\Users\maxin\.gradle\jdks\jetbrains_s_r_o_-21-amd64-windows.2\bin\server\jvm.dll
0x00007fff9cec0000 - 0x00007fff9cf77000 	C:\WINDOWS\System32\ADVAPI32.dll
0x00007fff9cd80000 - 0x00007fff9ce2a000 	C:\WINDOWS\System32\sechost.dll
0x00007fff9cf80000 - 0x00007fff9d098000 	C:\WINDOWS\System32\RPCRT4.dll
0x00007fff9c8c0000 - 0x00007fff9c940000 	C:\WINDOWS\System32\WS2_32.dll
0x00007fff9a8c0000 - 0x00007fff9a91e000 	C:\WINDOWS\SYSTEM32\POWRPROF.dll
0x00007fff93e70000 - 0x00007fff93e7b000 	C:\WINDOWS\SYSTEM32\VERSION.dll
0x00007fff8ac00000 - 0x00007fff8ac36000 	C:\WINDOWS\SYSTEM32\WINMM.dll
0x00007fff9a8a0000 - 0x00007fff9a8b4000 	C:\WINDOWS\SYSTEM32\UMPDC.dll
0x00007fff998c0000 - 0x00007fff998db000 	C:\WINDOWS\SYSTEM32\kernel.appcore.dll
0x00007fff94240000 - 0x00007fff9424a000 	C:\Users\maxin\.gradle\jdks\jetbrains_s_r_o_-21-amd64-windows.2\bin\jimage.dll
0x00007fff980d0000 - 0x00007fff98312000 	C:\WINDOWS\SYSTEM32\DBGHELP.DLL
0x00007fff9c4c0000 - 0x00007fff9c843000 	C:\WINDOWS\System32\combase.dll
0x00007fff9cca0000 - 0x00007fff9cd79000 	C:\WINDOWS\System32\OLEAUT32.dll
0x00007fff72900000 - 0x00007fff7293b000 	C:\WINDOWS\SYSTEM32\dbgcore.DLL
0x00007fff9b670000 - 0x00007fff9b71c000 	C:\WINDOWS\System32\bcryptPrimitives.dll
0x00007fff80a90000 - 0x00007fff80a9e000 	C:\Users\maxin\.gradle\jdks\jetbrains_s_r_o_-21-amd64-windows.2\bin\instrument.dll
0x00007fff7f5f0000 - 0x00007fff7f610000 	C:\Users\maxin\.gradle\jdks\jetbrains_s_r_o_-21-amd64-windows.2\bin\java.dll
0x00007fff9bd20000 - 0x00007fff9c4b2000 	C:\WINDOWS\System32\SHELL32.dll
0x00007fff98690000 - 0x00007fff98f22000 	C:\WINDOWS\SYSTEM32\windows.storage.dll
0x00007fff9ca00000 - 0x00007fff9caf7000 	C:\WINDOWS\System32\SHCORE.dll
0x00007fff9b7b0000 - 0x00007fff9b817000 	C:\WINDOWS\System32\shlwapi.dll
0x00007fff9ab40000 - 0x00007fff9ab69000 	C:\WINDOWS\SYSTEM32\profapi.dll
0x00007fff4df40000 - 0x00007fff4e017000 	C:\Users\maxin\.gradle\jdks\jetbrains_s_r_o_-21-amd64-windows.2\bin\jsvml.dll
0x00007fff7f5a0000 - 0x00007fff7f5b8000 	C:\Users\maxin\.gradle\jdks\jetbrains_s_r_o_-21-amd64-windows.2\bin\zip.dll
0x00007fff80a80000 - 0x00007fff80a90000 	C:\Users\maxin\.gradle\jdks\jetbrains_s_r_o_-21-amd64-windows.2\bin\net.dll
0x00007fff92fc0000 - 0x00007fff930e7000 	C:\WINDOWS\SYSTEM32\WINHTTP.dll
0x00007fff99e50000 - 0x00007fff99ebc000 	C:\WINDOWS\system32\mswsock.dll
0x00007fff726d0000 - 0x00007fff726e6000 	C:\Users\maxin\.gradle\jdks\jetbrains_s_r_o_-21-amd64-windows.2\bin\nio.dll
0x00007fff7ead0000 - 0x00007fff7eae0000 	C:\Users\maxin\.gradle\jdks\jetbrains_s_r_o_-21-amd64-windows.2\bin\verify.dll
0x00007fff72f30000 - 0x00007fff72f57000 	C:\Users\maxin\.gradle\native\660c5614fbf4a5f2a75b1949f50a0caf5cd603558e7d8a26e50b933a0cfb79d1\windows-amd64\native-platform.dll
0x00007fff4dec0000 - 0x00007fff4df37000 	C:\Users\maxin\.gradle\native\0.2.8\x86_64-windows-gnu\gradle-fileevents.dll
0x00007fff72f20000 - 0x00007fff72f29000 	C:\Users\maxin\.gradle\jdks\jetbrains_s_r_o_-21-amd64-windows.2\bin\management.dll
0x00007fff72e50000 - 0x00007fff72e5b000 	C:\Users\maxin\.gradle\jdks\jetbrains_s_r_o_-21-amd64-windows.2\bin\management_ext.dll
0x00007fff9d0b0000 - 0x00007fff9d0b8000 	C:\WINDOWS\System32\PSAPI.DLL
0x00007fff99260000 - 0x00007fff99293000 	C:\WINDOWS\SYSTEM32\IPHLPAPI.DLL
0x00007fff9c870000 - 0x00007fff9c87a000 	C:\WINDOWS\System32\NSI.dll
0x00007fff6f4d0000 - 0x00007fff6f4d9000 	C:\Users\maxin\.gradle\jdks\jetbrains_s_r_o_-21-amd64-windows.2\bin\extnet.dll
0x00007fff9a280000 - 0x00007fff9a29b000 	C:\WINDOWS\SYSTEM32\CRYPTSP.dll
0x00007fff99820000 - 0x00007fff99859000 	C:\WINDOWS\system32\rsaenh.dll
0x00007fff99f10000 - 0x00007fff99f42000 	C:\WINDOWS\SYSTEM32\USERENV.dll
0x00007fff9ab10000 - 0x00007fff9ab3a000 	C:\WINDOWS\SYSTEM32\bcrypt.dll
0x00007fff9a0c0000 - 0x00007fff9a0cc000 	C:\WINDOWS\SYSTEM32\CRYPTBASE.dll
0x00007fff6f0a0000 - 0x00007fff6f0ae000 	C:\Users\maxin\.gradle\jdks\jetbrains_s_r_o_-21-amd64-windows.2\bin\sunmscapi.dll
0x00007fff9b000000 - 0x00007fff9b178000 	C:\WINDOWS\System32\CRYPT32.dll
0x00007fff9a460000 - 0x00007fff9a490000 	C:\WINDOWS\SYSTEM32\ncrypt.dll
0x00007fff9a410000 - 0x00007fff9a44f000 	C:\WINDOWS\SYSTEM32\NTASN1.dll
0x00007fff74090000 - 0x00007fff74098000 	C:\WINDOWS\system32\wshunix.dll

JVMTI agents:
C:\Users\maxin\.gradle\wrapper\dists\gradle-9.4.1-bin\arn2x92ynaizyzdaamcbpbhtj\gradle-9.4.1\lib\agents\gradle-instrumentation-agent-9.4.1.jar path:C:\Users\maxin\.gradle\jdks\jetbrains_s_r_o_-21-amd64-windows.2\bin\instrument.dll, loaded, initialized, instrumentlib options:none

dbghelp: loaded successfully - version: 4.0.5 - missing functions: none
symbol engine: initialized successfully - sym options: 0x614 - pdb path: .;C:\Users\maxin\.gradle\jdks\jetbrains_s_r_o_-21-amd64-windows.2\bin;C:\WINDOWS\SYSTEM32;C:\WINDOWS\WinSxS\amd64_microsoft.windows.common-controls_6595b64144ccf1df_6.0.26100.8894_none_3e0f749ee32e02ea;C:\Users\maxin\.gradle\jdks\jetbrains_s_r_o_-21-amd64-windows.2\bin\server;C:\Users\maxin\.gradle\native\660c5614fbf4a5f2a75b1949f50a0caf5cd603558e7d8a26e50b933a0cfb79d1\windows-amd64;C:\Users\maxin\.gradle\native\0.2.8\x86_64-windows-gnu

VM Arguments:
jvm_args: --add-opens=java.base/java.lang=ALL-UNNAMED --add-opens=java.base/java.lang.invoke=ALL-UNNAMED --add-opens=java.base/java.util=ALL-UNNAMED --add-opens=java.prefs/java.util.prefs=ALL-UNNAMED --add-exports=jdk.compiler/com.sun.tools.javac.api=ALL-UNNAMED --add-exports=jdk.compiler/com.sun.tools.javac.util=ALL-UNNAMED --add-opens=java.base/java.util=ALL-UNNAMED --add-opens=java.prefs/java.util.prefs=ALL-UNNAMED --add-opens=java.base/java.nio.charset=ALL-UNNAMED --add-opens=java.base/java.net=ALL-UNNAMED --add-opens=java.base/java.util.concurrent=ALL-UNNAMED --add-opens=java.base/java.util.concurrent.atomic=ALL-UNNAMED --add-opens=java.xml/javax.xml.namespace=ALL-UNNAMED --add-opens=java.base/java.time=ALL-UNNAMED -Xmx4096m -Dfile.encoding=UTF-8 -Duser.country=AR -Duser.language=es -Duser.variant -javaagent:C:\Users\maxin\.gradle\wrapper\dists\gradle-9.4.1-bin\arn2x92ynaizyzdaamcbpbhtj\gradle-9.4.1\lib\agents\gradle-instrumentation-agent-9.4.1.jar 
java_command: org.gradle.launcher.daemon.bootstrap.GradleDaemon 9.4.1
java_class_path (initial): C:\Users\maxin\.gradle\wrapper\dists\gradle-9.4.1-bin\arn2x92ynaizyzdaamcbpbhtj\gradle-9.4.1\lib\gradle-daemon-main-9.4.1.jar
Launcher Type: SUN_STANDARD

[Global flags]
     intx CICompilerCount                          = 15                                        {product} {ergonomic}
     uint ConcGCThreads                            = 6                                         {product} {ergonomic}
     uint G1ConcRefinementThreads                  = 23                                        {product} {ergonomic}
   size_t G1HeapRegionSize                         = 2097152                                   {product} {ergonomic}
    uintx GCDrainStackTargetSize                   = 64                                        {product} {ergonomic}
   size_t InitialHeapSize                          = 524288000                                 {product} {ergonomic}
   size_t MarkStackSize                            = 4194304                                   {product} {ergonomic}
   size_t MaxHeapSize                              = 4294967296                                {product} {command line}
   size_t MaxNewSize                               = 2575302656                                {product} {ergonomic}
   size_t MinHeapDeltaBytes                        = 2097152                                   {product} {ergonomic}
   size_t MinHeapSize                              = 8388608                                   {product} {ergonomic}
    uintx NonNMethodCodeHeapSize                   = 8192380                                {pd product} {ergonomic}
    uintx NonProfiledCodeHeapSize                  = 121732930                              {pd product} {ergonomic}
    uintx ProfiledCodeHeapSize                     = 121732930                              {pd product} {ergonomic}
    uintx ReservedCodeCacheSize                    = 251658240                              {pd product} {ergonomic}
     bool SegmentedCodeCache                       = true                                      {product} {ergonomic}
   size_t SoftMaxHeapSize                          = 4294967296                             {manageable} {ergonomic}
     bool UseCompressedOops                        = true                           {product lp64_product} {ergonomic}
     bool UseG1GC                                  = true                                      {product} {ergonomic}
     bool UseLargePagesIndividualAllocation        = false                                  {pd product} {ergonomic}

Logging:
Log output configuration:
 #0: stdout all=warning uptime,level,tags foldmultilines=false
 #1: stderr all=off uptime,level,tags foldmultilines=false

Release file:
JAVA_VERSION="21.0.10" 
MODULES="java.base java.datatransfer java.xml java.prefs java.desktop gluegen.rt java.compiler java.instrument java.logging java.management java.security.sasl java.naming java.rmi java.management.rmi java.net.http java.scripting java.security.jgss java.transaction.xa java.sql java.sql.rowset java.xml.crypto java.se java.smartcardio jogl.all jcef jdk.accessibility jdk.internal.jvmstat jdk.attach jdk.charsets jdk.internal.opt jdk.zipfs jdk.compiler jdk.crypto.ec jdk.crypto.cryptoki jdk.crypto.mscapi jdk.dynalink jdk.internal.ed jdk.editpad jdk.hotspot.agent jdk.httpserver jdk.incubator.vector jdk.internal.le jdk.internal.vm.ci jdk.internal.vm.compiler jdk.internal.vm.compiler.management jdk.jartool jdk.javadoc jdk.jcmd jdk.management jdk.management.agent jdk.jconsole jdk.jdeps jdk.jdwp.agent jdk.jdi jdk.jfr jdk.jlink jdk.jpackage jdk.jshell jdk.jsobject jdk.jstatd jdk.localedata jdk.management.jfr jdk.naming.dns jdk.naming.rmi jdk.net jdk.nio.mapmode jdk.random jdk.sctp jdk.security.auth jdk.security.jgss jdk.unsupported jdk.unsupported.desktop jdk.xml.dom" 
IMPLEMENTOR="JetBrains s.r.o." 
IMPLEMENTOR_VERSION="JBRSDK-21.0.10+1-1163.108-jcef" 
JAVA_RUNTIME_VERSION="21.0.10+1-b1163.108" 
LIBC="default" 
OS_ARCH="x86_64" 
OS_NAME="Windows" 
SOURCE=".:git:f6c01ae40b16+ jcef_git:git:4a605f44671a" 
JCEF_VERSION="137.0.17.1107+ge397b56" 
JCEF_COMMIT_HASH="e397b569415d3c67b114495985454e5201955573" 

Environment Variables:
PATH=C:\WINDOWS\system32;C:\WINDOWS;C:\WINDOWS\System32\Wbem;C:\WINDOWS\System32\WindowsPowerShell\v1.0\;C:\WINDOWS\System32\OpenSSH\;C:\Program Files\dotnet\;C:\Program Files\NVIDIA Corporation\NVIDIA App\NvDLISR;C:\Program Files (x86)\NVIDIA Corporation\PhysX\Common;C:\Program Files\Git\cmd;C:\Users\maxin\AppData\Local\Microsoft\WindowsApps;C:\Users\maxin\AppData\Local\Programs\Microsoft VS Code\bin
USERNAME=maxin
OS=Windows_NT
PROCESSOR_IDENTIFIER=AMD64 Family 26 Model 68 Stepping 0, AuthenticAMD
TMP=C:\Users\maxin\AppData\Local\Temp
TEMP=C:\Users\maxin\AppData\Local\Temp




Periodic native trim disabled

JNI global refs:
JNI global refs: 38, weak refs: 0

JNI global refs memory usage: 835, weak refs: 833

Process memory usage:
Resident Set Size: 640524K (1% of 32664520K total physical memory with 11811908K free physical memory)

OOME stack traces (most recent first):
Classloader memory used:
Loader org.gradle.internal.classloader.VisitableURLClassLoader                         : 45026K
Loader org.gradle.internal.classloader.VisitableURLClassLoader$InstrumentingVisitableURLClassLoader: 36890K
Loader bootstrap                                                                       : 14253K
Loader org.gradle.initialization.MixInLegacyTypesClassLoader                           : 13343K
Loader org.gradle.internal.classloader.VisitableURLClassLoader                         : 642K
Loader jdk.internal.reflect.DelegatingClassLoader                                      : 360K
Loader jdk.internal.loader.ClassLoaders$PlatformClassLoader                            : 237K
Loader jdk.internal.loader.ClassLoaders$AppClassLoader                                 : 195K
Loader org.gradle.groovy.scripts.internal.DefaultScriptCompilationHandler$ScriptClassLoader: 157K

Classes loaded by more than one classloader:
Class Program                                                                         : loaded 11 times (x 72B)
Class Build_gradle                                                                    : loaded 9 times (x 126B)
Class org.gradle.kotlin.dsl.VersionCatalogAccessorsKt                                 : loaded 5 times (x 71B)
Class Build_gradle$1                                                                  : loaded 4 times (x 74B)
Class org.gradle.kotlin.dsl.TestImplementationConfigurationAccessorsKt                : loaded 4 times (x 71B)
Class Build_gradle$2                                                                  : loaded 4 times (x 74B)
Class org.gradle.kotlin.dsl.AndroidTestImplementationConfigurationAccessorsKt         : loaded 4 times (x 71B)
Class org.gradle.kotlin.dsl.ImplementationConfigurationAccessorsKt                    : loaded 4 times (x 71B)
Class org.gradle.kotlin.dsl.Accessors2sci8yewa96g0fyfhouaecr70Kt                      : loaded 4 times (x 71B)
Class org.gradle.kotlin.dsl.KspConfigurationAccessorsKt                               : loaded 3 times (x 71B)
Class org.gradle.kotlin.dsl.DebugImplementationConfigurationAccessorsKt               : loaded 3 times (x 71B)
Class [Lorg.objectweb.asm.Symbol;                                                     : loaded 2 times (x 69B)
Class org.objectweb.asm.ClassVisitor                                                  : loaded 2 times (x 88B)
Class com.google.common.collect.UnmodifiableListIterator                              : loaded 2 times (x 95B)
Class com.google.common.base.Platform$JdkPatternCompiler                              : loaded 2 times (x 75B)
Class org.objectweb.asm.MethodTooLargeException                                       : loaded 2 times (x 83B)
Class [Lcom.google.common.cache.CacheBuilder$OneWeigher;                              : loaded 2 times (x 69B)
Class com.google.common.base.Suppliers                                                : loaded 2 times (x 71B)
Class org.gradle.internal.classloader.DefaultClassLoaderFactory                       : loaded 2 times (x 82B)
Class org.gradle.internal.classloader.ClassLoaderVisitor                              : loaded 2 times (x 76B)
Class [Lcom.google.common.collect.ImmutableMapEntry;                                  : loaded 2 times (x 69B)
Class com.google.common.collect.ListMultimap                                          : loaded 2 times (x 70B)
Class com.google.common.collect.ImmutableEnumMap                                      : loaded 2 times (x 126B)
Class com.google.common.collect.Sets$1                                                : loaded 2 times (x 139B)
Class org.objectweb.asm.AnnotationVisitor                                             : loaded 2 times (x 78B)
Class org.gradle.api.internal.DefaultClassPathProvider                                : loaded 2 times (x 76B)
Class com.google.common.collect.Sets$2                                                : loaded 2 times (x 139B)
Class [Lorg.gradle.api.internal.ClassPathProvider;                                    : loaded 2 times (x 69B)
Class org.gradle.api.internal.ClassPathProvider                                       : loaded 2 times (x 70B)
Class [Lorg.objectweb.asm.AnnotationVisitor;                                          : loaded 2 times (x 69B)
Class com.google.common.collect.Sets$3                                                : loaded 2 times (x 139B)
Class com.google.common.cache.LocalCache$LocalLoadingCache                            : loaded 2 times (x 134B)
Class org.gradle.internal.service.UnknownServiceException                             : loaded 2 times (x 83B)
Class com.google.common.collect.Sets$4                                                : loaded 2 times (x 139B)
Class org.objectweb.asm.ModuleVisitor                                                 : loaded 2 times (x 81B)
Class com.google.common.cache.LocalCache$Strength$1                                   : loaded 2 times (x 81B)
Class com.google.common.util.concurrent.SettableFuture                                : loaded 2 times (x 114B)
Class com.google.common.cache.LocalCache$Strength$2                                   : loaded 2 times (x 81B)
Class com.google.common.cache.LocalCache$Strength$3                                   : loaded 2 times (x 81B)
Class com.google.common.collect.MapDifference                                         : loaded 2 times (x 70B)
Class org.objectweb.asm.FieldWriter                                                   : loaded 2 times (x 78B)
Class com.google.common.cache.CacheBuilder$NullListener                               : loaded 2 times (x 82B)
Class org.gradle.internal.classpath.TransformedClassPath                              : loaded 2 times (x 96B)
Class org.gradle.internal.classloader.InstrumentingClassLoader                        : loaded 2 times (x 70B)
Class com.google.common.cache.CacheLoader$FunctionToCacheLoader                       : loaded 2 times (x 75B)
Class com.google.common.collect.Iterators$ArrayItr                                    : loaded 2 times (x 97B)
Class com.google.common.collect.ImmutableCollection$Builder                           : loaded 2 times (x 76B)
Class com.google.common.base.Joiner                                                   : loaded 2 times (x 79B)
Class com.google.common.base.MoreObjects                                              : loaded 2 times (x 71B)
Class com.google.common.collect.ImmutableMap$MapViewOfValuesAsSingletonSets           : loaded 2 times (x 126B)
Class com.google.common.collect.Platform                                              : loaded 2 times (x 71B)
Class [Lorg.objectweb.asm.Type;                                                       : loaded 2 times (x 69B)
Class com.google.common.collect.UnmodifiableIterator                                  : loaded 2 times (x 80B)
Class org.gradle.internal.service.ServiceLocator                                      : loaded 2 times (x 70B)
Class com.google.common.base.Ascii                                                    : loaded 2 times (x 71B)
Class com.google.common.cache.LocalCache$1                                            : loaded 2 times (x 89B)
Class com.google.common.collect.SingletonImmutableBiMap                               : loaded 2 times (x 143B)
Class com.google.common.collect.Iterators$SingletonIterator                           : loaded 2 times (x 81B)
Class com.google.common.collect.AbstractMapEntry                                      : loaded 2 times (x 81B)
Class com.google.common.collect.Sets$ImprovedAbstractSet                              : loaded 2 times (x 135B)
Class com.google.common.collect.ImmutableList$Builder                                 : loaded 2 times (x 77B)
Class com.google.common.collect.AbstractMultimap                                      : loaded 2 times (x 123B)
Class com.google.common.cache.LocalCache$2                                            : loaded 2 times (x 142B)
Class com.google.common.collect.RegularImmutableAsList                                : loaded 2 times (x 217B)
Class com.google.common.util.concurrent.AbstractFuture$Trusted                        : loaded 2 times (x 70B)
Class com.google.common.collect.Iterators                                             : loaded 2 times (x 71B)
Class com.google.common.collect.RegularImmutableMap                                   : loaded 2 times (x 121B)
Class com.google.common.collect.Lists$StringAsImmutableList                           : loaded 2 times (x 207B)
Class com.google.common.util.concurrent.UncheckedExecutionException                   : loaded 2 times (x 82B)
Class com.google.common.collect.AbstractMapBasedMultimap$KeySet$1                     : loaded 2 times (x 82B)
Class org.objectweb.asm.ClassWriter                                                   : loaded 2 times (x 106B)
Class com.google.common.base.CharMatcher$And                                          : loaded 2 times (x 112B)
Class com.google.common.cache.CacheLoader$UnsupportedLoadingOperationException        : loaded 2 times (x 82B)
Class com.google.common.base.Objects                                                  : loaded 2 times (x 71B)
Class org.objectweb.asm.FieldVisitor                                                  : loaded 2 times (x 77B)
Class com.google.common.collect.IndexedImmutableSet                                   : loaded 2 times (x 152B)
Class com.google.common.collect.ImmutableMap$1                                        : loaded 2 times (x 81B)
Class com.google.common.collect.BiMap                                                 : loaded 2 times (x 70B)
Class org.gradle.api.internal.classpath.DefaultModuleRegistry$DefaultModule           : loaded 2 times (x 82B)
Class com.google.common.primitives.Ints                                               : loaded 2 times (x 71B)
Class com.google.common.collect.AbstractIterator                                      : loaded 2 times (x 82B)
Class com.google.common.collect.ObjectArrays                                          : loaded 2 times (x 71B)
Class com.google.common.math.MathPreconditions                                        : loaded 2 times (x 71B)
Class com.google.common.collect.Multiset                                              : loaded 2 times (x 70B)
Class com.google.common.collect.ArrayListMultimapGwtSerializationDependencies         : loaded 2 times (x 172B)
Class com.google.common.collect.AbstractIndexedListIterator                           : loaded 2 times (x 96B)
Class com.google.common.collect.ImmutableMapEntrySet                                  : loaded 2 times (x 152B)
Class org.gradle.api.internal.classpath.Module                                        : loaded 2 times (x 70B)
Class com.google.common.cache.Weigher                                                 : loaded 2 times (x 70B)
Class org.gradle.api.internal.classpath.UnknownModuleException                        : loaded 2 times (x 82B)
Class com.google.common.base.Stopwatch                                                : loaded 2 times (x 72B)
Class com.google.common.cache.LocalCache$Strength                                     : loaded 2 times (x 81B)
Class com.google.common.cache.Cache                                                   : loaded 2 times (x 70B)
Class com.google.common.util.concurrent.AbstractFuture$Cancellation                   : loaded 2 times (x 72B)
Class com.google.common.collect.ImmutableMap$Builder                                  : loaded 2 times (x 82B)
Class com.google.common.cache.RemovalListener                                         : loaded 2 times (x 70B)
Class ijKotlinCoroutineJvmDebugInit1_2cja38gmknon5j5d7rt9pbhgf$_run_closure1$_closure2: loaded 2 times (x 139B)
Class org.gradle.api.internal.DefaultClassPathRegistry                                : loaded 2 times (x 76B)
Class com.google.common.primitives.IntsMethodsForWeb                                  : loaded 2 times (x 71B)
Class com.google.common.collect.Multimap                                              : loaded 2 times (x 70B)
Class org.gradle.internal.classpath.DefaultClassPath$ImmutableUniqueList              : loaded 2 times (x 199B)
Class org.gradle.api.internal.ClassPathRegistry                                       : loaded 2 times (x 70B)
Class com.google.common.collect.ImmutableList$1                                       : loaded 2 times (x 97B)
Class com.google.common.base.ExtraObjectsMethodsForWeb                                : loaded 2 times (x 71B)
Class com.google.common.util.concurrent.ExecutionError                                : loaded 2 times (x 82B)
Class com.google.common.cache.CacheBuilder                                            : loaded 2 times (x 72B)
Class com.google.common.collect.SingletonImmutableList                                : loaded 2 times (x 207B)
Class Settings_gradle$1                                                               : loaded 2 times (x 74B)
Class org.gradle.internal.classpath.ClassPath                                         : loaded 2 times (x 70B)
Class com.google.common.base.JdkPattern                                               : loaded 2 times (x 75B)
Class com.google.common.collect.ImmutableList$ReverseImmutableList                    : loaded 2 times (x 209B)
Class org.objectweb.asm.SymbolTable$Entry                                             : loaded 2 times (x 74B)
Class org.gradle.api.internal.classpath.DefaultModuleRegistry$DefaultModuleAlias      : loaded 2 times (x 80B)
Class org.gradle.internal.Factory                                                     : loaded 2 times (x 70B)
Class org.objectweb.asm.Edge                                                          : loaded 2 times (x 72B)
Class com.google.common.base.Suppliers$SupplierOfInstance                             : loaded 2 times (x 79B)
Class com.google.common.collect.Iterators$1                                           : loaded 2 times (x 81B)
Class com.google.common.cache.LocalCache$ComputingValueReference                      : loaded 2 times (x 96B)
Class com.google.common.collect.SingletonImmutableSet                                 : loaded 2 times (x 146B)
Class com.google.common.collect.ImmutableMap$IteratorBasedImmutableMap                : loaded 2 times (x 126B)
Class com.google.common.collect.ImmutableEnumSet                                      : loaded 2 times (x 146B)
Class com.google.common.collect.AbstractListMultimap                                  : loaded 2 times (x 172B)
Class [Lorg.objectweb.asm.SymbolTable$Entry;                                          : loaded 2 times (x 69B)
Class com.google.common.cache.CacheLoader                                             : loaded 2 times (x 74B)
Class com.google.common.collect.Iterators$4                                           : loaded 2 times (x 82B)
Class com.google.common.collect.ImmutableBiMap                                        : loaded 2 times (x 143B)
Class org.gradle.api.internal.classpath.ModuleRegistry                                : loaded 2 times (x 70B)
Class org.gradle.internal.installation.GradleInstallation$1                           : loaded 2 times (x 75B)
Class com.google.common.collect.ImmutableSet$JdkBackedSetBuilderImpl                  : loaded 2 times (x 76B)
Class com.google.common.util.concurrent.internal.InternalFutureFailureAccess          : loaded 2 times (x 72B)
Class com.google.common.collect.Iterators$5                                           : loaded 2 times (x 82B)
Class Build_gradle$1$2$1                                                              : loaded 2 times (x 75B)
Class com.google.common.base.CharMatcher$ForPredicate                                 : loaded 2 times (x 112B)
Class com.google.common.cache.LocalCache$LocalManualCache$1                           : loaded 2 times (x 75B)
Class com.google.common.base.CharMatcher$AnyOf                                        : loaded 2 times (x 112B)
Class com.google.common.collect.ImmutableCollection                                   : loaded 2 times (x 125B)
Class org.gradle.api.internal.classpath.DefaultModuleRegistry                         : loaded 2 times (x 84B)
Class com.google.common.collect.Lists                                                 : loaded 2 times (x 71B)
Class com.google.common.util.concurrent.ListenableFuture                              : loaded 2 times (x 70B)
Class com.google.common.cache.ReferenceEntry                                          : loaded 2 times (x 70B)
Class com.google.common.base.Converter                                                : loaded 2 times (x 90B)
Class com.google.common.collect.ImmutableSet$CachingAsList                            : loaded 2 times (x 148B)
Class com.google.common.collect.AbstractMapBasedMultimap                              : loaded 2 times (x 139B)
Class com.google.common.util.concurrent.AbstractFuture                                : loaded 2 times (x 106B)
Class com.google.common.base.FunctionalEquivalence                                    : loaded 2 times (x 83B)
Class com.google.common.collect.Iterators$9                                           : loaded 2 times (x 81B)
Class com.google.common.collect.ImmutableAsList                                       : loaded 2 times (x 209B)
Class org.objectweb.asm.RecordComponentVisitor                                        : loaded 2 times (x 77B)
Class com.google.common.cache.CacheLoader$SupplierToCacheLoader                       : loaded 2 times (x 75B)
Class org.gradle.internal.service.ServiceLookupException                              : loaded 2 times (x 82B)
Class [Lcom.google.common.cache.LocalCache$EntryFactory;                              : loaded 2 times (x 69B)
Class ijKotlinCoroutineJvmDebugInit1_2cja38gmknon5j5d7rt9pbhgf                        : loaded 2 times (x 171B)
Class org.gradle.internal.classloader.ClassLoaderFactory                              : loaded 2 times (x 70B)
Class com.google.common.base.CommonPattern                                            : loaded 2 times (x 74B)
Class com.google.common.base.CharMatcher$IsNot                                        : loaded 2 times (x 111B)
Class com.google.common.cache.LocalCache$LocalManualCache                             : loaded 2 times (x 99B)
Class org.gradle.internal.service.CachingServiceLocator                               : loaded 2 times (x 82B)
Class com.google.common.collect.AbstractMapBasedMultimap$KeySet                       : loaded 2 times (x 137B)
Class com.google.common.math.IntMath                                                  : loaded 2 times (x 71B)
Class com.google.common.collect.ImmutableMapEntry                                     : loaded 2 times (x 85B)
Class com.google.common.base.Equivalence                                              : loaded 2 times (x 82B)
Class com.google.common.base.Function                                                 : loaded 2 times (x 70B)
Class com.google.common.collect.ImmutableMapEntry$NonTerminalImmutableMapEntry        : loaded 2 times (x 85B)
Class com.google.common.cache.CacheBuilder$OneWeigher                                 : loaded 2 times (x 82B)
Class com.google.common.collect.RegularImmutableList                                  : loaded 2 times (x 213B)
Class org.gradle.internal.classloader.ClassLoaderHierarchy                            : loaded 2 times (x 70B)
Class org.gradle.internal.classloader.ClasspathUtil                                   : loaded 2 times (x 71B)
Class com.google.common.util.concurrent.Uninterruptibles                              : loaded 2 times (x 71B)
Class com.google.common.util.concurrent.LazyLogger                                    : loaded 2 times (x 72B)
Class com.google.common.collect.Maps                                                  : loaded 2 times (x 71B)
Class org.gradle.api.specs.Spec                                                       : loaded 2 times (x 70B)
Class [Lcom.google.common.collect.ImmutableEntry;                                     : loaded 2 times (x 69B)
Class com.google.common.cache.LocalCache$LoadingValueReference                        : loaded 2 times (x 96B)
Class com.google.common.base.CharMatcher$IsEither                                     : loaded 2 times (x 111B)
Class com.google.common.base.Platform                                                 : loaded 2 times (x 71B)
Class org.gradle.internal.classloader.FilteringClassLoader                            : loaded 2 times (x 105B)
Class [Lorg.objectweb.asm.AnnotationWriter;                                           : loaded 2 times (x 69B)
Class com.google.common.collect.Maps$8                                                : loaded 2 times (x 82B)
Class com.google.common.collect.Sets$SetView                                          : loaded 2 times (x 138B)
Class com.google.common.cache.LocalCache$StrongValueReference                         : loaded 2 times (x 90B)
Class org.objectweb.asm.Type                                                          : loaded 2 times (x 72B)
Class org.gradle.internal.classloader.VisitableURLClassLoader$InstrumentingVisitableURLClassLoader: loaded 2 times (x 123B)
Class com.google.common.collect.RegularImmutableMap$KeySet                            : loaded 2 times (x 152B)
Class com.google.common.math.IntMath$1                                                : loaded 2 times (x 71B)
Class org.objectweb.asm.ByteVector                                                    : loaded 2 times (x 79B)
Class [Lcom.google.common.cache.CacheBuilder$NullListener;                            : loaded 2 times (x 69B)
Class org.gradle.internal.classloader.VisitableURLClassLoader$Spec                    : loaded 2 times (x 74B)
Class org.gradle.internal.classpath.DefaultClassPath                                  : loaded 2 times (x 90B)
Class org.gradle.kotlin.dsl.Accessors4peqkolg83a8rpss92bksm3rrKt                      : loaded 2 times (x 71B)
Class org.objectweb.asm.Symbol                                                        : loaded 2 times (x 73B)
Class com.google.common.base.CharMatcher$BitSetMatcher                                : loaded 2 times (x 112B)
Class com.google.common.collect.RegularImmutableMap$Values                            : loaded 2 times (x 207B)
Class com.google.common.collect.ImmutableSet                                          : loaded 2 times (x 145B)
Class org.gradle.internal.classloader.ClassLoaderSpec                                 : loaded 2 times (x 71B)
Class org.objectweb.asm.AnnotationWriter                                              : loaded 2 times (x 79B)
Class com.google.common.cache.CacheStats                                              : loaded 2 times (x 71B)
Class org.objectweb.asm.RecordComponentWriter                                         : loaded 2 times (x 78B)
Class com.google.common.util.concurrent.AbstractFuture$Listener                       : loaded 2 times (x 72B)
Class com.google.common.base.CharMatcher$Or                                           : loaded 2 times (x 112B)
Class Settings_gradle$1$1                                                             : loaded 2 times (x 74B)
Class org.gradle.api.internal.classpath.Module$ModuleAlias                            : loaded 2 times (x 70B)
Class org.objectweb.asm.Attribute                                                     : loaded 2 times (x 77B)
Class com.google.common.base.Supplier                                                 : loaded 2 times (x 70B)
Class org.gradle.internal.classloader.VisitableURLClassLoader                         : loaded 2 times (x 117B)
Class Settings_gradle                                                                 : loaded 2 times (x 124B)
Class ijKotlinCoroutineJvmDebugInit1_2cja38gmknon5j5d7rt9pbhgf$_run_closure1          : loaded 2 times (x 139B)
Class org.gradle.internal.Cast                                                        : loaded 2 times (x 71B)
Class org.gradle.api.Action                                                           : loaded 2 times (x 70B)
Class com.google.common.base.Strings                                                  : loaded 2 times (x 71B)
Class com.google.common.collect.Sets                                                  : loaded 2 times (x 71B)
Class org.objectweb.asm.Handler                                                       : loaded 2 times (x 72B)
Class com.google.common.base.CharMatcher$FastMatcher                                  : loaded 2 times (x 111B)
Class com.google.common.base.Ticker                                                   : loaded 2 times (x 72B)
Class [Lcom.google.common.cache.LocalCache$Segment;                                   : loaded 2 times (x 69B)
Class com.google.common.base.Predicate                                                : loaded 2 times (x 70B)
Class [Lcom.google.common.cache.LocalCache$Strength;                                  : loaded 2 times (x 69B)
Class com.google.common.cache.CacheBuilder$1                                          : loaded 2 times (x 85B)
Class com.google.common.collect.ImmutableMap                                          : loaded 2 times (x 120B)
Class org.gradle.internal.classpath.DefaultClassPath$ImmutableUniqueList$Builder      : loaded 2 times (x 75B)
Class com.google.common.base.CharMatcher$NegatedFastMatcher                           : loaded 2 times (x 113B)
Class com.google.common.cache.LocalCache                                              : loaded 2 times (x 187B)
Class com.google.common.cache.CacheBuilder$2                                          : loaded 2 times (x 79B)
Class com.google.common.collect.ArrayListMultimap                                     : loaded 2 times (x 172B)
Class com.google.common.cache.CacheBuilder$3                                          : loaded 2 times (x 72B)
Class [Lcom.google.common.collect.AbstractMapEntry;                                   : loaded 2 times (x 69B)
Class com.google.common.collect.ImmutableEntry                                        : loaded 2 times (x 82B)
Class org.gradle.api.GradleException                                                  : loaded 2 times (x 82B)
Class com.google.common.collect.CollectPreconditions                                  : loaded 2 times (x 71B)
Class com.google.common.collect.SortedMapDifference                                   : loaded 2 times (x 70B)
Class com.google.common.cache.LocalCache$EntryFactory                                 : loaded 2 times (x 83B)
Class com.google.common.cache.LocalCache$AbstractReferenceEntry                       : loaded 2 times (x 107B)
Class org.gradle.internal.IoActions                                                   : loaded 2 times (x 71B)
Class org.objectweb.asm.SymbolTable                                                   : loaded 2 times (x 72B)
Class com.google.common.cache.CacheLoader$InvalidCacheLoadException                   : loaded 2 times (x 82B)
Class com.google.common.collect.ImmutableSet$RegularSetBuilderImpl                    : loaded 2 times (x 77B)
Class com.google.common.cache.LocalCache$StrongEntry                                  : loaded 2 times (x 108B)
Class com.google.common.util.concurrent.AbstractFuture$TrustedFuture                  : loaded 2 times (x 114B)
Class com.google.common.cache.LoadingCache                                            : loaded 2 times (x 70B)
Class com.google.common.base.PairwiseEquivalence                                      : loaded 2 times (x 83B)
Class com.google.common.cache.LocalCache$Segment                                      : loaded 2 times (x 154B)
Class org.objectweb.asm.MethodWriter                                                  : loaded 2 times (x 106B)
Class [Lcom.google.common.cache.Weigher;                                              : loaded 2 times (x 69B)
Class com.google.common.collect.RegularImmutableMap$BucketOverflowException           : loaded 2 times (x 82B)
Class com.google.common.base.CharMatcher$Negated                                      : loaded 2 times (x 113B)
Class com.google.common.base.CharMatcher$Is                                           : loaded 2 times (x 111B)
Class com.google.common.cache.LocalCache$ValueReference                               : loaded 2 times (x 70B)
Class com.google.common.collect.RegularImmutableBiMap                                 : loaded 2 times (x 149B)
Class com.google.common.base.PatternCompiler                                          : loaded 2 times (x 70B)
Class com.google.common.util.concurrent.AbstractFuture$Failure                        : loaded 2 times (x 72B)
Class com.google.common.base.Equivalence$Equals                                       : loaded 2 times (x 82B)
Class com.google.common.collect.Hashing                                               : loaded 2 times (x 71B)
Class com.google.common.base.Preconditions                                            : loaded 2 times (x 71B)
Class ijJvmDebugger1_csvbp2a0xux5acdj4knzuy42k$_run_closure1                          : loaded 2 times (x 139B)
Class com.google.common.base.Joiner$1                                                 : loaded 2 times (x 80B)
Class org.objectweb.asm.Label                                                         : loaded 2 times (x 73B)
Class org.objectweb.asm.CurrentFrame                                                  : loaded 2 times (x 73B)
Class org.objectweb.asm.ClassTooLargeException                                        : loaded 2 times (x 83B)
Class com.google.common.base.CharMatcher                                              : loaded 2 times (x 111B)
Class com.google.common.collect.PeekingIterator                                       : loaded 2 times (x 70B)
Class org.gradle.kotlin.dsl.Accessors7cddnu26duc8nxp06w1clhaoeKt                      : loaded 2 times (x 71B)
Class com.google.common.base.Joiner$2                                                 : loaded 2 times (x 79B)
Class org.objectweb.asm.Frame                                                         : loaded 2 times (x 73B)
Class org.objectweb.asm.MethodVisitor                                                 : loaded 2 times (x 105B)
Class com.google.common.base.CharMatcher$1                                            : loaded 2 times (x 113B)
Class com.google.common.base.CharMatcher$NamedFastMatcher                             : loaded 2 times (x 112B)
Class com.google.common.cache.LocalCache$EntryFactory$1                               : loaded 2 times (x 83B)
Class [Lcom.google.common.cache.RemovalListener;                                      : loaded 2 times (x 69B)
Class com.google.common.cache.LocalCache$EntryFactory$2                               : loaded 2 times (x 83B)
Class org.objectweb.asm.ModuleWriter                                                  : loaded 2 times (x 82B)
Class com.google.common.cache.LocalCache$EntryFactory$3                               : loaded 2 times (x 83B)
Class com.google.common.base.Ticker$1                                                 : loaded 2 times (x 72B)
Class com.google.common.collect.Maps$BiMapConverter                                   : loaded 2 times (x 90B)
Class com.google.common.collect.ImmutableMapEntrySet$RegularEntrySet                  : loaded 2 times (x 152B)
Class com.google.common.collect.ImmutableSet$Builder                                  : loaded 2 times (x 85B)
Class com.google.common.base.CharMatcher$InRange                                      : loaded 2 times (x 111B)
Class com.google.common.cache.LocalCache$EntryFactory$4                               : loaded 2 times (x 83B)
Class com.google.common.cache.LocalCache$EntryFactory$5                               : loaded 2 times (x 83B)
Class ijJvmDebugger1_csvbp2a0xux5acdj4knzuy42k$_run_closure1$_closure2                : loaded 2 times (x 140B)
Class com.google.common.base.Equivalence$Identity                                     : loaded 2 times (x 82B)
Class com.google.common.cache.LocalCache$EntryFactory$6                               : loaded 2 times (x 83B)
Class org.gradle.internal.installation.CurrentGradleInstallationLocator               : loaded 2 times (x 71B)
Class com.google.common.collect.Maps$KeySet                                           : loaded 2 times (x 137B)
Class com.google.common.collect.ImmutableSet$EmptySetBuilderImpl                      : loaded 2 times (x 76B)
Class com.google.common.cache.LocalCache$EntryFactory$7                               : loaded 2 times (x 83B)
Class com.google.common.collect.ImmutableList                                         : loaded 2 times (x 206B)
Class org.gradle.internal.service.DefaultServiceLocator                               : loaded 2 times (x 83B)
Class com.google.common.cache.LocalCache$EntryFactory$8                               : loaded 2 times (x 83B)
Class com.google.common.collect.ImmutableSet$SetBuilderImpl                           : loaded 2 times (x 76B)
Class org.gradle.internal.installation.CurrentGradleInstallation                      : loaded 2 times (x 73B)
Class com.google.common.cache.CacheLoader$1                                           : loaded 2 times (x 75B)
Class com.google.common.collect.ImmutableList$SubList                                 : loaded 2 times (x 209B)
Class org.gradle.util.internal.GUtil                                                  : loaded 2 times (x 71B)
Class com.google.common.cache.AbstractCache$StatsCounter                              : loaded 2 times (x 70B)
Class ijJvmDebugger1_csvbp2a0xux5acdj4knzuy42k                                        : loaded 2 times (x 171B)
Class com.google.common.collect.Iterators$MergingIterator                             : loaded 2 times (x 81B)
Class com.google.common.collect.RegularImmutableSet                                   : loaded 2 times (x 149B)
Class org.gradle.internal.installation.GradleInstallation                             : loaded 2 times (x 75B)
Class com.google.common.collect.Iterables                                             : loaded 2 times (x 71B)

---------------  S Y S T E M  ---------------

OS:
 Windows 11 , 64 bit Build 26100 (10.0.26100.8875)
OS uptime: 0 days 22:48 hours
Hyper-V role detected

CPU: total 32 (initial active 32) (32 cores per cpu, 2 threads per core) family 26 model 68 stepping 0 microcode 0xb404034, cx8, cmov, fxsr, ht, mmx, 3dnowpref, sse, sse2, sse3, ssse3, sse4a, sse4.1, sse4.2, popcnt, lzcnt, tsc, tscinvbit, avx, avx2, aes, erms, clmul, bmi1, bmi2, adx, avx512f, avx512dq, avx512cd, avx512bw, avx512vl, sha, fma, vzeroupper, avx512_vpopcntdq, avx512_vpclmulqdq, avx512_vaes, avx512_vnni, clflush, clflushopt, avx512_vbmi2, avx512_vbmi, hv, rdtscp, rdpid, fsrm, gfni, avx512_bitalg, f16c, cet_ss, avx512_ifma
Processor Information for the first 32 processors :
  Max Mhz: 4300, Current Mhz: 4300, Mhz Limit: 4300

Memory: 4k page, system-wide physical 31898M (11534M free)
TotalPageFile size 35354M (AvailPageFile size 9795M)
current process WorkingSet (physical memory assigned to process): 625M, peak: 625M
current process commit charge ("private bytes"): 692M, peak: 797M

vm_info: OpenJDK 64-Bit Server VM (21.0.10+1-b1163.108) for windows-amd64 JRE (21.0.10+1-b1163.108), built on 2026-02-06 by "builduser" with MS VC++ 16.10 / 16.11 (VS2019)

END.
